id,decision_score
59218,0.7812371
37110,1.9062194
23200,-0.6322639
e3357348-166e-4847-a06d-158b7cd83aa5,1.6459758
61615,-0.9632573
34573,0.61747277
45523,1.8702613
66270,1.7616618
30996,1.7654045
cb20b1df-7f3b-4592-94cd-92bedb3f6603,-0.8605032
e835cca5-f680-4a90-8351-8f10b208f9e2,-1.9973707
138772c1-6135-4bba-8ca0-bd9918bc6083,2.4198122
42517,0.85588163
8747d182-c9b7-499a-9ebf-7174e42d91c3,0.7400457
4dd21448-b1f4-421c-9690-4c4737304762,0.80964077
24966,2.0438766
74454,0.85028416
580a8d5c-1bf0-4724-83df-a306421c23d9,2.172387
40035,-0.9308729
24147,0.56640244
6563,0.6524959
48161,0.17944261
52412,1.009099
8c52f442-0488-42a1-865e-247ceb5cf186,-1.7789693
63658,0.49573684
28859,1.5066137
42172,0.78906536
74039,2.256493
40963,-1.7891021
f855b84e-b174-432a-8910-149a0d193377,0.7284678
49797,2.57193
204b69c6-0bb4-4e05-82bf-e331bb2feaa0,-0.7572999
2965,0.90518755
30192,0.044092238
21920,-0.20653415
6318913c-7efd-4e93-8741-e413aaad0f70,-1.1906133
45768,-0.77659106
37615,0.8805241
a3b96601-cbf7-43af-a64a-6ea8effa8574,2.224823
12044834-3c22-4b33-8116-c7741c51100f,1.209324
51231,-0.02341634
15538,0.3894051
35787,-1.6825893
67896,-0.5194082
d0cd56ec-8363-492c-a6dd-786c5ac2e4f4,0.39527196
cd41aed0-3c2d-49fe-8a9a-1c57e094e3c2,1.6431506
9896,-0.79901266
51595,1.8178573
3386,1.9730561
545,-0.5046915
51739,2.1820312
57128,1.2819338
13566,0.04721567
65878,2.152295
4586,-0.08502251
36255,0.5352262
63438,0.4005952
34520,0.68949604
38015,0.8041862
15585,0.8005426
40530,0.8695395
03c8ff62-338f-4364-9d45-7279d55d1e3c,2.1561673
51608,1.7956526
16405,1.4229966
fc32e6ba-28b4-4904-bc55-1840dd7a87db,0.73973143
18586,0.46890312
16679,0.23762664
55338,1.1682329
26021,0.7249758
11338,0.967084
35577,0.7981272
63851,2.2971067
56566,2.3067713
5e238bb9-ef3d-4c9c-b019-7fec8ca35506,-0.62915635
42080,0.41726077
9d62f834-731d-496b-a8cc-535c86dfa286,1.1163093
26985,2.2198062
f6509d46-e0b6-4dc6-b994-65ac5cc6f8b1,0.72871375
7149,1.1007187
49542,0.7198938
f25f06ee-f153-4e89-9e61-9138cdd18921,0.51389045
9485,-0.52027506
18831,-0.063076645
60387,1.509551
39417,1.325125
41409,0.48725778
0aea2b44-5328-4c73-80fd-1939c37341eb,0.27909133
2442,1.8985718
36244,0.14690879
7422,0.24002373
90dc1b02-0d16-416c-8290-09d2d977a3be,1.3569788
18279,1.0926025
49373,0.19956325
9dc6743f-ba20-4f4c-b91b-75f0112b4256,3.8555057
60314,2.4012735
263867b8-aa6d-415b-809d-8524d58c9ef6,-0.69903386
bc0f1f7a-c833-43a4-9bc9-b5c1ff18f625,-0.42093426
5906,0.855451
27752,-0.09222332
64076,-0.49546528
63709,-0.51593643
65789,1.0717876
804,-0.12177694
43d89283-41f9-4b86-acbb-8b9503975815,-0.54192823
11623,0.09181821
43201,-1.0030167
6289,-0.04257846
27561,2.3081594
1d97c428-b471-42ca-af5e-df15155eae1f,0.5617444
22919,1.6487024
62664,2.4046903
0368b763-1d93-47c8-be0a-a1f9e4cffc2a,1.0391369
911dd065-c810-4129-85b9-414f40c116b3,-0.25936025
d746af53-a96a-4896-91dc-3827f841bff4,-0.8983042
40008,0.5923869
bf1f2bb5-dff7-4135-9f84-7c65010c8e52,-0.21221381
23836,-0.9177294
2e83ca20-03ae-4655-b70d-dff5a720077e,0.15200591
f87239dc-733e-414f-a7f3-e27df2a7ed59,-0.15562189
21958,0.73837423
16918,-0.17863888
06d39651-8d29-481c-a2ab-5b125fc8028d,0.6983893
92662d47-5a4e-4866-b92f-cfd912559d61,1.7865354
2286,-0.28185582
38199,1.2142951
21731,1.7851642
f1af566a-be9a-403a-808f-acd916332f91,2.4890993
aba3603d-1850-4fc5-8150-1dcb572a4171,0.9006341
41906,-0.69495916
261a6f53-ca3d-41d3-8a14-91856f91f27c,1.3624871
46901d4a-c75b-4d16-b4c5-4e59d42ec621,1.2775648
44187,-1.1242958
25550,-0.20402122
47459,2.4568665
72685,-1.7464762
39c73991-9f25-4d07-85ea-9349c706235d,1.8065767
51694,1.9185274
14252,1.3905551
17068,-0.46463227
35682,1.3069896
f4b108b6-6515-468f-9c74-6f146912524e,0.72356653
5930,1.4754367
fb72a46f-6cec-4c26-8d11-fbe573b99eed,2.5116613
73818,-0.9650854
45674,1.2568145
38280253-d4ac-4ac0-a57a-6bd2904bf174,-2.2826252
41439,-0.46860206
63236,1.8524668
23894,0.43281716
f7caf337-ca4d-4fdf-9821-3612ddce934f,0.20096117
4297,0.7377411
d8b31e6b-0496-4796-a3b5-a621f7189f67,-0.45018548
7314,2.3365695
62e33937-e5de-4d5b-b225-86246e96eda1,-1.4322338
21280,0.09658113
66338,-0.1720624
6721,1.1900862
da840c87-e569-4ce4-9af7-aa73ce5e5a4f,-1.2641976
46827ca3-b2f1-48ec-8ca3-9e49f5271964,0.5273614
0d132844-ae01-4ecc-9ced-1e25ecd4936f,0.9329374
56200,0.44863665
70547,0.30302072
28757,0.94010043
44040,1.2217305
68172,-1.3322537
28848,1.8786863
39879,1.2572775
46805,0.9589592
54455,1.3502743
60480,-1.7162073
cd54338f-fc99-48c1-900d-e4d0023aa4b7,1.0831946
61230,0.16506854
468,-0.81730676
55276,0.26604015
49763,2.4937325
5f104f48-4eab-4097-b8db-1e85fc7f6c93,-0.5116962
2623,0.7969005
63235,-0.27431428
62986,-1.7801485
828e3e3d-2163-49ac-bac2-e09755ba393f,-1.6575928
e22a4873-a244-440a-9601-28f89180c2da,3.2559826
13631ea8-a838-42c9-9de6-944fa116b11d,-0.745772
27525,-0.69177234
8301,0.15599126
41825,1.1061167
67050,0.031584382
37862,2.7753212
4ecd6578-f281-4e1e-a8fb-2bb965336183,1.730541
57881,-0.97920215
8565,0.47185498
0cbe2eb1-2e0d-4edc-8697-3b468099d3a7,1.1839617
49288,0.48613662
33821,-0.0010570586
68856,3.0004122
62de3b68-726b-4cc5-bd50-41e444fa3cf4,-0.6242986
57036,-0.6271758
e39b3a7f-b4db-4973-b8e7-c040e5f4240f,1.0307877
8b5dda5d-54f9-44f6-a034-d14feca81c85,-0.07952076
41483,0.93265367
25052,-0.52377933
44557,0.117818624
0652bfa6-c85e-46de-a9c8-a13a82516121,1.6785161
72109,0.77626497
51176,1.3389794
22381,1.7023091
62547,-0.8908541
afd96d0f-0919-43d0-98ec-251c300eefe5,0.8015063
8cf275b4-a63a-4742-b9a6-54f3c61a62a5,1.1445254
60370,0.32844627
29677,0.9386816
28748,1.1074111
64168,0.25750655
55315,0.1918233
43357,0.5176622
1f64e62f-eb1a-4bda-bd3e-f8b57dbf13d9,1.7027252
cda9f90f-4015-4bd4-8168-415831f251b3,-0.93103004
4852,3.324474
69094,2.1381664
9fa04840-604f-4143-8c70-c8332ba3de83,-0.26767445
47851,-1.1412536
17617,0.08335322
13709,0.8021209
5191,0.74396384
22546,-0.18819684
4b5efc3a-7e5e-4881-aa68-e1e4a2aa0c5a,-0.25639492
7aebdbf8-7ae1-449e-a83e-18c4f0a15b0d,-1.923037
47342,-1.4172406
12550,0.06139475
471a395c-fb4f-47e9-937c-4d55322fb01f,3.3647704
1570,-0.5165762
73ac83fd-4889-446a-ba42-05ae79b42bc5,-0.46906638
55967,-0.21182132
3117,0.39951932
18918,1.6754847
44037,2.576096
13930,-0.48939312
38040,2.6594386
b75a3e87-8e80-4eb4-9594-6f6a261aee30,-0.37983763
a7b688e7-66e4-4246-9720-d53f101d6c05,4.915259
24068,2.9714131
65083,1.9055781
29392,1.2554462
56555,0.9365246
56363,-0.06485659
11656,1.339828
39700,1.0093305
49138,0.6393548
61579,0.089989185
9f744c35-8584-4fe4-89a4-74397cd49398,-0.7898419
66807,1.9933817
15505,1.9687164
15456,0.08372992
17473,-0.23386925
bf5ede59-012c-4dce-9a30-15fe8cefbdfd,0.9171063
45438,1.3316679
37491,1.2076743
22583,-0.77459025
8160c8b4-dbfe-49ba-a88f-f247ccc49323,0.4227726
42565,-0.25917643
611aeb86-5347-43ec-853e-9c7221f49fc4,1.7455533
3637,3.258583
7f75e73e-25bc-4e2e-bc88-ea8c2119bdb4,3.5569696
1432,-0.8654034
d6e3e309-ae43-4a1b-9933-9fd577e705a0,-0.1642217
461033cf-8fdd-4e4a-a324-74abfc40eb55,-1.6422136
55497,0.5329117
42678,0.7608519
26334,0.10688618
9761f883-89bc-4c4a-ba63-c41e57bd11ca,0.5301229
18145,0.6401099
33473,1.7563068
7562,0.88926905
11205,0.32810536
54576,0.84391737
22131,0.82134426
66472,2.3943212
46403,-1.1109244
57249,-0.6501974
53771,2.5987334
69381,0.7032404
158e4891-e17c-4582-ad67-87d9b2addbe0,0.0953289
9388,-0.27769226
c692b65f-b2af-4270-8caf-590f2084b3a8,-1.7914362
48304,0.056847453
3169,-0.33682698
39336,-0.48155248
58855,0.968681
45535,2.8062623
51832,0.14851597
7bf6a9f7-67a4-4f33-9260-7852fe724a76,3.8964396
48061,-0.13340509
514d02a2-7608-4fde-9fda-fd63ebf32341,0.622663
68498,-0.3931123
23027,1.4598293
4f95a13c-7cd5-4cfb-9766-cd4f623cd562,4.7652726
ac92caff-0ce5-4131-9fef-36f715bd5a2f,0.32234314
41368,1.9774456
1aa25c4d-550e-47d2-bca8-195ff8248cf5,0.7634528
65871,1.162246
50678,-0.051671714
44933,0.7014606
701eac86-8ddf-495d-883e-8f7725f0c896,2.6879451
71601,-0.3377056
40859,0.9934243
15410,0.84951687
8571,-0.5680057
d8c699e4-5d73-46ff-a15e-ba12d5657761,1.1165293
04d383bf-f56e-414e-8e08-198b1b2d016e,1.300386
33236,-1.4117644
38037,0.31056452
23410,0.16237934
575283f5-2c16-41e7-bb1d-5aa3f119a9bc,-0.9239204
87641140-4b5f-49d7-b05c-6567ad4a01cd,-0.18947369
2888,-2.6788864
12475,1.9021134
59699,2.1292965
1664,-1.3657708
15717,1.244837
16943,2.184987
8019,-0.6277561
33712,0.4512514
b79ca9ee-7375-4b9b-ba3b-33efb6028555,-1.607743
33084,1.1920257
18cf5f5c-7c7e-4911-9b6c-9549ac517782,-1.6151133
bd474b3d-749d-441a-9ff3-80f7647dab66,0.7951615
25734,0.5347197
6196,0.8689724
47291,0.8624058
68375,0.29613304
52794,0.34139574
47650,2.3984642
9c2f07d8-f2bc-4e1a-af87-9fda0aedd87d,1.5039246
980063e3-7121-442c-9bf9-2ecd02812a0d,1.558989
45920,-0.75076115
38916,1.1979665
2485,0.42381895
22955,2.8500981
27195,-0.55051833
aee78ec9-88a9-424c-b89b-246949735d5a,3.7750902
1de54663-3ac1-4c49-8245-c8ef0a129fed,1.9871111
353add83-16a4-45bb-af0f-e92def7d4185,0.024159968
35188,2.0549836
73aa66a3-f51c-437b-81a6-6db9542755e6,1.1835519
33204,-0.2818849
29922,2.4063115
51b9e91a-67a7-4822-8b9e-d1c8be0b4e3d,-1.2276709
3744,-0.5610947
63569,2.3539848
19821,2.7278957
c1344733-7363-4dca-8148-2814267cd05a,0.68422395
31178,1.5909686
44089,1.0499611
13946,2.15377
1062,-0.15128982
4010,0.06215775
25508,0.9131882
74245,2.5162418
13372,1.0984746
24206,-0.15913546
24383,-0.37701362
f82825cd-8284-4d36-af64-d13e0d2ab3d4,-0.2808116
34445,0.15846238
31119,1.3251537
85c91d8f-bd27-409d-b04e-0e7bb3f8a899,0.22845691
3c1587b8-5af0-4b03-9a4b-cffc12dd3ad7,0.5720185
4801ac53-7e65-477c-90bd-24ece2800264,2.5550976
31063,1.5710318
29385,-0.7723756
52581,0.75245106
416466f7-307e-4363-98d8-ec7e63cd5c44,1.1657449
38520,0.22681981
72738,-0.14878845
94fdd0a1-fc6f-4ac1-92cf-7db78c724749,-0.049292266
3327,0.82909817
70929,0.3106645
36983,2.1439438
67497,1.7271357
21127,-1.0734854
53273,1.1305132
8119,-0.8090017
bdd85dc6-3f14-4e32-95b2-e687997d54d5,1.336803
922bcc0d-baee-4f92-bee6-e4478263ec5d,-1.1863773
36697,2.516482
27968,1.4047737
24777,0.084101796
0696a416-97d8-43eb-99aa-3795926d0466,-1.8132994
25477,-0.41056103
10968,-0.087910295
1106,2.6350074
32277,3.0157416
57800f76-d28a-4548-a615-9d6deb942d1a,1.3809147
3b17b61f-2e0a-4076-98be-a135fdaa2b00,-1.6220298
e9a8a586-db55-496b-8476-c70ab19d3234,-0.108035326
14598,1.3668829
107ee425-a2b8-4c09-b519-4266b15f7426,-2.0981512
98c02877-63a6-4977-ac4a-5a2c34396b1a,2.1659596
64808,-0.214867
64121,1.9378731
46201,0.5772687
66635,1.1869621
55762,1.1893954
091cf793-e1fe-4d30-81b4-3775be3ae169,-1.7563758
73457,0.120397806
37654,0.59582037
53163,0.52453613
35732,1.6969075
ab4ea9bb-5813-4e8c-a782-45336e617a21,-0.8539815
59673,-1.2326283
26881,0.97407305
72445,1.6123583
935ea93e-2131-4df4-81d9-aec88dda6b97,0.77622616
16765,1.1883498
cf0ba765-05d6-4a87-96a5-f51768839b4b,-0.9064765
40174,-0.16338825
4ccea6c6-d84e-457e-b1a3-d5d70db6ff88,0.19879006
60635,2.7256236
1018,0.8778752
a4a1678d-657a-40ad-8258-7b367074cd38,1.6042981
29453,-0.34921998
788,0.88288844
fea6aa52-2bec-4d5e-a938-f90f37453983,1.8767781
32885,-0.14845747
62238,1.7397139
56789,2.0866878
71228db8-023f-4d1a-bb84-ccebe8a2be57,-0.08816922
34490,0.383771
52937,-0.71337676
3655,-1.6919699
439d588a-525c-4350-8de3-685dd214887e,1.3386073
52836,2.2470112
66928,1.3130667
44627,-2.0460348
23757,0.5986509
bd47cacf-6dbb-4bdd-8ba4-27b0734736f6,-0.69825554
427e1293-e6ba-4ee6-952e-d9f72e0ce040,-2.06716
57336,2.0122643
8679,1.1305506
41674,0.6356898
73365,0.13466978
32468,2.044911
b4e77e1f-9c6b-486c-b55d-09317ea4c24d,0.8230659
63954,1.3346786
12607,-0.13135117
6e0cb933-5c90-4404-b7e5-f0e3778262ea,-0.77517164
cea3136f-bec3-4d22-ba13-b0952603fc7e,-0.38986087
10588,0.43294227
58987,0.57997733
13820,2.414484
48680,-0.66649663
13348,0.8302418
d14b50b3-a9d2-4ecd-a3b9-d07eab412b2c,0.12215686
259074d9-a548-4a98-8436-f2c45a85241a,-1.3609134
19121,-0.18060583
5e35287f-49bc-4d7b-a299-9bf7e8267b77,0.07222548
54732,-0.9382081
39602,-0.08094302
1086,3.1356053
2860,-0.5040617
32581,2.0009143
67541b80-639f-49ec-906f-0ccafa3e87b4,0.7590569
191add95-036d-47cb-ac8a-f3bee7102ae9,1.2669411
2294,2.5714514
d8def154-d940-467a-ac08-bfee761b9b05,-0.9875649
fc4375fe-f581-491f-a913-a2150920446d,-0.4227935
31702,-0.68338335
af8837c4-9f3a-40d0-afda-3f8ed6ce78e4,1.2443597
48571,-1.3281746
59167,2.4231353
11429,-0.9608221
67753,1.4716551
67911,-0.6284182
0370c570-c5b0-4619-813a-b6c3ff932a28,1.5714749
310fbfa2-fdef-43cb-98c9-2f57e43621a1,-0.24561399
51183,1.4519506
33430,0.265922
10397,0.45835394
623a8689-908f-4f01-814b-7ae32f13dafd,1.0995805
782b5bf3-bca5-4404-9e5c-b3b1fd294fda,-0.49697465
32870,0.42166263
46449,0.5891068
67104,2.321464
19208,-0.2804883
6071bc73-6eb7-40cd-8a6b-ec5f54ff0d3e,-0.7256421
bda5b04a-eb41-4245-afeb-9e3af7c921db,-0.087085664
60184,-1.5612895
38275,1.2772925
46374,-0.53851974
14539,-0.5449879
acc14519-27f4-40b9-a772-7c75a1bd4d8b,0.24599296
14842,0.6575867
4882,1.5389374
74205,-0.20589674
54465,1.7994891
35483,0.23106784
55304,0.20640919
14592,-0.19889355
53957,0.15004578
45103,-0.9101199
49540,0.08105719
402,0.9396548
27376,-0.045976847
37724,-0.44264126
6fc8b01a-4269-4b7b-a4e0-e446b15954f1,0.31616998
03e8684d-ab55-4518-8af5-dcbe814b32c3,-0.19051337
41502,2.7907069
52846,0.29712412
36154,1.5124683
19923,-1.2508445
ce6e056f-1aee-4223-a117-daa9ac2795a4,0.3868267
41840,0.14325744
13559,2.9504108
3794152d-f356-4110-be7e-21de4fe4281f,1.9271584
26735,-0.19112766
aaab8aa0-abb1-4496-b377-de3c85e86607,0.46463165
16878,-0.19064265
67745,0.020567179
19741,-0.43065107
41039,0.9657395
6328,-0.64966345
17392,0.26212192
008f0430-f915-461b-9171-a38ed2d9c1d7,0.98958933
72054,0.27586377
8090,-0.5863861
454a5290-9c98-48da-9825-df8e67839088,0.3269414
39135,-0.39542538
cf48fea2-5dfa-4546-8e40-c7ee17781680,-0.10748923
31673,0.92342365
46563,0.16564977
48988,-0.5603808
34345,-0.8709271
13870,0.27096793
73925,2.0241356
28252,2.059579
df797bed-c36b-424c-a85b-50c634288462,-0.9443196
73745,2.1685119
f7a663ea-5151-46ef-9424-a7fdbef0b8f5,-0.17484742
e4936c57-e1a9-4231-a786-043a90251080,1.0138706
49407,2.3431022
7370,2.4144006
13758,-0.66157997
30091,-0.078012764
63711,-0.43574893
43445,0.87767744
72802,-0.2201721
bebd6df9-4616-443f-8c39-6277a6917181,-1.1318829
8b083a9b-a5a3-4ff8-a8e7-adb0cca3c07e,0.043763906
58155,-0.6291969
03ccae6f-e672-4276-9c8c-7d46923b99f9,-1.040261
43295,1.9464041
69337,-1.0081639
28572,0.30892402
34887,0.28090763
99707a2d-e880-49de-a153-e6adf35a57ca,-1.3095102
25404,2.702041
53918,0.23455203
192f13cf-9dc6-4777-8809-601e5a6e5758,0.13678157
25038,0.012180537
51124,1.9028132
1a0ff9ee-3912-4def-9749-1d30595bbd7c,2.3650331
22540,0.43361402
73790,1.8013818
c60c1607-59aa-4844-8336-437119ac4c7a,1.9120667
25530,1.6574476
16387,1.2655327
62597,0.9503268
60688,1.159179
50653,-0.4330759
23018,0.19491893
56082,-0.030009389
1ebf7dae-c013-431a-a65d-59fd241fb4f7,-0.27712762
72038,0.5057819
e30509bb-0080-47e8-b2da-1a0f12787156,-2.2085605
9ee2cef7-cc54-4fd3-9a04-8fd01f8ebc5e,1.3831699
33b4dc2d-2c34-409e-bc43-ff86c7ecd49d,-1.2884305
51366,0.79715395
11063,0.8441274
20543,2.5620487
73158,2.9537141
6c2cccb8-ce83-41e0-92f6-bc6fcbe0ad99,-1.1378237
65885,-0.008276224
b88c18b5-2cb1-43e7-825c-5180ac866b06,-0.46956468
8ec20fb6-7ad9-4c5b-9b16-13c24fd6ee06,1.4307785
46411,2.3931646
14125,0.479145
5119,0.75154054
5680,0.5761168
16222,0.04775554
7f879180-c728-4269-bca8-b652543ab97a,0.64340454
55223,0.44141132
a8bd21dc-ba62-41cb-a5c2-d644b844059d,-0.13221264
30808,1.8637033
51375,1.9854922
64770,0.39390516
61553,2.6335855
1339,0.8612113
15517,-0.74040425
9688,0.24661839
9644,-1.5622663
73506,0.62090623
37085,-0.22780412
15806,1.1837959
59821,2.0555043
36229,-0.41811192
17c67d22-261d-441f-83e0-62386d8e3fff,-1.2591707
40564,-0.5142395
31472,1.8011243
63645,0.5979655
74119,-2.369918
13794,2.7318146
60723,-0.22976643
69008,1.8402156
61347,0.8014225
69720,-0.2395848
54880,1.7698941
60b74d7a-248d-4503-b91d-2bc5505c5093,-2.9200451
42403,0.45656303
19650,1.2567099
53558,1.6276504
c93515be-1a7f-4ba2-98eb-368a6cb83872,0.47909966
25637,1.6908089
7368,0.1746666
7133,0.6069258
8fd01384-e9d9-46b7-8258-2356bee576e2,-1.7858531
c9b3559a-29ef-4a2f-8eec-32973352b4de,-0.17628765
62522,1.6801622
10500,2.6752477
65797,-0.13867265
42510,-0.27785587
64535,-0.11380142
8ef0f2cc-e15d-41fc-8c2e-3c68b9b55921,2.356423
26604,0.15281457
34152,0.41360968
74529,-0.30583346
18304,0.6564652
72250,1.2193967
42408,-0.5948509
74361,1.467724
9484,0.9559181
10769,1.855542
11892,-0.23031116
145,0.0010068417
40562,2.3235707
8022,1.1433716
40696,0.1557822
58273,0.75840676
348d9ba1-4268-426f-8102-bde47d1bdbc4,1.7265106
516,-0.7869086
aee876e9-6f82-4ac7-b399-3ec155e5cb5f,0.7014247
11746,1.0156167
c69bdf2f-948b-4fde-8185-07e522a46b2d,-0.20349288
30504,2.8092504
74743,-0.32438987
7619,0.14036947
23273,1.4060415
41716751-8aec-4cd7-a5e3-accc0a8897b8,-0.7641207
20612,1.8271047
7d3194da-60a0-4ee8-a291-75e64671b228,-1.096431
e93d4268-7d61-402d-8871-9a89b01174df,-0.51351595
55381,-0.42923248
42869,2.0445483
73284,1.2546474
43804,-0.8956413
25347,2.4341664
49566,1.3585819
b3bdbe30-3d71-4ea9-91e1-f29a70a0fabc,-2.0025306
d23d5af8-0de0-4e95-9649-559012b8d27d,-0.2565499
3430,2.8233347
63644,0.18374282
00659e89-c6ce-48ff-8f6a-ad7c1fb9daaf,-1.2982606
57fc792e-7e22-475d-af0d-4966d4ced4f9,0.0954791
472ed990-c145-4c37-afc8-6a7ae064b243,1.6847191
05265476-7f22-4230-9090-28d3224265e8,0.06905639
70561,5.4579787
59927,1.2792522
53537,0.7209933
12299,1.4782529
802f5776-8ed5-4f41-96b9-017005f9b961,1.9168935
25785,-0.09074074
71112,-0.07857549
0ec3d3e8-cdd2-4b79-acd5-3ecdb3bff7dc,0.47709888
42235,0.8011595
20982,0.5067609
51264791-6073-41dd-ac73-d9c7594ef6f6,-2.1621144
30895,0.9533767
33940,2.551526
48473,2.5642314
8686c72d-4131-4a55-8286-2de3eab9451c,0.95999956
9585,0.95006937
1888,2.1494677
9f8fc5c6-19e0-4806-85c2-882cdb34bd21,2.406795
de0cfd2e-ebc4-43e9-9243-78c186924035,0.13652992
27615,0.18959805
59810,1.5824908
3123,1.1367899
25221,0.74752027
45336,1.2844596
7a62362b-3934-422a-ae18-611bdc93c866,2.069772
22593,-0.4535281
51499,0.28034323
55780,2.308981
41735,0.318812
36580,1.016976
2acb63ea-0e9a-4c72-904f-813c11503042,1.4477239
21182493-8212-44c1-9354-322920b4668d,-0.19510591
defaebb3-e54f-4104-a03a-cfac4af4b98f,-0.599187
69be0832-f38d-48b8-b247-d3e50490a251,1.7727585
15351,1.190039
f9dc7b06-7ab3-491b-94a7-64d30e42b95b,0.7378509
7d8c7fdb-4102-4224-88eb-7c06ac0c72b3,0.48349178
10261,2.3298278
56548,2.0526443
6410,1.3940983
5d49fc39-4ef7-4286-a649-cd5ae76a7d4c,1.2608045
22152,-0.90908337
e5479aea-7b1b-46e0-b9d0-fb1831d2f7d2,2.8787327
fecd9c08-47d5-4a24-9b49-cb6905c41d79,2.3709426
17459,1.0410575
59766,0.72744125
66359,1.8980049
62221,0.24056977
6738,-0.32451487
d52847e3-3a3c-4498-89a9-0d7081fa25aa,0.19665563
11705,0.5886444
52820,0.77371365
33300,-0.8678179
70563,-1.1806579
53623,2.3453002
2627283f-38dc-4b46-8531-975d8125be92,2.2923017
8594,0.3438644
2964,-0.5748701
59317,1.0735099
70154,0.29978895
26496,0.16246217
66646,-0.971701
18f3df5b-a158-4ebc-9c14-fb78c16b655c,2.8436575
44556,0.8648944
8127,0.29360527
28253,0.26204178
71498,0.19345826
38107,1.0577534
d3c9d2b1-0408-42f9-9dcc-ae3d2aedb262,0.5484232
34076,0.6116456
16678,-0.02530682
65202,2.5714421
32830,0.50451684
56441,-3.3566904
92c983b8-725f-4e3a-b3f8-ceb724fc758b,-0.07646048
52893,0.98064774
63081,1.0174146
33844,2.0407147
795532e7-2c39-46ce-93ac-c7be6e1cb62b,1.2885604
18701,1.3376594
d50599d1-f450-4965-b85c-3dbbd9f85b77,-0.051016837
111d026f-9655-4712-8314-0cbbfdfc86f7,1.1056709
16805,2.423212
12086,0.330063
59012,-0.6432291
44141,1.1413397
bb0e4509-a0b4-474f-ad78-1d3f9dca7eab,1.6684016
68483,0.69547606
16300,-0.09067741
8b3709f7-df2e-4bfa-ad41-42e47678ac01,-0.7194575
004c57ff-fe21-4186-907c-4283eac36a9f,2.5065904
17454,0.7441142
69495,2.0438037
369e2cc5-e3ba-40dd-9b88-4994555379be,0.7737266
98b6b3fa-0830-4c9e-8e17-87502e0a96bc,2.634554
58673,0.16491926
62820,-0.22492099
26692,2.3134966
45cbf4c9-7187-403d-9855-3cd66d707811,-1.8036289
10420,1.8263762
14980,2.3080683
18394,1.1889191
29838,-0.2592566
46cf5018-3c0c-4520-9480-185b92e176de,-0.34548974
975fce2a-81ab-4c8b-ac48-f9dc8b45c0ea,-1.0336745
20057,0.23799217
6f5a3f00-b60d-4b9d-b3aa-aa6eea5af726,0.071282744
5f966896-9b52-4ec0-9c51-53484d33921d,0.708182
57650,1.6392024
66214,-0.7134564
62416,-0.9798262
3949db9d-b938-4040-8f8e-9a833196c9d0,1.2694577
3723,-0.076468945
47806,1.4522221
22273,1.1167867
73bebc28-9609-49d0-96ce-614513112e23,0.43314242
977adb77-4f7b-4452-98fd-9ea2a269a5de,-0.8130052
f73ef7db-4e48-42a8-bf74-1bbb3b57bf2b,1.6641823
23036,0.63228333
39105,1.0907168
17680,-0.695024
6b3f1d31-fac8-461e-a1e6-a9a022edfbf7,1.4194806
2874,2.6289845
49338,2.6298711
20059,-0.29732203
13158,1.877344
51404,0.5424162
1dda635d-21ea-4d6b-916f-b4fb76342ba6,-0.0412876
65336,-0.16164625
d1033b72-3fd8-438b-9291-428fa4aa9b97,1.2364676
42790,0.07117534
72105,1.0862448
68896,-1.357661
10259,1.899433
5121,1.3606458
f9521517-58e7-47ff-a9d3-52102ab1b046,-1.1117015
58627,-0.20352948
d9cc1721-8d8f-4e4b-9b70-96e25d6455b2,-0.06259012
12007,0.2136085
3633,1.8389816
666f8d9f-5ed0-453f-a10a-c277cbab6e88,2.4205167
2739,1.1776888
56194,0.949522
65536,2.2270355
c0aaefe6-50e5-4059-883a-7b56c012412d,4.07671
39691,-0.7235341
27826,-0.29082924
58584,0.5003805
68864,-0.7770164
d726ceb2-617e-446e-8b52-54e02da5a524,0.27093583
29709,-0.68517566
19708,2.1124454
50284,0.16559768
54566c1c-7f59-4a20-961f-2eecfd285170,-0.48515284
da9d05a6-7737-41cc-a619-55c0a09eeb05,1.5418507
36594,-0.56370735
61328,2.2405477
61959,0.4865169
25843,2.2161398
2ab96972-32f8-4ac6-99fb-df8a2d1b8d9c,-0.03419739
c3e5ef72-9d0d-422a-85b7-2e4685ec6083,-1.6262789
45584,1.8978456
1513,0.95356774
5b9e9522-188b-406f-b18b-db49ccdf1ce4,-0.619722
3360,0.7261412
6884,0.051343054
54254,-0.15538287
46857,1.4024403
60565,0.028237581
62974,0.89889836
48346,2.930722
58214,-0.44650948
29620,-0.53222543
55425,0.9579534
23338,0.64543164
31652,-0.35211563
dbe3b5f0-a7ef-4f79-bf88-6227181faae9,0.3190487
f61bd102-7490-4177-b707-8bfa6535202c,-0.81380177
34966,0.20044528
ef2bb7bf-f7db-4a43-b9d2-bb252a6d3306,-1.1309304
43625,0.41815567
69426,2.8818378
52700,2.4382126
58871,1.1038758
4431,0.36540663
13614,2.4395611
13959,1.4648516
73515,-1.3330147
0c4d9cc1-b9e0-4f96-993e-8bb3616d4424,-1.6876307
53053,0.13072518
58813,0.417704
49798,0.7834656
56411,1.5594937
46529,0.94081783
39050,1.3134553
9752,0.5933786
63605,0.9405844
14396,-1.0122033
60562,1.3010943
088968fc-07ce-4ffa-bab0-98b7ae055e24,-1.1344409
7435dd27-44c4-47e4-96eb-48bc8e92bf3c,1.2733752
48852,1.3789158
58739,0.9029105
b4bf3ade-daf6-4e23-8f96-d1c7f7023b15,2.0314112
d4814ca0-5823-49d2-9b0c-b8e4b2707ef8,1.8271099
79f10c13-1fec-4732-8c1c-61aefb103c70,2.0111012
47163,-0.20702285
24075,0.26496896
52132,-0.17272723
71032,0.2597797
10647,15.740374
88d13721-e257-414c-8428-2a027837550b,-1.2918899
51421,2.8339639
73976,1.1688093
20425,0.92112434
67542,1.0665939
14469,2.168982
02ecccd2-782d-4ae2-94d1-dfc24c84014e,0.32882446
5df28613-941f-4760-bd97-849895d744fc,0.5252473
12069,-0.79249716
71242,0.6697587
71576035-d0b5-400c-90c3-b53bd9c6f10f,1.8382094
65662,1.769186
1814,-0.0085220635
10926,1.112107
31100,-1.5486507
cb06a984-1ef6-4dc9-b7bd-769d01cfe522,-0.15675998
58092,0.5831596
19978,-0.4980566
43add997-5d4c-4d58-b31c-770a4dc33e3e,1.0408115
ba55abf0-7c39-4f55-8426-6bd01f01b46f,-0.07191697
31274,1.7709928
48071,0.6899368
7723,1.0984051
15838,1.8989457
7664cb5b-7b48-46cb-8da7-51c80d9191e0,-1.5265746
f8789b53-e4de-4a3a-8c1e-72788d90dfec,0.6108742
b1a76443-5c4a-4c11-b0d4-fec32800419f,-0.16105783
43948,0.036972523
39214,0.8605292
69069,1.9569104
13728,1.5549912
55286,2.3210685
28630,0.86266965
13406,-0.9960613
45937,0.38904867
52245,-0.682991
69107,-0.322092
74556,-1.0459572
37922,0.97078955
74267,0.47858146
1b2da473-38da-46ef-8d05-fe0bc300f2fb,0.6900861
29990,0.4999353
57393,0.86898375
61033,1.5868324
7d44cdba-d1c6-4899-9c1f-9c5528d36e5a,0.20491809
ddef9bd1-a882-4ab0-8786-35f7ad2651b6,-0.6755035
0a9f507e-96d7-423d-8911-7751dac2e999,0.18085408
24215,0.45933506
e809b60f-4b43-4c93-b2ba-7306ca7aaf81,0.16737342
74642,0.53815615
38423,2.5815604
68306,-0.31869435
34200,2.8357346
52347,2.4288511
186,0.7332029
1743492b-9507-4c1f-9519-89390afef205,0.8056105
63383,1.5431598
a98c4a1a-ef7c-401c-a3ee-473ad61694af,-0.9132738
47273,0.8250178
9c154dc6-88b1-4df4-b6c4-c74f6711a3bb,0.4027986
49332,0.66893667
42035,0.36653063
11951,0.6827051
62076,0.40229824
65523,1.6875335
35162,-2.0587296
4117,1.0528481
34834,1.5700629
35333,2.684475
539a0636-9004-4eb0-b75a-4bf3d4d427a6,-1.8502283
41778,0.09166804
21143,0.26237118
67620,0.9512481
2421,-0.27602684
dbb1b219-76c6-4df0-bec8-86431d1e3939,1.9374146
f099f5d2-1e83-442b-95e5-035382a887ab,0.26499492
22047,-0.016915709
557445b3-9563-421a-b14d-f67d842052ae,1.776613
739,-0.97718275
176b6957-a59f-4cb7-a937-a2c049a379eb,0.638343
b68b3120-0593-463f-8470-c1d805477707,2.3105931
51632,-0.95092964
838fa2f7-7719-4a2a-882b-505a7cb3811d,2.9013839
59703,-0.07163045
35952,0.37501416
12d2d6b0-29d1-45ab-ad97-ddddbba3471c,1.4221768
73071,0.3465209
47720cc5-7b54-4046-9e6f-579cd464df1c,1.1080916
58250,0.42357677
22262,1.8886797
7592,2.0911965
42512,2.58783
41649,0.3308488
70947,-0.42745054
098da11f-25b4-4565-95d9-b5e1b566a2c4,1.5875005
68985,-0.29286736
14241,-0.16872036
2977,-0.86722267
63480,2.4400148
52702,2.3115988
555dcb49-412f-4332-a563-78359ceddfad,0.23972961
14857,-0.17628896
11105fbb-96ab-43f2-a0fe-617bf9640dea,-3.5368092
43253,0.43637
92db2f9d-e726-45d9-97a5-2dcba72da059,2.5050566
24291,1.082304
7597,1.5608268
39630,1.4146688
2727c69f-8cb1-4e69-922d-f1526a01d0d4,-0.65943825
26529,0.49107015
65826,0.14926994
31b7a186-2a6b-4e80-882f-0c81def96e20,-1.5113995
44179,-0.34080696
60642,0.7292045
fecec9d5-5b8d-4644-9e0b-81b1822ad60f,0.97860426
74043,0.61071086
2282,1.2991784
71017,1.3902683
58965,0.032257617
55613,0.21259522
3287,2.6479867
a4e0dd1b-373a-4798-8015-3bc0215704ab,-0.62222683
73829,-0.22288501
c6abe8ca-6496-4653-abe0-78f9cd061532,1.2794424
24559,2.1835308
74740,2.5725791
56931,-0.052256048
20206,0.60603356
7873,-1.2044528
67023,0.47841954
13254,-0.18855381
26883,0.8547989
a72c8e81-a26a-4fee-8f10-e8e7b29c30b8,-0.5103078
30623,-0.07267505
70436,-0.24123645
7297,1.4227513
f6bc4c08-6fea-44d6-9c0d-5ed5722ee7d5,-1.8531053
56755,0.5556228
9178,1.2871466
66534,1.661851
68284,0.01429224
47374,1.4346365
66293,3.4024055
b316a020-5ee9-4a39-a113-c2d16dd39ba8,1.4521285
0cdffa90-fa9d-42dd-846a-f0e970555888,-0.044534743
48259,0.74710196
52009,-0.3758303
64d9908e-38a8-481e-a833-df7866a45061,0.6207297
3a0b79ec-29ea-428d-b30d-a70dad0079e8,-1.1977657
41040,2.4597697
34484,1.7751215
615,-0.46641982
21153,-0.12334001
2690,-0.11369026
929e4baa-77e0-4f4a-b706-88449fd9a806,0.12070608
59731,1.2581784
57753,-1.8010681
fad34b4d-c46b-4897-ac81-a9d8a65fea5f,0.4697755
50693,0.075588524
0d7d94fe-e39e-4559-b421-4bc37278f9d2,-0.69036424
52221,-0.54942524
16107,1.406134
4567,2.2741446
0542fda9-5cd1-4398-bba4-1cc11cd48ed3,0.9387586
65952,3.3410156
57352,0.56471175
d68d1d5d-67af-4613-b364-16e9b9595bd9,-0.2001298
14379,-0.04075241
8721,0.78000504
18850,0.85940284
27486,0.33267388
32124,0.5451339
57915,-0.13969743
0726b726-6e37-4570-9698-49c29f5f09ef,1.8378856
345e6c4a-36d8-44d1-a4cb-7d3cc973fd37,-1.9563215
57143,1.687658
58382,0.36269802
52720,0.715806
52583,4.54478
9375,0.10674906
72484,-1.3163041
42750,0.8041712
47795,0.016108036
df112b11-1305-4f5c-9b89-e4fd854ba2a3,2.422243
7b7313e9-1555-4e3c-ac33-63c1ca6714a3,-1.0004768
62993,-0.64237165
51123,1.3304206
11528,-0.06212929
11628,-1.1651676
2320a658-e1ab-401e-91ba-af716e8df7bb,-0.91235113
42e6ef2f-e66b-4276-89f6-9cf0f48f39d4,0.16623822
37194,0.8472667
32959,1.8949883
23588,0.28694898
42881,2.3901744
17346,0.094667524
e321c510-cbbb-43ba-98c2-d6cc797247bf,0.3683514
72974,-0.035282016
a11cb427-7537-49b6-8cd1-6ffa38d0797a,1.2439003
4881b5bf-ae28-4b75-8439-e0e4586101a2,-0.7104621
68231,0.819844
64071,3.2720356
14682,0.6685965
51c2c526-eb18-4ac7-bcdb-a74ba3448548,-0.8506453
50889,0.18224739
6f0365fe-d7f1-42fe-ad98-84c4fb60dd8f,-2.536949
58113,0.49643147
31501,-0.07066685
8425,-0.39796507
593,-0.047603488
50222,-0.2610008
ca975dd4-1177-416a-8e54-ead074c5d435,-0.4582032
5593,-0.54165363
980403fa-a5de-4032-80eb-f62e09d470e7,1.3784516
72576,-0.2654714
8541,0.3014935
5341,1.2814198
79ecd955-ced7-4225-94dc-170357f031e3,0.14288688
8986cbcf-dea0-4d57-b846-04c289d16d0e,1.2835286
30530,0.05480492
13286,-0.5270073
30341,2.2566662
19715,0.21605384
7adc0cd2-e914-4756-87c9-b0414db79b90,2.1287355
28402,0.77391845
055aecc6-fae5-49cd-8cf4-dd701fa58aed,-1.113312
36600,0.90108746
61705,-0.07081962
4757ec6a-0958-44c6-b0b6-0d6849cd6efd,-0.72398126
57080,2.488947
16706,0.89792603
62260,-3.0822465
38615,2.2992496
46287,0.7707653
2322,-0.51803833
55502,1.8455393
8764,-0.19677281
31464,0.107393086
728cef39-c236-497e-965d-27380d07f9a1,-0.21995223
58287,-0.12138903
57952,1.810303
2481,2.3241153
8f331f99-12db-4205-b812-5fe6adc47a78,1.0604141
73099,1.9829448
875c243d-f4a8-4ef0-92c2-f4ff19c6056b,-0.7738521
c36bd4a0-c882-4f49-9ddc-6ae10f4448b9,1.8893813
17497,0.56127584
12653,0.45221522
4ae74c8f-0399-4ecf-b4dd-4683e8f887ac,0.62724173
22640,0.6335927
1c9c97ad-d2dc-424d-bec3-7f4c54b71f03,1.7891487
20781,-0.7596648
a94d4eab-d669-4870-af75-784cb10b2e6a,0.61920583
64474,0.590888
23063,2.2940788
14967,1.578537
9062,-0.9596944
4954b447-cc86-4810-8b6f-c970434c3063,-2.2260103
30327,1.3901515
26675,1.3560827
48433,1.1224642
20546,1.955435
34014,0.23617923
f8984232-e675-4c69-a748-43cc21d486ac,0.9336425
65501,2.1016338
41462,-2.0324893
36715,-0.4196353
51343,0.027617693
287e8713-3293-423e-8f58-d4f449175f81,1.0969543
33530,0.91249263
4739,0.96271443
74f4ba3f-2b4e-4361-8301-79b91197d022,0.71787375
a25c0f0c-ee1a-43d5-8872-da31f4b597c1,-0.044478774
7990c8e5-28bf-4292-b1d4-09fab300c311,1.8252273
34846,-1.0745202
47945,-0.06366736
69500,0.80216134
37525,0.4528366
99e566ca-bf3d-4bf9-ba5f-6e608d47b10b,-1.9024563
39057,1.2781545
2286f7d4-2a62-4f7a-97ba-382c001e5833,-1.2721682
74142,-0.31945252
89398201-1e3a-492c-87f4-6293d16fc454,-0.25184083
64820,0.97777283
70689,-0.46087658
11103432-1032-4563-8cb0-caa8f1f1e530,1.0163658
15851,1.6964895
20543c61-0366-46ef-916c-f38eb9b6dad6,-0.3648485
71524,0.6741684
1452d545-8927-44de-aa42-36241a2e55b3,-0.57525754
b0614f98-9549-4863-8aa6-baebb061563c,2.3940492
2580,1.1777562
57244,2.2653303
19853,-0.1343916
c37b3aac-1fc9-45c1-b7fd-d8e165a564f7,1.1005503
2785,0.97909546
4705,1.9348061
5594,-0.6058036
33099,2.9387631
73076,0.09524077
b64887d4-928e-4615-b683-78e1afb94aa3,2.8773537
21740,-0.25084847
c2bbd0ae-7080-4579-9ddc-49c7d9ecce4c,0.5886985
61157,2.7295432
61994,0.11711848
66873,0.14686984
57412,-0.207677
44012,0.58666575
43869,1.4267461
8454459e-0ac3-44f6-a6df-ed2622d819c6,-0.66986704
48642,2.033448
702f0a23-c76e-4756-8dff-6d75e76e096e,-1.4038556
15749,1.4078131
35324,-0.22931951
68282,1.3530511
33386,-1.0500318
23121,0.26477504
c67e7e6b-71a8-4879-b6ad-8d8e7ab43c2c,-1.7140296
dac6ea7c-5f77-4817-8351-57e67d1e2221,1.908455
7594,-0.47046787
7485,2.9084148
17306,1.1752937
26218,0.061803997
14351,0.50295526
73487,0.57427585
13388,-0.75067914
12634,-0.33097088
2726d34a-5a68-4377-a7df-26f13d471bbd,0.67840993
17775,0.9335051
09c90dc4-1de4-47e6-9261-470f6bdf2c08,0.45854285
13685,1.3927696
16903,0.41260117
22483,0.569334
e8cb3981-5f5e-4a51-945d-935fde383c65,0.22072697
2a117ea9-8958-45bc-ae9c-316d5730ad52,3.4391675
43279,1.6955919
859667dc-859a-4260-81c3-ac57656033b1,-1.1663122
23716,1.6026025
57790,0.077736825
9ca924a1-1d42-469b-ae0c-0824130456ed,-0.9079163
8a2bef9d-2eaa-4582-8870-b1b6ab86476c,0.44799015
47330f5f-89a8-4ea2-9392-40bd56d3f939,-0.37478757
7f468e0d-27bd-4876-8053-b1320009f9dc,-0.46731454
23307,0.6806308
29e74620-9295-487e-a663-354899110c61,-1.054937
38827,-0.6089052
0d3aa08e-77fa-4880-9e61-b012cbf77173,-0.0034269989
30591,1.1456618
14213,1.5572859
44344,-0.084830046
66902,-0.66984546
44a7246e-e440-46e0-af3c-84e9ebb964be,-1.2562307
27354,-1.4102587
16059,1.7299865
20703,0.876742
398b95a0-9875-4486-bca0-9d8397a6c98c,0.642268
38945,0.5745871
72563,0.9396161
19214,0.2657906
2205f3be-ead9-4e5a-b72f-a68e526b0eba,6.1094284
53360,-0.7883874
335e9f8e-1d53-4fc0-a449-c083009356ff,2.6086385
a4162879-adab-4d83-a234-9395c8532729,-0.25236505
31926,1.7248431
ab9897e3-6818-46db-b584-76afa52eee56,1.8821261
35147,0.2802938
20867,0.32129496
67517,1.5984488
41768,0.02738601
204,-0.72751427
37879,2.327314
71449,-0.42841142
1984,-0.33465308
a1b62599-3e70-4f4b-8a30-32751bfd5d8f,-0.96719897
3683,2.445226
60755,0.4611287
20549,-0.7049459
3f4aec79-3d5f-4120-aa02-4916c3720cf1,0.9900689
39268,-1.5777727
11237,1.3543215
57592,0.57538074
547ea6ca-3095-41cd-ae8f-98d33da1d537,-0.7352972
6f2ac4d5-9480-4d16-93d5-84bc9f6e065f,0.26235694
28503,0.23028147
26380,-0.029792309
e958e16f-ff88-4107-84c3-d98c5f48fb4b,-1.3264313
460f2788-e36d-4ae7-9549-e67db4cc4dfc,-0.099947214
60134,2.1119952
69234,0.49140155
28831,0.8074595
70309,2.6085708
39860,0.59946716
21868,0.63426733
65426,0.69740003
16618,-0.044002473
7567,0.9903549
a2f55637-187e-4786-92f4-6392e69edf8a,-0.5022323
60736,-0.31929636
2feca4ee-6814-47ec-b8e5-4abd8a3bd39d,0.21844095
29266,-0.51687866
4858,0.7036219
27986,-0.016670465
1496f158-c385-4596-9917-015148b55064,-2.0028653
f73ae3f7-21d1-4eca-a8a3-4dba0d25a7dd,-1.7094569
b4df30d0-b9fe-402f-b39a-5464009e84bf,0.051644325
40230,2.58604
56532,0.7699387
57153,0.46204183
761c0948-25eb-45d5-b7ab-205417e57311,-0.7931392
10530,1.164561
6df2e224-1b0e-4c2a-bdce-cc986a46c431,-0.17330587
42854,0.8822943
34679,1.1077869
14397,-0.5903748
11325,-0.14865315
55903,1.1581457
56453,2.3254986
4796e9ee-c76a-44ec-ac76-b5a8a61a5871,-0.08299497
63430,0.6674415
18540,2.1098728
46303,0.39262784
73382,0.9701495
1d469646-e851-42a0-8429-7772a27d0f65,0.34417123
42248,0.66136444
35057,1.6702557
60001,1.1718599
a980957c-ff97-4c9a-b217-eacfd1dc31ac,-0.0995214
5ca27e6a-0cea-4d19-acbe-1316380abe21,-1.2326362
47784,-0.31186944
5904,1.7738179
24581,1.8472005
50608,-0.9250815
2e8cc04c-225b-4b23-a34b-d2a76d3238bc,0.8311292
26926,1.9003125
68155,0.87386864
24983,-0.34197688
58418,-0.16000485
71931,0.79303074
73238,-0.7065686
a9e367f0-554d-4444-9a1b-81c9353a9e64,1.3711025
26369,0.69029963
43750,-0.5598799
32164,0.22485512
29143,0.014763594
29911,2.914888
a485f988-7ad0-452a-a79c-5ccdb6fbe88f,1.5635726
16302,1.1510408
34287,0.67917913
35224,1.9355464
61147,0.89366543
3a51ca02-7dd3-4bbb-80bc-da520acc6860,0.36353314
ee3aa135-dff2-4a26-96cb-881f00bd175d,-0.14319217
bbfa3109-0116-4670-a966-1ea78dc1c7fc,-0.6500199
57230,-0.1575656
f13db70a-6eee-425c-bf3b-758bbb975eac,-1.2533236
68813,0.15215343
7466,0.4506976
63049,0.15102017
a6adff3b-7ae0-481f-a0e3-01b710262a2a,0.7923798
40980,2.078928
10180,1.3453698
1b089ee0-c690-4ad2-bc3d-56d8ae307c4f,-1.334956
8f4973d5-3ae5-4f26-a381-ca3aaa36f199,1.6608452
19694,2.7675383
33e180ee-22de-4f5b-9838-3c03a67696ad,1.5114558
27183,-0.022424757
60313,1.3210497
12837,0.17803442
55505,2.7376792
71856,0.8116876
35820,-1.4867271
9003e48e-3fe5-46b8-a517-e8ce39f99e54,0.67316216
52841,0.8535401
2279,0.5557041
12b5abbe-cd2d-414e-a4d2-2701c373990b,0.51521045
65057,-0.20898604
20605,0.48358464
36a13c23-f00c-4e5c-8521-489691c60cdf,-0.3669911
39767,1.7040913
3bf8002c-7390-4cf2-aa8b-7d49ce5917a0,-0.7418698
31309,0.41662708
40625,-0.5930046
74214,2.0744185
2080,1.9745574
2609,-0.75928974
7933,2.2347386
7531,-0.030875087
ef40f889-2f71-4fd8-a155-4c2a70e0d2d8,-0.18165326
36632,1.5576417
a7e30e15-c419-4eee-a844-00fab1cfa10d,0.6136169
58648,0.6032536
49706,1.8436909
44783,2.8448553
22807,0.76293874
17056,-0.005938709
e67ab8e2-928a-4fbc-810f-3ac67f25354a,1.0635264
871f42ad-1fb7-405c-adb8-02d5df05c714,2.4945827
6b6c01ac-faac-4303-af3d-81635617ce65,0.0917103
52323,0.019679666
156,0.04213506
71805,0.5158432
12544,2.106642
63699,-0.41672564
30698,1.0980031
8329c453-9b7b-4bcd-813e-a9325c68209f,1.3401084
e3a0a1f1-3511-4575-a9da-b35f1ac81802,2.211597
68079,0.8375534
56554,1.265677
18570,0.09372905
29456,0.25300443
33332,0.17256871
66149,0.4459862
66071,-1.2681116
abb2b571-8893-4451-814d-2a361fbaa1be,-1.23451
31981,1.4480292
39287,2.3037
70809,-0.3531084
63613,1.0413234
7021acd8-c752-4b6e-bc29-b1b80660022a,2.0154965
72457,0.26632038
5185,-0.15008223
63622,-1.4728305
53769,-1.6205015
69797,-0.37610102
29463,-0.19195187
23079,-0.11111146
15206,2.1587458
3304,-0.37185836
36162,0.8690739
70425,-0.31994063
a4a2b42f-967c-4d64-8cb6-c149cdd3a43e,2.0300612
6893,1.3964084
28edfbf5-6ea5-4798-9a52-5811f035eff6,0.8388325
59214,0.7105889
47079,1.4982965
63969,0.501061
6c9e6344-4863-4652-af7a-efd439b62d36,-0.7817614
34869,0.5819192
45693,3.8524482
31126,0.3930427
1ac51cc5-f3ff-4022-9655-b1b20a3116a6,3.3777795
22184,1.4222735
a069bab7-64e0-4464-8474-0f6066a918ca,0.73772633
12148,-0.03768891
53490,-0.74672353
67065,2.848689
d8e41501-c1ae-41d1-8444-ecb1c9d0324c,5.2964883
65819,2.4023328
dd99701d-c603-4384-8199-24981e70641f,-0.089022905
27681,0.87097895
69013,0.026396573
55961,0.32762286
42329,-0.93449664
43468,1.7189407
72529,-0.15749222
20841,-0.09070328
27deb2ed-71b1-470d-a808-9c0b4caf1e44,0.35985687
2531dd4f-ef99-4c8d-b227-7688cc156ecd,3.8320057
26523,0.33073056
46949,-1.5335901
54800,9.084969
40358,2.4434211
33700,0.59936965
1343125e-c352-456b-b46b-20b85d715f90,0.49395955
45231,1.4503288
55366,-0.73824286
95188d46-dc93-49ce-b976-328322b47991,3.5243363
38858,-0.2288832
70493,0.99165535
69845,0.9687885
c7601eda-f4b1-4ca5-8b1c-6f6ee558a1cb,-6.01165
61188,-0.6976969
22415,-0.034547
49840,-1.9211941
1914,-0.87111354
41937,0.33442688
20917,3.5767686
42060,0.71827954
72532,-0.44397044
55135,0.5110316
69596332-c842-42a7-a2b5-0db3ad7d072a,0.93016416
4947,2.1293755
70267,1.5981712
d0db2990-cf93-409e-8317-2b314a7c0fee,4.128391
32363,0.9855944
67510,-0.6837106
a188b78a-f2fa-4596-ab75-d0a1efd23a88,3.703598
35371,0.31059816
41583,2.1422963
13965,-0.32621372
70408,1.0920801
072b2f70-5e60-4d9b-a08f-781054a9865b,0.6533624
29703,0.6433929
94fcd9eb-e81f-4ea2-969f-a9e892002c40,0.6697314
d5af5dae-376b-43b2-a214-8ae4358bcb54,-0.1491794
42530,-0.5910243
53467,1.5669479
68601,1.5680885
10023,0.36966032
71460,-0.20183092
148daa5c-22a4-4bff-92ce-2dca0d48f95c,0.103571355
70769,0.1785559
43a69157-06b1-4d01-bca4-c5c5a661330f,-1.0014338
5aac3df7-c680-494f-9eac-e99a4d960a48,2.5946968
16936,1.5978584
28709,-0.1401357
6d0a57c6-1837-4c6e-9dfe-b50443158a9d,-1.6244869
58152,0.1508564
40985,2.0219455
11824,1.0086582
6329,1.0675154
5e7b3266-fe6d-4d8c-9cfc-acfcb5feaa6d,-0.1325965
13,0.09457958
50167,0.9927251
30284,2.5670362
5394,2.1649911
24233,1.7425987
ea56496b-acdc-49db-a6a0-f211f04c8935,0.20940572
758,1.12386
22228,0.47723883
6094,3.0304875
3749,0.7737677
22547,0.7860559
68065,2.2181697
14523,1.5155439
66888,0.8545977
8f715ff4-c1b2-4bd5-bf5b-c3a3f4bde7a7,0.33261198
17111,2.3874488
48337,0.7682223
60052f45-0153-479c-bece-41d5b341a66e,2.612245
1430,-0.5904622
30794,-0.060823083
55858,1.845284
e22c6e86-eb21-4942-bda9-42f7ff5098f0,-1.8636153
35547,2.4006839
13620,-0.9185879
16061ebb-9475-4296-9aaa-1ba20d0e1412,0.6385113
11443,1.9179568
36822,-1.8235607
34327,2.4567797
61092,0.5069743
27995,-1.6347604
64313,-0.45504278
24299,-0.20045555
6245,0.49424052
14279,0.16787615
06bc0ca9-9f0f-49b4-8618-dee6321e4190,0.6787247
2711f391-7f9d-489d-a87d-52e4d85eba30,-0.52245283
62365,0.2946543
26312,1.6074221
28849,-0.12962425
35376,3.2447507
51858,2.3962946
da2b5a7e-ebba-4721-8a4c-a1c9c54f182d,-0.22316092
34102724-55e9-4472-a5c9-cc2bf4578bbe,-0.6715628
2918,-0.29853618
20b37a66-8708-4a87-8a7f-6b95e025b132,-2.6264715
11246,0.14055881
11249,1.939553
57835,-2.4421082
22081,0.05137801
30348,2.2030053
49844,-0.01617685
73395,-0.1937133
2b9411bc-a6cc-4eaa-b2be-9548cd7ed457,0.72328234
84ac6c95-89f8-43ab-9a0d-98306fc90ba1,0.9458246
85cab904-40ad-48e0-82b7-199c60841e2e,0.02128166
ec8c4de6-b461-4a1b-99d2-6f205d050e29,1.2939321
64312,0.5058485
40350,-0.16081542
30706,0.7697489
5125,0.6228806
69401,0.46427608
70221,0.96798503
65c20bd5-ce07-4d9f-9e9a-1469abd06b6a,1.445678
62856,-2.342012
58899,2.1634572
e5967367-9276-4e05-98c9-f1e2bf255779,2.2618823
45446,2.4933002
71639,0.9163522
73689,2.1226535
58039,0.5666652
25259,0.18125781
f3c8e7d2-82e8-432e-849b-68ae7c4ce176,1.2261946
45744,2.0364347
40993,1.4733405
55814,1.3743144
8988fe53-793e-4f2a-8c02-41dc25ebcd1d,-0.4384045
c271d44b-a77a-49f6-a6b3-9b3292faae07,-0.30400276
9ff4c701-ae31-4e3d-a099-f67dc30bbe3f,1.8514702
9cec83b2-a395-4507-a472-9a966d1ba17d,-1.752337
bfc17652-066e-4069-970a-13050d4312e5,0.72719836
62618,1.226731
22134,-0.86925435
59725,0.41646576
23bafa00-759a-4c4d-9847-961eea33c1ac,2.3319645
1116,0.12584424
28150,1.1630332
780af83a-2897-4c46-ba17-73fc6c50e11f,-0.26994157
69219,0.066408634
17612,-0.14883488
9fcef5e5-a901-48b3-8936-74d3c418cd42,-1.3891119
35625,1.1034423
30607,-0.18721074
65314,0.65036654
73280,1.5584396
10304,1.414843
46536,0.13115257
23616,0.84356296
58574,-0.17065412
32377,-0.63014185
24564,1.9378554
45e557a1-39fe-4703-b4b9-7d252d29ec91,0.99561226
13063,-0.048514724
57411,-0.91141546
74558,0.33298516
74729,-0.60078573
19327,-1.9599433
03180a55-4296-4d98-9259-7b2ce89cd88f,1.5104915
dac382dc-cc30-4260-83d5-ffdcc2f7e8ae,-0.8271576
ed06202f-c059-4f1e-a56b-170ac42da548,1.5678891
485,-0.7397052
3ec5955e-7dc8-4b9f-b4d0-757d4c9241a4,-0.83052146
56511,-0.65209913
20140,-0.87378216
29843,0.34777606
13740,2.2809062
16472,0.2739076
51351,0.44998574
66983,-0.0029000044
30552,1.2085443
38154,0.17369492
0551c0be-2b08-405a-ace0-2e85c8d249bc,-0.9645767
39334,-1.2644093
20136,-0.9765754
812c25ba-7c2d-4047-b294-7d2c0d358b10,1.7603477
00689ad1-d398-44ab-8048-92065f5d6498,0.80954003
30605,1.6870779
18188,-0.45179027
44058,0.6974224
40793,-1.4095408
3211,-1.0202662
3874,0.79869235
32664,1.804508
27496,2.22124
029b97e3-abe1-462a-92f3-a79204f2942e,0.86099666
48838,0.14315867
9c3754cb-8c20-4891-9e2b-95adad7f1355,-0.34503394
3840396c-6223-43e6-a5f3-b873f32beb48,-0.50079757
10573,2.5223873
18302,0.516777
dd89c487-c4c9-42e1-8118-3ed398250664,-0.3835727
7788,1.132401
27347,-0.029872209
37909,0.36778203
806,0.8583894
59290,2.5184495
1283,0.093159735
30743,0.6767694
36530,0.28580862
12976,-0.21359861
51586,0.6718553
70412,0.3039009
c7c019fc-f3c9-48e7-8d01-a8c363bca092,1.1396725
35635,-1.6623185
7825,1.5287371
22160,0.35980737
56809,1.6636486
12589,1.1800505
4215b8ae-2ffb-45e7-99ca-c83dc271b1c3,-1.7467864
9b075b8a-958b-4cf3-91ea-09fbd239edbb,-0.7874727
17752,1.4192908
15048,-0.6152679
54435,1.178084
36027,-0.031980604
f0a12c4b-0093-4769-947d-a01438e82204,0.8736116
b3099a5f-3d77-4019-ae26-698f05b7745d,1.6179132
0f39d365-3fdd-4132-adc7-d97da92f47e7,-0.78183246
bfc4a806-4e56-4dca-8976-7a0bc508dbf0,0.38048232
43067,2.7086563
37761,-0.13343167
12864,1.1354284
3363051c-1e0f-43ac-b0fa-54af129a42d8,0.5607337
59368,1.7900497
52905,0.6301123
87253399-1c03-4d4b-a28d-9d6f0180b3e2,1.0865585
db99a9de-a891-486a-9ce8-bba481b677ff,0.007344663
44028,-1.0123096
c363eea7-ceb9-495f-92e8-fb58b591827d,-1.2190186
65184,0.17069775
22792,1.0407085
5967,-0.20318192
42887,-0.5156128
31081,-0.9747207
9a59073d-a10e-4218-8dd6-c33ad7cd0771,2.7110193
29e3e32a-802f-468f-a048-cd74199c437c,1.7155858
14264,0.66120744
1a970b21-82c8-4e22-9111-25d525802d0e,0.61539257
28899,2.100285
5535,-0.33640128
3443,-0.32970732
27587,0.09963009
2a2c332a-33c1-42e1-9d29-d4303053f457,1.7759882
63737,2.8256433
47078,0.23302051
21659,0.93837357
39004,-0.24247974
29d59b19-2281-4187-a44e-0b227a0a9122,-0.25754184
870ef205-0513-451d-9f2b-34e38bd20b18,0.1159825
74437,0.83728004
27841,-1.6599987
2140,1.17413
3e03497b-c1b7-49e0-a5c2-0578c223bbd4,0.5529198
8032,0.46776655
49655,1.3037789
38412,1.9448013
9852,0.9077909
69058,1.1639007
7319,0.7226477
5629c984-96ec-463d-984d-a596994c73dc,-1.4443854
8701,0.9519762
23233,0.9198396
73130,1.5518808
36141,0.26673067
7066,-0.594579
11150e23-85bd-4c56-9616-74cf3b157ba2,3.198578
110c3c20-78af-4cda-a4c5-c491dfe15922,0.22057846
36320,-0.5211975
5901,1.4183884
61713,1.9057057
3993,-0.26565194
36504,0.6459633
2fbf707c-3873-496d-af10-6c86708a7445,-0.14165807
32327,1.3074558
44718,3.047296
17283,-1.806632
72201,0.068522334
13409,2.1884756
09c2e861-b5c5-489f-ab1b-6c39da08f944,0.74117994
48217,0.87608534
25912,-0.49071407
175f64ee-719a-4ff7-bde5-55aa4b83a1f7,0.67667896
42556,-0.24715298
17238,-0.6833906
40132,0.8411774
58712,-0.3936494
588e4952-61db-4145-8e02-4f369d8e7d80,-0.054561675
945323c7-e341-4424-9873-cfceca830821,-0.53819215
23266,0.8775315
23556,0.21364787
eb858399-dbfb-4da2-b9ed-0c8eec24f3dc,1.1772468
16924,0.6965266
46338,0.6234603
66173,0.7280625
5840,-1.0586779
4563,0.30305672
64027,-0.9055493
49708,1.4022992
20297,1.9822068
64900,-0.29106152
2221,0.23557317
51795,-0.46600258
500253a1-2838-46b4-bca8-32d1223347a8,-0.3988135
30163e39-ba74-4a06-8a42-39f33f640f5d,0.867623
61001,0.9075694
10624,1.4296725
41419,-0.19719219
df2efebf-437d-4bc6-b154-d67b90ba9575,0.048898906
6415,-2.2941365
73631,0.92811286
34731,-0.8632394
25112,2.0092163
e11c3489-bd66-4ef5-81a0-9c93c01d0fc8,-0.86012983
42874,1.6649468
50384,-0.45013583
47457,-0.060517818
3181,0.23608702
23416,-0.28094983
81019cf9-3b6b-47dd-9789-b1555b0d4211,2.490141
35218,-0.19059592
4d9c611a-997d-4c99-b233-e00c131e7baa,-0.65775144
69079,1.9969018
54790,1.2927623
4051,-0.021496326
17389,0.38093114
25859,-0.20418638
62426,-0.805722
3229,1.5587053
65919,1.4511385
54519,0.8984573
75,0.5164076
69724,-0.4240986
58e7ce73-db22-4628-8e4f-5ce96125d3ac,2.2991352
0ba64ac8-9ac8-4d18-8186-045018294269,0.9583959
58394,0.6262295
16272,0.9588396
61776,0.0898568
35102,-0.11243731
0832359f-19c5-4bc3-a50c-8b88f74abfef,-0.03813982
7816,0.19137397
39067,-1.675456
33845,2.1108208
232c7dcb-9cb8-4702-826a-57fa1e3fc66c,-2.676185
6436,0.014866918
30338,-0.19867301
31705,-0.8147112
5867,-0.6506487
27784,1.4411006
58857,0.58968306
29278,0.9293065
17445,0.37643754
20553,1.6651775
74058,0.9541732
00459ab0-a7b4-4d6d-ad13-e29ecff31e12,0.44405767
7790,1.0288537
17252,2.7688785
1609,1.8094943
24276,-0.27016115
c3b64ef1-be43-4766-8479-a7fd64c4df4d,-2.5132532
34210,1.7599815
66824,0.34203267
48692,2.6138468
60521,0.49731722
43261,0.22595325
10176,0.8053631
36906,0.23148787
52949,0.79196715
3451,0.3456266
8859,-1.2999678
5396,0.122687876
c2a33660-a7b3-483f-b8cd-d2b00af926c6,1.4011438
10780,0.35371506
23932,0.79235965
79718ee0-2794-44cc-ad4e-9e360253ccbf,-0.11134744
70237,1.6598945
23490,1.2979674
31545,0.5299505
55324,-2.2453244
62783,-0.72181153
60499,-0.07323897
40931,2.1319747
20640,1.6825294
9b14a80e-2843-49a7-9254-4a413914b971,2.0104609
34a9c189-e378-4275-a662-2f70760ee13d,-0.8200536
d5329676-31e4-450a-9df1-3902becbdfb0,2.1168044
25869,-0.21029663
5dd26970-2f4e-4280-a98b-941592f9d391,0.5335304
284908e9-1ed1-485e-af9c-254762bd5442,1.325541
569d39d1-f4f5-4673-9630-12a2af512692,0.99773
38975,1.7005041
8d0a5f39-a121-4fd4-92d4-fe91cd951d6f,-1.6280138
48970,1.3818681
65963,2.1002994
30142,1.7454622
255,0.37569696
13593,-0.7572
58807,-0.35798663
12298,1.088149
76f53dbf-e1f1-4faa-889f-9f963c56cb24,-0.07442778
57878,1.1702724
54598,1.0108423
23783,-0.5777325
f86022a4-a2c4-4ebb-80b1-f83cea65258e,1.0273349
79a2721a-8268-4471-a6c6-5ae32a40ef5b,0.46814477
44204,-1.2197272
10333,1.310273
4460,0.19797322
12806,1.096198
176739e4-1b40-41e0-abf1-090d1fdb8829,0.56423086
34950,2.16747
36235,-0.35204923
3402,0.048992872
45667,2.0245476
49825,2.0718017
6200,-0.5403967
68670,1.1488998
36012,1.0819333
37286,1.5641068
39458,1.1205367
17291,0.78981733
12805,-0.29570377
10657,0.17997462
d99ae1e8-1936-4c97-95b0-1840f39a412c,0.85604167
14917,0.22440302
71915,1.9109808
52791,0.89609337
49271,-0.5890352
3120,-0.0648478
fa2fcced-3bed-4290-9460-99da804b5f8a,-0.86033773
67988,-0.057125926
a705d801-fa7f-40c0-b905-c07633e3c1b3,3.9339218
27711,0.64862585
46884,0.0038203
39462,1.4140053
68595,0.18187091
51407,1.7642329
55751,0.4574198
11025,1.0679519
70574,-0.4987111
55385,-0.458668
30873,2.0525188
7257,1.8530445
56883,0.18315841
06d461ca-b28c-4863-bec9-b3293a9ea460,2.0784557
38920,0.67393744
74026,0.032247066
48223,0.05398196
10938,-0.95174026
49155,0.4903812
a6ca49bf-6a07-463e-9e6e-c93dac587c96,0.754542
30949,1.4504635
0e6c2133-fcbd-4388-bb19-d512bc95fe5d,7.876188
4c0818a5-16ac-4bd9-aa0c-6cb63a70aff8,2.3720536
54144,1.9471359
a05c2fab-6563-40cb-a640-342bc51bd8d7,-0.9321234
8f93010b-e816-4885-ae2c-3694a3997ab7,-1.6614232
55462,1.3675942
68535,-0.48789418
31430,0.6105573
50565,0.26193362
63143,0.93370396
14725,2.3269114
a9c729ab-6a8d-4af5-acfb-cc7ffa86cc4a,2.80134
26072,0.22373885
8d4e539d-adea-4ea6-8a5b-1fa710d51c89,-0.09227502
43789,2.2532523
34976,-0.36841094
51913,0.1685569
69940,0.35955915
b7af9988-15ad-4769-9758-f8a2b086a1bd,-0.518643
48931,0.11164895
53824,-0.3525564
43978,0.20305711
990a7e94-2961-4465-84f8-d8870d63b27f,-0.32742953
4857,0.1817931
15202,0.009083152
73914,1.1175206
2938008b-f10f-4b80-b31e-427e66fd518f,-0.38123864
39273,0.69434714
c1bacefb-99ca-4ca1-a9de-8fcf1894d387,1.6526964
8a4586f5-6b4e-4f27-af7e-d7226bdb46d5,0.5838782
d1869af6-cb51-435d-bd31-b7a01cb43373,-1.4640481
06e2d400-0ac8-4323-9c28-7dfc95ab7102,0.69648874
31310,0.7140279
20384,2.1766672
50122,-0.32042283
66438,2.242386
a44ae10b-9815-4626-8d70-49d92a42c6c4,-0.6623968
49544a1e-f4e8-4f54-b7fc-3b47c6319198,0.223666
30944,0.60639185
4935,1.3915184
1b9f6082-9c69-4873-8fcc-9b2bc239cdb8,1.953079
6ba6f504-8342-4564-9b7a-ca67f3a29f84,-2.396556
21632,0.8951502
70650,-0.214544
51145,1.2233777
b872cfcc-e315-4fb0-a5e6-e3f607ad1324,1.1902527
47812,-0.5850123
7963,2.0748367
0b4b7a72-0e40-4369-9831-26d04a055107,-0.2823277
48600,1.9026285
52476,0.089143395
380,0.770188
61ed2365-4897-4bc7-8947-340fecc53828,2.5934691
70e3d1c7-57bd-4231-9264-04e9d0d66daa,0.65432024
5fee99d4-ec26-4f23-ab52-783e58abddfd,1.5139469
10296,0.5114533
0c0212b1-569a-43d6-b3b8-4ce7f6b64f13,-1.8227844
38dc55d0-adbe-46b3-8cd1-973619796ba4,0.5741973
27129,-0.41054296
16211,0.8397615
56166,1.84197
36848,-0.328372
32284,1.0429237
5638,-0.55366886
33979,0.7767198
25640,1.3758515
19271,-0.0061637163
71165,2.161072
6529,1.4176668
51615,0.9352432
4093,-0.14376557
d3efadb4-255e-4aaa-a862-35aa540cc67c,0.6462269
82224565-f62f-47e4-995a-ca30f6021a4a,0.8000456
52275,-1.9482694
2511,2.1403441
36612,2.5347543
87241c67-027a-404f-b047-3a672ff28c9b,-1.7880924
526adaf3-f3cb-42e2-8a06-30e5b2236022,0.336552
771d8476-a546-4da1-bdb4-7ac520f8bb20,1.6525714
6408,-0.28745216
68843,1.1675394
4369,-0.2359438
9bf76748-f68e-49bd-93d7-0d6963939cee,1.1552528
39852,1.784864
47781,1.3776988
34891,2.8751688
62330,-0.26931077
4414,0.5021853
1a0d26ac-0c55-45f1-9e20-6d15441233d9,-0.2330234
53442,0.34621698
36233,1.1772194
10834,1.0742556
8f8138eb-d31e-41eb-a0c3-d8d1419e12e8,3.6362238
22518,2.786221
17839,0.44829538
2069,0.26808307
57487,0.37001744
320a54d6-a957-4838-964e-7558d6d08666,-0.07151848
24104,2.3807952
2134,-0.16993177
3206,0.20079738
71985,0.21267307
56870,-0.035820603
48562,1.323888
29279,1.0586289
72772,-1.2838721
16760,0.68800837
70351,0.72793293
35855,0.31271836
3e73aa3e-55c6-47d1-8b2a-cf480cc90c49,1.6883061
46041,0.21290936
49634,1.9957731
2f771ee7-3285-40e3-bdac-a197f8255f93,-0.56280625
62067,1.5801108
33f693b3-89a2-4dd0-a3cd-6e824f763077,0.460832
59575,1.097698
73330,-2.1590748
31933,0.5231504
52439,0.21110988
5555,0.49062997
54896,1.78901
38682,0.5898013
63123,2.5451949
43486,1.0819119
d49145cc-3e3d-4db2-adc4-c6c88b1e4333,0.79942966
7655,1.0245836
4002,0.43201467
4b43d7eb-5d63-4969-9674-8baedfa72934,0.54999787
b20a79af-4d73-4c10-8128-1660a59b6634,6.5705276
40573,0.707109
4587,0.7633641
33595,-2.0500631
69439,-0.20043808
26073,0.39052194
11374,0.6869113
08a550aa-e02a-4187-9a6f-ca020334cd79,-0.9057927
14209,-0.8936026
2650,0.082437456
35770,-0.91583395
960c2c66-1772-48ce-add6-4c064550ac5f,0.14916861
58898,1.6144148
29412,-2.2056665
4be28131-06f6-4633-b2f2-6d78bf609844,1.2727695
19262,0.34994882
36550,1.393013
34505,-1.3677018
62883,0.5498942
54d7539d-48b2-44b3-a3a7-73b8db4ae95c,1.568336
2581e15c-6d76-4a6e-b4b1-e6e8745c338c,-0.6619537
376043e9-0676-476b-bc2a-956208c9ffd6,-0.8908628
fb1bb4c3-87e4-4d5b-85f6-0ff4645f6945,-0.6188396
23975,-0.16207165
727d7ac4-c5ae-46be-978b-c3bebf2970f0,1.2784321
50196,1.1230538
58688,1.7605282
52273,0.8913665
46954,0.4499079
59899,-0.25395763
35060,-1.7184691
51481,-0.11821306
56126,0.6439532
21086,1.3606836
36113,-0.1446842
27241,1.2693276
11586,0.46684545
31399,-0.7620214
61139,2.4249313
40719,0.17545375
67744,0.86425334
28873,-0.055541396
34980,0.6382587
28045,0.42689317
45785,-0.04877633
a8a29392-d21d-45b8-b49d-7dc8342d1566,-0.57516956
51515,1.4933624
71185,3.1504784
6621,-0.28295588
37549,0.1579591
67945,-0.25577074
98286b96-dcdc-4c87-9743-52b9a75c5694,1.7728804
5fdcaee1-35c5-450c-b830-df1c1662fa16,-0.07104486
12683,1.9231397
74598,-1.0252144
4f425fc7-38b8-408f-92b4-496de90c0b43,1.2112702
3dae9c31-c40d-454f-b046-41abd2b1b74c,-0.7773268
28860,0.8743732
31729,-0.016865253
67001,-0.7052474
19312,1.138592
16495,0.8998901
70912,-0.03256774
63176,0.79022187
1b950a26-1812-48da-9f6c-ee90ec057fc8,2.3327014
70367,2.3042932
39875,-0.09498215
17440,-0.40957123
18120,0.38101733
17782,2.5689325
9286cfef-6d38-43d4-9dad-9e18526dd98b,-0.081240416
73093,0.9604299
99b1ab8a-93b2-4e08-866a-b5b210825b94,0.17985855
71646,-1.3786649
af92da58-2d37-4415-8927-1cbe335a9b40,-1.4869566
1034,1.757628
35193,-0.14489257
99f18dc2-a9a7-42a0-8ec4-b42956711e62,0.3406142
55389,0.12429762
8676,-0.38267016
39498,-0.10954863
7a856fdd-e58b-4bff-9ed8-9a65427b018a,1.069346
77516460-8578-427b-a5d5-776575b12b99,-0.020858765
68429,1.6600931
feb99a07-65de-4ea9-82cf-70d65c599914,-0.5652501
19240,1.6932185
28983,0.27590632
39092,2.0871708
30430,-0.4423715
69417,-0.27620864
aba5e238-442d-4eff-8585-d85f3145e9a1,0.567852
0578bc17-517c-4213-a6e0-b7feef462cc0,-0.4932621
73911,0.72586584
ad982a0d-4b85-4844-8846-28e5c413b39b,-0.10433328
19145,0.92300284
26506,2.3159637
15010,1.0953567
47055,1.0140834
3b7ee7e0-b9ed-4207-9b09-f5c52f110ca8,-1.7258775
63718,0.86358726
66198,1.1733798
575e33e0-40db-4103-9929-4e5c03db715e,-0.92976534
65189,0.9801483
3061,0.7362553
55023,-0.9783195
70922,1.3548739
58957,0.27655354
3257296f-3026-4cab-9f2e-67f368a5d116,1.0161399
45933,2.2567663
2213,2.179209
17653,1.5440218
58345,1.018076
62207,-0.5120095
9faebf19-6955-47d1-99c9-99b069a1befb,1.995061
17209,2.6243687
69654,2.847918
68100,-1.2369508
22865,1.0197837
4143,-0.9112731
49268,-0.69288516
7895cd11-e351-4072-ba4d-c1802f9e6354,-1.0625459
137c74af-0207-4019-9ba2-e3998cffc8be,2.1933177
41392,1.409168
f09d9a5a-8f34-4008-a472-77a8ec59b9a7,3.3184822
26008,0.6513809
25847,0.2942279
47488,-0.64961934
866,2.462579
a1265821-5539-4ef9-a192-cd445b1028ce,1.6048429
14782,0.69728816
63746,-0.09372842
c72ba0de-d485-4ba8-977f-9eccf2832148,1.2511538
882132bd-eb89-4d61-9cba-a0b05142fa75,-1.3101765
50660,3.242776
31059,0.34726024
31851,2.1452367
12328d6f-ab0d-4437-9bd5-16ec147e2997,-0.8504156
35006,-1.0998397
69762,-0.7718029
16264,0.45237967
3831d8ce-215b-4e0e-afbe-2a792582068e,1.6445737
69384,2.024003
28266,-0.32073003
45017,0.30692548
20359,2.6406631
13990,-0.03095454
49225,0.059688807
15648,1.5040476
2380,2.299607
18860,2.5391536
56735,-0.8585286
c9589fba-af01-441d-b941-1909dc3c233b,-1.094545
15104,-0.51905215
64602,0.57142794
33395,0.9058401
34942,0.98040587
57334,-0.3767022
501,1.027091
fc7a914d-7022-4bf7-8ec1-6cfda80440d4,-0.6717471
31c3e4d6-5b82-4b4f-b8b5-bba16db423d9,1.1867168
38340,1.4912176
66503,-0.26647782
12679,-0.35987908
73960,1.1132443
43479,-0.20915103
27a39b7b-11a9-445d-a133-51a3ac1ece9f,-1.2272913
bc08ef22-47d4-4702-bca6-8465643ae882,-1.8276095
3a0afc7e-b5ec-4c58-9b45-a59092ae602a,2.0906334
d923bea1-8be5-4bce-a170-79fe6e9c5746,0.28917253
99b1253b-00b6-4c71-b407-2c8696c21d0a,1.5657781
368b7bec-7561-495e-83f9-6c24caf7e40b,2.254188
49637,0.3595279
b914a29a-31b5-43bc-8852-f05cdc07e8e0,-1.1148263
61366,-0.3221959
13375,2.5799875
51250,1.5021471
80d77d28-b145-41ad-adf8-8c0a552b9569,-1.5448341
43814,0.116021186
11099,2.2298603
65747,2.527891
52317,-0.75967443
1011,2.382159
366f2470-1064-4962-a9e3-f065ac172770,-0.32894838
50328,-1.5558604
fdc1b906-497f-45ae-9ddb-5ab20660af19,2.771545
24490,2.1504002
48195,2.7077444
7b6b1af9-12af-41ae-b72c-bed2ff6f40f2,-0.6475971
27084,0.893779
32387,0.019786894
49365,-0.7853739
45202,-0.43623632
9b68c3e2-55f5-4b38-8f1a-e7e00245591e,-0.466788
43461,2.1124988
b8eb154a-465b-4876-9416-b4306ff27627,0.5450067
22165,1.4354793
3b261fed-42f3-45b2-8d15-52fbca3da39b,2.7964683
44331,0.30496806
7be5155c-3044-46b7-8e3c-81057427e52e,2.7327013
67588,0.33110437
94514c31-cc35-4d0b-9318-3597ce1bd9dc,-1.4477181
68832,0.33473894
52761,2.2941546
b3ec10b0-feb0-46c5-ae5b-a028e396a0cc,-1.9618642
35554,-1.381984
18062,0.6001436
32375,1.778158
37000,0.4531194
69913,-0.19472873
9296,2.0651968
b3b65463-c0e5-4dc3-a1e8-b6d40b4c8a0b,-0.7980859
3293,1.1830561
3313,2.012485
51222,-0.8503988
70101,1.7108223
19213,3.1399658
284a26b3-c5e2-47ce-a522-843f778d9910,2.2907379
59463,-0.8427
6986,-2.393261
20343,0.16132967
30bb2af1-45c3-42dd-8cd8-f187dfca1878,-0.58248913
974,-0.29641747
26116,1.5668585
36138,-0.25137675
13711,-0.10621446
30175,1.1344522
92bc7b63-6b2b-452d-8675-3952544baf64,1.0990734
28268,-0.09175202
54515,2.337709
cd5f6b41-bc6c-4d25-afe0-5fc3a295b4be,-1.941262
56043,1.2000138
e460a6bc-38ed-4600-8885-30d96bf58d02,-2.4345884
60880,1.9359055
84088169-5e38-4df5-914b-3b41a9731a4a,-1.2271473
27148,0.92436796
36997,-1.9146652
62142,0.4035343
e1f72101-dde2-445f-aaf8-31afbe95839d,1.5980628
39482,0.9877525
21636,-0.013645679
9308,1.0851455
7192,1.9033462
67889,-0.8526797
27396,0.025466025
349af8b9-b2a7-4a1d-ac7c-27d8535ba79b,0.9221747
bdeed0c3-52ec-42a9-a790-cd81c4676822,0.09860474
58556,2.057125
50438,1.9542651
073cca90-0b83-4074-bb81-a8cc49acfa77,0.9931262
2bf955fa-b98b-4b19-b68b-67d70839af9a,1.0506809
58364,0.4778122
2426,1.5412185
46943,1.3044195
03687351-4cdf-40d6-bd1d-dd61f4d9a50f,0.08026755
73771,0.6949257
63347,-0.04835859
ed2f5198-a430-4dc9-bba7-0fcfb33ec2cc,2.765212
15116,1.0254775
50516,0.4998106
7809b078-f89d-4302-bce2-b98a030c9491,0.20205814
3138bd0f-35f1-47a4-b613-9ec055078b29,1.3127248
25033,0.45134425
37025,0.5125797
36742,0.5835867
72982,0.20318414
11454,0.29568028
29035,-0.062253952
54300,1.6873734
b9e8e254-9302-4fb6-9c65-2faad72e12dd,1.4499753
de0e850b-bee6-41fe-afef-f3e87de3ce21,0.99101377
36436,0.38447914
ef39412e-181d-4c68-a4ec-be33dc62d3b4,0.16036797
59342,0.7579223
1850,-0.24901277
26280,0.2037763
6891,-0.3229599
16811,0.08999336
22010,-0.6325033
37631,-0.10043335
25806,-0.2885909
13790,1.0736475
25343,0.06426978
24004,0.30061215
15061,-0.07041827
65444,0.6609523
30583,2.7867663
658859e1-7c86-46f9-927a-b59e2d64209c,0.5620635
20241,-1.6561904
37625,2.3714576
c6631e27-a45a-433a-8029-bdf20f24e651,1.4829259
a69a0710-e69b-478f-b376-8573273c15e7,-1.6334999
30323,0.39736152
797be505-a8ef-47d3-8025-213bd9f3e0f9,1.7082751
56278,1.5805162
15861,-0.2529555
45bdf971-4d55-4bd2-aea7-29fa92a8b881,6.4561234
73298,0.012049735
20672,-0.008022904
13352,-1.0899942
148c774a-dc93-4e79-b3c7-f1e5134a6459,-0.51977825
65955,0.9831094
e60c815e-c302-4767-9548-8a08b5d56c81,1.1773505
64049,1.4837555
39379,0.07739502
6861,-0.13730222
4758,1.9029047
f0248555-dac2-4e18-ab99-c0311317651c,-0.4335755
43ef5c10-d93f-4ac0-932b-18e672713272,-0.7942184
70303,1.2635188
8899,2.1040087
70352,0.7845495
53862,0.36782092
4acf0666-215c-43e7-ab1d-7a840d122d94,-0.63213515
38804,0.6814182
58434,0.9324023
39828,0.7825319
29050,1.2835714
66841,1.0836166
46306,1.4083923
07a0f0b2-baf9-49a3-841e-0af5bdedaab6,-2.5542727
50236b7d-30ec-494a-b08d-50a3f8f1ee5c,1.1207757
4af45152-6a3b-499f-9f4c-0f6df915baa1,0.92080146
70838,-0.65560746
72422,0.8856722
13cf2473-9298-49f6-8c8c-a75fb3d819d7,-1.6593764
53c7b773-a45c-4229-9e9f-dce6ee1b0539,1.3523785
62289,-0.37070966
60d4516d-6ced-4f84-a1d4-3149d141c320,0.16391304
1766,-0.05507517
75b22b72-9196-4f22-883c-abfa7bc2d37c,1.194149
9479,1.6840876
5370e06d-0df7-4035-b7d0-78a9707a5974,0.48065555
10447,1.0416634
27386,-0.11361861
36081,1.1535573
44251,3.1223848
70b5fdab-fdbc-4ce0-a332-cc033905c3d1,0.84610397
24613,1.7749572
edd384c7-6ff3-4f2c-89d4-bd2c32130378,0.19975418
58961,0.21181715
72380,0.13416019
73144c17-57bb-493b-8b0d-8515958eff3f,-0.89186096
17624,-0.741886
2063,1.7194755
a73c713c-528d-4ff3-ab8a-e1ea7ad26e2a,1.7430897
28516133-ff71-4f91-a6b2-ac4325c71390,-2.0696301
21580,0.84264576
67487,-0.14950609
e1a0c678-f916-41e8-8367-a3f93caae527,0.07917911
71adb2dc-1c03-4d5f-98d6-800eb66983f5,1.2616403
1883ea29-631e-43a2-819f-055961f470d6,1.8379154
0b8ba036-c982-4349-93ec-ef3ac1f568bc,-0.34377795
39533,0.7173311
55804,-0.328901
74616,0.6763841
621a95ee-18e7-4f17-9477-006e800e1376,-0.9436915
11334,-1.1997795
01fe32ba-30e5-41ed-a483-0047922a534a,-0.9992281
32512,2.356779
067a6e8a-bc84-4b45-9af7-216c6f976d3b,-0.97454786
5851,0.7395414
40737,-0.33352917
11231,1.6623878
74477,-0.7735865
29683,0.0005952418
24208f85-b6ae-4fff-84dd-8bf9fbd1b9e7,-7.717214
4104,1.6712203
29252,0.0037650466
04e5bba4-3f53-48c5-884b-4436bf4e26d8,1.306923
162eaeab-b37d-4a11-ba86-8ea7176730d7,1.1495869
12470,1.730612
42173,1.8782899
47043,0.13313696
2633d11b-4511-4df9-95df-b5ec321df5dd,0.49559954
d50a0511-632d-40d2-a283-e9882a72b9bb,-0.91332436
53720,0.07580432
458f9832-0be2-4fc2-a3fd-8ddbb53fc8ac,3.9452553
14855,0.028981745
63328,0.022884786
12236,0.42635715
14001,1.4157217
23610,1.2667593
13305,0.8297378
59495,2.8034883
67978,0.34193444
b9350629-9a30-44f7-91b5-2fc42b0e51cd,0.94004893
8efe2560-a2d5-4d9f-a330-cbb3810b821c,0.07587749
1cd5b98b-e4a7-445e-8c3a-4e2c910bacfe,-0.97301733
17786,0.8419611
29845,-0.26308858
65199,0.79671335
1851546e-1932-4e63-ba5c-ebf41ff2f292,-0.05825773
12880,0.07524371
72326,0.27855897
53895,1.3013179
67668,1.4757135
30634,-0.22254705
df8e9012-0993-48e6-af21-7ad5720d3c68,0.86132836
6620,1.6972958
61384,0.5385655
9f664721-053b-4243-82b9-1c530dc561d9,0.7278853
68304,2.1606522
3364,1.883793
48221,1.704885
6301ca84-ce55-44d9-b972-0c5ed23f1612,2.2810626
15807,0.2844649
e2d75179-519a-46b8-b9c2-7db5babb7177,0.5914887
28014,-1.7980735
57730,0.20864081
60029,-0.8326143
de2fc04e-a808-4780-80a4-6aa3d8c9b67b,0.20605057
19666,1.781421
2825,0.22100177
72275,2.6607554
54859,1.6385735
1b34dbf7-0a18-421b-809e-c95fc38c8f6d,2.8931127
b2ac4426-911f-4cc0-937e-95e767d94d0b,0.12115809
28497,2.0030966
43724,2.6762624
26568,-0.14586222
57945,1.1863254
33178,1.133516
73412,0.45465294
64948,-0.28061748
58221351-affb-4730-a2ed-a8eceb716b35,-1.6674554
09bf7365-8af6-4bdc-96ce-4d4cbc5d1e11,1.4930546
28629,-1.5320394
61378,-0.30721247
adfe54e8-b5d5-489d-83b7-fb9b238522c3,0.34614974
20189,-0.1859833
72882,1.391206
73170,0.07937077
43960,1.7253516
43899,0.38582736
39371,0.38626915
1c613ee4-b7ef-46a3-b9a6-c9fc453e6d13,1.3649735
0981f32f-b778-479b-819b-d130903bf009,-0.27870995
23654,2.584294
10409,0.21100876
56512,0.66385406
26328,1.0105666
7a1c4c9a-6f0d-4de3-b30a-a3e974a15d94,2.871003
25897,1.2843146
11434,-0.3354175
8296f1dc-868b-42bd-a1a1-a1c3ded97189,1.395328
55743,0.88828766
22cbfd79-d49d-46c9-a8f9-ac23d857959a,-0.60155046
c9b67ea4-5ea4-4709-bbf3-b18d2594a207,0.10762343
53907,0.36525714
25773,-0.23874581
ebd03e9a-88ca-4e20-b343-f926ad5b8367,1.7858663
eae72f80-23ef-4391-890b-a37e3c8acfba,-0.49771565
62554,0.15553364
64304,0.033993423
23000309-c182-4c90-bb7f-2b443ef73f6d,-1.2596571
22e4111e-0d23-4d71-a1f4-cc39250a5ff5,-0.8765111
bb110f78-c81c-4be8-a708-4e3282db1205,-1.2779019
16383,2.6924863
d605e419-a962-486a-a766-07d160007d70,-1.143079
34686,0.85756874
31447,0.99413955
50569,-0.120239496
48301,-0.82395077
44229,-0.13946253
30336,-0.43614966
19728,-0.49821568
63743,3.055723
8b2851a9-becd-4a7e-82cc-960493e8e151,-0.5067184
11110,0.7311759
f0f75c76-a64a-4a3a-9055-40f60203726a,0.719199
12351,0.40940237
12633,-1.75565
3523a9f4-f4fe-4e32-b4cb-49de761ac61c,0.7935959
72634,0.7268477
30260,-2.2757251
50900,-0.7302811
21938,-0.29368204
32000,0.40838557
65793,-2.4111872
69048,0.48765004
60494,-1.007345
73546,1.3727599
58603,-1.5686722
51813,2.7029166
25039,1.6049387
7fd3cbc3-9b27-4344-b26e-1f1de9fe7a9b,-1.4350946
c74bcc97-baee-426a-996a-200944dbfd79,-0.35015535
0ba60dc4-4f21-4593-a9ba-f444f596c013,0.10959083
72151,2.6357687
dfe33be2-cc10-4566-bf2c-b8d4999e8e1a,-1.7755604
47066,-0.8593886
73234,-0.7372596
49511,-0.31290758
12526,0.07999563
35791,1.3256706
72673,-0.6011077
41070,-2.344255
c5c02a99-5bb9-4e81-9c27-b5a6cacc3ccd,-2.0897098
7048,-1.4481975
75672d18-3f32-46b5-8fe3-5a46b2c421e0,1.8957009
39525,2.1076567
c4b1ce8f-cfcd-4503-8d81-87ed73f3f263,-1.1028497
55166,1.0916361
5331,0.016236663
46234,0.34669524
73246,-0.14976293
bb92039c-6a8a-46bc-afab-3e6dffae1889,0.057262868
60617,0.80241275
46635,0.118991464
d3dc877b-0659-4d8e-bd03-381c4e551acd,-0.03504598
21743,-2.810268
8485,0.5047605
65008,-0.105618894
0936b1fc-7e46-4396-90b2-6679aac7cb56,-0.24672651
62176,0.8356801
9dfe59d7-27c3-4bcc-982f-6a6417aa793e,-0.05809337
d4e61c7d-75d3-4001-98bf-579bbb44c737,0.864443
5034d750-901c-4aac-b19b-d49eb03ed078,0.76813173
17279,-1.0331544
53511,2.2814457
54269,-0.6073053
53310,2.8310955
53024,0.5977539
64621,0.10290274
39664,1.6614406
23976,0.50700593
40789,-1.3761358
10501,0.19630533
32176,0.3072157
52917,1.0942006
42746,1.2965738
19804,2.3928094
21830,2.0419738
65374,2.331349
c07803e5-1c01-4239-849b-ae5ee16a383f,0.6579181
32117,2.036197
9bd7cb06-f010-485b-80cd-afc0feed3bf7,-0.6269491
12c55237-0fb1-490a-8e86-2a9eaf524543,1.49685
7177,-0.27696776
67077,0.969202
d185fc70-c25e-4200-810c-389ab6b9f245,0.41380322
41078,0.65766215
df4158b9-f0f8-4bf0-b6fe-4085f904b4e1,1.8260274
5092,-0.5832348
21090,1.2271262
9a64117e-05f4-40c7-affe-36a6f86e6de7,1.1462468
47741,-0.35711426
17734,0.20364039
46222,0.6108086
01057222-46ef-4eab-b082-8b2aa936c9d1,-0.6205466
34747,0.76417965
24449,-0.27962172
16434,0.7338307
d8fa95fa-ea5b-4c6a-b0b1-3f6d0956c94b,-0.15306544
42598,0.27398837
21779,-0.71972036
58510,-0.24165761
53577,-0.5738561
45344,15.004087
1238c2d3-ed7c-4fa2-8806-1210743cf7f6,2.4596798
5a2b39f6-84bc-4d85-9abe-5791ca28ed22,1.8071923
61117,0.8691679
59405,12.506441
65108337-f2f0-41b3-a764-61c85e137813,0.29423887
5b02b42a-708e-4101-ace4-ce5920babea8,-0.44776106
45515,-0.26836246
22038,1.0382407
23167,0.0067299604
26564,-2.9539819
4b6aeffd-23a3-4da3-96c2-fcb9e8f5e18f,-0.53717494
23531,0.42986745
ea635d7d-c345-44b4-991d-d3cf95736e8a,1.1661023
28145,1.994805
0452cdf9-153c-494d-b6d1-6f2a1fb0fa99,0.9908995
7d1bbd34-0389-4ac4-b4d7-81d7879173c3,-2.489955
65553,2.676736
73705,-0.07692179
057bc51c-7bc5-4147-80a8-82485cfdd674,-1.3930081
45993,0.96121323
68879,-1.1381559
60895,1.1161895
56329c6a-a20e-4266-b302-9d2a2271941c,2.8930597
b5c896ed-8451-4171-a4df-b089ba30da16,1.6490482
75566ac4-f696-4597-9d7a-567f2f845e13,0.03306091
59760,-0.9802079
83737e0d-3577-47dc-ab9b-00a6cbfba65a,2.078776
11637,3.1043587
10957,-0.1774863
c95e09c7-dcc4-4d3a-b0c4-eb9c763f1146,1.2137907
f99301cd-d1bd-4550-b977-e0dca6da6778,0.927715
270,-0.12180489
41826,0.17625394
74105,0.55117875
21359,1.0619464
8624,0.759018
ac1affdb-c162-4eb3-b508-fa1e6f5bf0f8,2.2209494
28123,-0.5927324
67247,0.36047304
54329,6.0825253
21248,2.493258
55805,1.0165845
4d5e9004-551d-47cb-bc85-b0912e689108,2.674918
49070,0.4204604
54534,0.3631522
e09542c3-3169-488c-b87f-6f239173c8f8,-0.64209497
3c5bd7f7-114b-47f6-8f4c-c12b82ffa0b8,0.45859042
969,-0.06648815
26960,-1.2643576
28776,-1.287743
e2e7f4f3-710d-4701-aba4-dfb3563898e6,0.78788334
3cf8c4d7-ea2c-4e7e-999d-f0ad73241dc6,-0.051289946
41d6bda9-1ead-4447-bf8a-875dbdbd0946,0.8160163
27339,-0.45531595
f02b8715-ebc0-4609-aa30-fbdfe1fb60ed,-0.06976372
14165,0.6415179
52343,0.3975631
63955,0.91097313
46275,-1.2350631
7426249d-b469-4b86-a578-80d07363bd57,-0.5218192
41639,-1.4766504
58071,1.4299926
72417,0.1280452
24808fea-d8e2-41b5-9bb6-77475c050222,0.8094717
60324,0.8311421
28113,1.0946841
56155,1.2781322
39016,-0.8789196
34275,2.0355957
14112,1.4988422
95b96272-89f3-487a-b085-89cdb2bbbee1,1.6638
24916,0.06956631
62950,2.2803226
29745,0.25470507
10881,2.0833156
41110,0.91231704
50389,1.243834
70646,0.27478313
88b77a84-84f2-4912-a795-33e0f237094a,0.48622456
4952,1.6273414
10206,0.8025783
52963,-2.609682
37632,1.3109612
2f91fa44-aa72-42ee-aede-f4b494faaf94,2.8452892
8245,0.5368643
42868,1.4963971
47659,-1.6133735
49116,-0.86138
66272,1.7136325
43316,1.1444182
15911,1.497563
73634,0.6623176
30433,0.93647945
33059,0.78967834
34773,1.5315981
18119,-0.22109425
14455,0.91564465
62205,2.812523
e8e2e83f-93c1-4479-8958-4004419a6880,-1.3802737
18274,0.31257933
83a5d870-cf57-48c6-8912-ab436de7c38e,2.4801137
5e9f3e26-2961-49b3-91b6-f12844c6a67e,0.97876
71134,-0.8854842
1344e6e3-c4f2-4bf4-a505-05829a6fe674,1.2975631
ae53871a-f244-4449-9667-0a183924a26f,0.95961463
12778,0.4238249
6535,0.52816665
29022,0.8161887
63824,2.360041
68df04a7-6260-4964-b0f8-758f84717232,1.541025
42720,-0.62353027
e4695a11-e914-486b-8f9b-785323132b6f,-2.7937982
f0e50ef0-1210-4519-b107-07bd86c492b2,-0.92778015
69475,-0.6011882
a8cf9595-ce29-4e8f-865a-9c50e243486e,-0.18893182
37468,1.3070073
13421,0.24129623
24830,0.67933
1818,-0.6013267
13880,-0.5469019
34108,-0.04829642
37198,2.0286393
53014,0.009595275
58594,0.5676659
8dce295a-c21a-45c1-9f86-21c913b6a39c,-0.40525478
6bc35c28-3b8c-4dac-bed6-eed2d213ce6f,-0.9880395
34393,0.94498944
1a324297-fef5-4d36-9112-39c02e6c9e2d,-2.139442
24394,-0.49497163
46064,-0.6871016
c70ccc66-3c76-4009-a525-7f437711c316,0.10387033
52812,1.007839
61983,0.50387526
14503,0.4210221
20572,2.7691076
30749,-0.7104964
1d01e474-6a17-4d17-8d0a-f5f3e83b7ef6,2.36407
36210,0.5457927
56796,0.89764667
21625,-0.07976055
c336a879-ea0a-4af3-af1d-b42e38c2d62f,0.06389585
74055,-1.3048275
38220,3.219037
27085,1.4840322
19241,0.054703772
c14286ee-a8ef-44ab-aba3-0e638f6eadd7,0.062871665
2469,0.3478323
162def53-59a6-4d7f-bc5a-b296bd870342,3.0928712
e1ed4cb4-fa24-43aa-ac24-04d0365939e2,1.787329
e103c2bf-0296-420c-a012-d7a0be8d71f2,1.3395289
60797,0.2799556
43090,2.2841573
56257,0.97626704
56816,-0.7068428
46163,2.0443897
61481,-0.5327868
28068,0.6734327
519a7db5-bf8e-4977-810c-6437c8cd726e,0.25771475
21268,1.5554771
7953,-1.146803
c14e72e6-c8c3-413c-a018-89d5e3c6c61f,2.1912463
56182,1.6466318
51265,0.5324759
24751,-0.7506716
7da2ab58-59b3-4962-8ed5-d2cbc0b8e8b6,-0.07744938
11082,0.50632703
73933,1.3387256
3298,2.489757
41545,0.20568413
71774,1.1963378
69419,3.081706
19014,1.4630241
69147,-0.6086333
111eb2a0-bfe7-4b3f-860f-8dcdf691751b,-1.7945831
09ff4dfc-7e54-4b36-93f9-5b486635364f,-0.46171904
59197,2.5875266
46675,-0.6363276
65225,0.7852566
491,0.1974407
4fc401eb-fd79-4641-a7a5-3c8e6b86df50,0.09340012
55844,-0.27949655
27162,-0.6853641
b7979696-97f6-4578-b2ad-767d8728105b,1.884246
04fa8eee-7989-4ab0-aeb1-8834062e8a13,-1.3763698
fb72b8b2-3288-4012-aeb0-2a49d1edcb75,-1.3667314
45257,-1.1070352
9049,-0.8102292
4d2da6c5-1ed2-4805-b545-04ac4b407fae,1.2953931
19776,0.44374296
17482,1.0996343
4733,1.3424673
10506,-0.5027584
50615bfb-4269-4ed6-a7b3-7e4505591191,0.9392539
2955,2.0523915
fc4337bb-12dc-4e4e-8036-ae147e7a48e4,0.94779855
20864,-0.27792227
1828,0.2200079
26303,2.6099486
4972,0.26461595
36764,0.51599705
27794,2.6369977
25442,0.30355108
41353,-2.1475468
9df5d1b1-688b-4377-93a7-b916cbe90204,-1.983438
64401,1.366607
49198,-0.010075957
39203,11.884941
bbed155b-7f70-46e3-8f6f-70891df68a88,4.493626
c2e6e00b-f57c-4861-b3c4-504986ac2eb1,-1.9045935
14290,0.767113
1700,1.2086469
d8f82be2-e8e1-4dbb-b5a0-f3a1cd3fa8c4,-1.1305821
28598,0.68053365
73693,2.2709806
6686,-0.505478
ee5d4bc9-516f-4b6c-84e1-acfc8afbcb28,-0.47600663
47481,-0.8622272
b2d37af3-785c-4afc-99f4-402659226d33,-0.54815435
41188,-0.18405211
55034,-0.8005276
40029,1.1706827
0c8d2010-8604-493e-8824-a3f5f36119cd,1.0329235
58619,-0.68385744
31032,1.6854868
01ba4b18-fcbc-4244-947e-259ee89837ca,1.2188501
66748,-0.6848451
32932,0.5700942
e496dbea-23ac-46d4-a2ed-7ccd12deae12,2.008833
876,-0.6004207
69146,0.5354424
c24321af-10a7-4774-98c3-29c41d5cc2eb,-0.8203677
7085,2.3300881
42205,0.6459382
30832,-0.06657392
35367,2.5356648
34785,-0.6314651
30811,-0.90442955
faa51e3d-939e-49f2-8112-01f1004ced99,0.5920634
69081,-0.18261802
41100,1.9067334
59968,0.25575793
16183,0.64214474
35092,2.541643
33633,-0.19078833
22813,1.3421149
41517,-0.23255992
db9308f2-2986-46ec-adae-48ce01a39b37,1.0600307
dfd687d5-05f7-454a-9cc9-5f1062482af5,0.70986515
70833,1.721398
1408,-0.5999464
d0278168-973f-4bcc-b730-1aa3b6ba680d,1.9317122
e041936a-93c6-41dc-92ed-a126ead41ca8,1.4295049
97062130-3c0c-4e9a-9422-0adab70d79f2,1.6985887
c8d56f1c-ab0b-4343-b8fd-ff28d7cd8ef5,-0.87276566
65092,2.013056
26103,2.4894845
faea5e8a-002d-4c2d-8f1b-1d33998fdaf9,-1.1516589
15704,2.6209636
46473,0.7662161
69968,-0.18328989
38986,-0.3299371
11882,0.6010932
10883,2.379707
41379,0.6827681
43700,-0.23806465
5780,-0.14678818
47668,0.14865506
69944,-0.4958532
19f48b24-8409-44b5-b527-82d55eb4c9e3,2.0931256
bd3fcf3d-5c3d-4459-b503-39c7f2504ec3,-0.4957037
15177,0.023468584
0b3928df-fe34-4378-a228-581e2d0e80aa,0.21458703
17534,-0.059063435
62690,0.6220476
35884,2.3992133
4b8d551d-b296-4f26-a8b5-1c0b5717b620,0.428293
5551,1.5848006
36846,2.253385
16732,2.966059
24603,0.011927128
74396,0.7575124
34341,0.4488047
61735,-0.909091
62030,1.0550891
32495,0.78357136
ecb33934-dd36-4745-a7cb-ab9b080280f9,-2.1124363
73001,0.4083022
60609,1.0769283
d9fc7214-ded0-4177-8dc7-e3da696c1b0d,-0.87686574
27143,1.4855926
43953,-2.2748978
73342,0.25004828
36558,-0.4500801
bfe8b8ad-b88a-41ed-9ece-3a538c1eef22,1.9139583
54924,0.42591774
29700,0.41124856
65091,-0.53144896
33665,0.51436454
12157,0.86660874
74223,-0.23076797
45374,-0.1559214
38374,2.4842787
43053,1.3054106
43732,-0.3266183
35795,-0.70266867
42519,0.35006475
16742,2.9166515
61443,0.048024774
6b34c7a0-b604-4e61-813a-37b9812ea291,-1.0118738
24761,0.5796943
6422,1.0408818
43660,0.4301312
58212,-1.3984126
bccd8905-b766-4d75-94d6-aa5058ce1513,0.6612452
39479,-0.33118844
0af877f3-4dc7-42e5-a81f-9a9ca1dc5754,2.3995512
2b5588ae-a6b1-4f69-b0f0-9778bc88f6e9,-1.0778685
10871,-0.09399772
29784,0.9131217
ab500c6a-0264-4781-a1cd-3eac00266539,-1.162792
66842,1.015171
3383,0.12745118
25306,0.5150007
51399,0.5735533
69163,0.95576984
7786,2.6938746
33380,-0.07946783
33827,0.36052105
f5155827-8928-4f6c-a178-55b986d7d44a,1.3246963
12930,-0.19170618
9187,0.13233161
5478,-0.39515626
6786,-1.9932704
14891,1.0736958
17950,1.5864718
57911,0.8280238
bd225646-fc7f-4d58-9879-36b130b7189d,-0.44638574
68964,1.5087382
43464,-0.10248244
fa162ed5-a8cc-4983-998a-6287e5a06abf,3.4019709
cb90e1a5-fa0c-4523-b5e7-d0fda5abc262,-1.2386045
ff4e6c83-165c-49b0-b27e-2e4c36954a66,0.8072496
7549a66d-4efc-4e7b-bdd0-1c09435458b7,0.78698444
42627,-0.41657484
51460,0.41718662
62671,-2.5632925
7fffb156-36a9-49c3-84ae-0bcc68b7cf5d,-0.9083624
3800,2.9204748
35657,1.2083268
dda8a500-05fb-4b56-8f19-00717150bd0b,1.4589443
15223,0.37198746
10174,1.4839482
19920,-0.18331432
18617,2.7648103
9bb84517-514e-4263-8964-c9526729202f,-0.5007882
69169,-0.12528348
10099,1.2079738
5b0e16c6-0aed-4ee3-878e-9dc9a70cfeea,0.5091925
29222,-0.40932286
25f4935a-fa5e-4a62-814d-2b6b39741f24,0.9471295
0184f0fb-8c0f-446b-9850-771bef086ed9,-4.202041
549edf80-69ca-4539-adae-10038a651980,0.39519435
69837,-0.18970251
e8378b5a-3718-449a-bbd2-f59f30653bfa,1.4918399
3ffacec4-bb35-4997-8065-028ea976fbdb,-0.04170075
55363,-0.3516457
bb939825-0f2c-48bd-95b8-1d339c5da5ce,3.3618858
53978,0.0061894953
10252,2.1296456
69515,-0.94948673
2865,-0.841949
38776,2.0311666
29494,1.3719636
39292,-0.050771713
3919,0.6744829
35777,0.9436317
53130,0.3657753
39542,0.330857
39514,0.70610523
11018,0.14345413
7487,2.3267674
7e82bcdf-499e-4187-874d-9f1013e5a269,-0.5971917
55307,0.7421634
10141,-0.7860702
e2280968-0eb6-4685-9920-81b5c587db21,4.389901
4944,-0.52232945
42284,-0.6780727
62505,0.41797915
33787,-0.106912136
51262145-255f-486f-bbe9-4b7721e1c483,1.6383076
32469,0.70809865
7084b0c9-d011-4fbe-9f15-9302c285ab89,-1.128252
57506,-0.043111086
30129,2.6388478
52208,0.9808396
50248,0.87728244
369ec398-e879-4070-9906-16e6226b5f04,0.003300339
49663,1.0442302
69520,0.8493466
35973,0.6160607
d9c3fb10-f5c7-4162-88ee-4244027f622b,-1.5336697
58501,-0.28845608
0f274b93-5105-48d3-a99f-43a56d073cfd,2.7562556
42402,0.9233481
24633,-1.6827619
64585,1.0963266
ea0ce49c-170e-4cae-b8c7-19bc58b41fb0,1.1444669
41495,1.7022493
1891,2.7147183
41584,0.6835521
45791,0.9293985
35f01bc2-9bdd-4487-87eb-bed8d395308e,1.377475
29926,0.053049684
63f330a5-0833-4fc0-b1b4-ec676185981a,0.7138926
16301,-2.7469912
30308,-0.4115399
9f4660d8-0c3c-418b-a643-f8cf4eba5a37,0.9724561
64999,0.23965995
50770,1.6013689
32966,-0.15709239
30707,2.5822942
58940,0.9409497
53409,0.8765338
4ba80a55-7f4e-4e00-9dc0-1c7abb0ddfdf,0.056734234
2770,0.057207644
5ec14449-629e-4bfe-a89f-2513e3f4657d,-0.40997803
60628,2.050339
7aa3c990-1046-4b21-85e6-e339d93b2867,-0.6592616
5430cb01-2cac-4193-9f67-f09c8cdfc0e2,1.8488295
56c0cbd5-0ccd-4476-b6f2-73f41139f6e7,0.19544543
1141dd1a-5bbc-4b21-85a9-1b840a01a196,1.699716
46437,1.3142498
74526,1.738864
f57464b2-8572-43b5-88ce-90fbf4e2e265,-0.07191849
b1fffe7f-2a51-4d61-8fe8-c7ceb9245409,1.8395633
10064,-0.3729899
35552,-0.57506096
8167,1.0792403
48836,1.6087451
8115,-0.07139385
67846,-0.1713975
cbac993f-89f0-4246-a8fb-a34d37c0f6c2,0.90806216
f47ebaa4-3859-44c0-9b47-c1a8c17561e0,-0.8094537
45805,-0.9735981
20577,0.53683716
7283,-0.16588014
22104,0.66725445
18392,0.13369316
40518,0.27374455
9338,2.0778513
52758,0.27487978
b568668a-90eb-492e-8c71-6c3c83593c74,1.059952
73205,0.11074841
b1c2433b-86f4-4895-bcde-78e0cd34de96,1.5921477
13447,-0.30551434
30905,2.5116668
909d1844-bbbc-4471-a0a7-b3933be06a7c,1.4948086
82abd86f-c760-4f62-bf42-db5e8ba94811,1.3865007
11311,-0.4387313
29606,0.6034383
57809,1.4528133
f912ae69-7569-404a-97a1-d57e8395c9f6,0.60287106
46718,0.70302296
32358,-0.68918395
58666,-0.2126404
5844,-0.08670959
18671,-0.0918811
9158,2.423819
15328,-0.050248504
58473,1.226872
20626,0.018762141
37112,1.5319688
39038,2.1558437
6dd76e79-f082-48d6-9b13-d55a9679465c,0.5057673
7885,1.137214
71614,0.54198945
14018,-0.8601457
d4c9d2ab-3ad9-4215-b068-8a6ae889ac0a,0.80750054
74172,-0.64992
1d5ac1e5-111a-4c3e-9efa-78d095b7d057,-0.99160147
894bf74d-847d-4b4a-ba65-ed395f95d327,1.0838718
6ff6bcfa-ce49-4e81-8a1f-133daaffe2b4,-0.49069947
7ef4dcd0-75d7-4ea4-872b-ddee13d74479,0.07257596
62593,2.5137846
69402,1.8743639
55975,2.3595457
22995,0.036210537
9772f2ce-44c1-4996-86c4-b46457d5d7bb,-1.8090248
bed455b3-190b-4eac-836b-77fb6680fd45,1.001849
59439,0.4950751
6688,0.27096325
11332,0.567338
55725,-0.7462717
629b9a1c-c07b-4756-bd2e-03f3714f4de7,-0.8861866
49181,-0.9322393
53991,1.1344112
f3a9ab68-7013-4466-b147-9dcaddab40ec,4.083206
40593,1.1688966
8949bbe1-d59a-40a3-921e-b215aaf8bfde,0.15492117
35058,0.7999086
23608,2.291594
36102,0.27061346
62040,0.023668647
55733,-1.0786896
24460,1.7681423
b8f6f759-da03-49e2-a7bb-2e35ca4c92ee,1.3066695
62605,0.63666385
2740,-1.0977192
8aa9a21a-a60e-4ffd-86b1-11f15030a5c0,-0.24981308
29098,-0.004707098
e70d5a2a-4f35-40d1-9beb-ce32d298f69b,-0.30953693
41756,0.22840971
097bc025-02d6-49ba-8546-bf209c985857,-0.337793
52656,1.4692914
51517,0.011415333
8fb94565-4552-4dc1-b1c7-a7b0fb09cd32,-1.0161335
1333,-0.25225103
f225811d-b55c-47fd-816c-108cfc91c596,0.39360237
bed4442b-a514-4d7f-90d0-2247dc0e62d4,0.59910357
72755,2.2447376
46095,-0.028912157
41652,1.7813907
3392,0.12896296
26810,0.9132552
74542,0.9217998
23244,-0.5389942
bc069074-b164-48e4-82bc-7c7e78c188a9,-1.5159314
8e3fed9a-e227-41be-a662-283a659d18c2,-0.3373567
58368,1.5616333
14640,0.51547694
bfe1a863-f71a-4b4b-bb7a-c866f643f6f0,1.1441734
17157,1.9697292
7def9cc1-e1a8-462b-bcd9-8370aa5dc141,-0.86017907
43947,-0.47946322
432ec464-cf68-428d-bbe0-5d25567d26cb,2.1082313
0756aae4-1980-4f41-a29a-24976b2aa0de,1.7501618
669f87a1-c0ae-4677-a33d-a44341fab6e4,-0.27765018
21282,-0.4727041
a8ea8766-051f-48dd-9f93-3afdfa6f4972,-0.2599882
20611,1.6839654
a1a7db4d-0243-480d-94f3-3243fce41ad4,0.5248442
55227,0.12082577
18131,1.3834423
69606,0.5328743
28306,0.50695765
10893,1.4425031
2dc02656-7654-4b65-8bbc-f3e9fba6083a,-0.7295686
26935,0.23042452
47491,0.55836976
61be99da-553d-4aa8-ad82-98f0a0067d48,0.2026797
35160,0.2602405
47033,2.1726422
49820,0.84585667
45904,0.3450605
61123,0.2564382
ca1f0179-4413-4bbc-92bb-6522dbdee43d,-0.20505506
16447,2.4524648
92b0f089-4b9f-4704-948e-0f512613b5b6,0.72359276
43712,-0.38247794
14436,0.48320955
13104,-1.6265225
4155,-1.0223008
52145,-0.20142078
35704,0.3408966
cf8a43f1-1063-454a-a508-cb6401140554,-1.0096712
32807,0.46742296
4215,-0.40633637
ed2fd305-d396-4b87-bf10-f81c4506db62,1.1482832
6752,-0.2928481
61619,0.34648365
5b850739-c4c4-45a4-97e4-dbb2f4a7637b,2.309014
8c4bf37e-46f6-45eb-9c68-c7a14e6572ec,-0.21184403
14185,2.094391
32473,2.217098
60d30a85-725e-4c56-bf7d-dcba70833066,3.0453806
72337,-0.0067905784
68011,0.08340219
5a6e37b9-4270-4dc2-8f89-980f39be9e4b,-2.0010514
22555,1.599087
17907,-0.31727457
46323,0.56800735
72400,2.0497847
55794,2.5702548
58121,1.3766078
6dfaac3c-1bb3-4662-acbf-6b4b4f541c70,1.295991
c48a019f-42a8-4cc6-97b1-875fe916b89f,1.0740671
47700,0.9199116
2d69e990-c4c5-4d38-9fd8-6420aaa39e6b,1.0850697
40067,-0.13790178
dcba6c2a-60db-480f-afdb-aab782287bd0,0.2355766
33250,2.5129848
55823,0.6390901
e34e6b84-12d3-4e54-a28a-80b0bdef4d2d,-0.6943004
23562,-0.18946135
20573,1.4182718
43084,0.33218485
13255,-0.17915654
30058,1.2480593
3f105539-9391-4749-95d1-7498b0a6cb4b,1.7636304
c3bc6735-a23f-4578-86a2-6ed09c9b37c3,0.11515337
29111,0.9666053
12497,0.49242842
27554,-1.1401049
9ca016d4-d710-41e0-afa3-33c8e8b361b4,-2.6312168
25445,1.0203022
18164,-0.79612374
20894,0.3799355
9ce0b742-1822-4bd9-9847-37746e8bef8f,1.1615591
25855,2.5651402
7492,0.34345955
14249,0.31864583
12,2.8563917
34326,0.91044176
03c76724-d0d4-4c4b-a7ca-5cf38a464857,1.1181908
30760,0.40907615
90119a8f-68f2-47bd-9e78-847c2508108a,0.1896351
6933d316-b844-4070-be62-158672353d0e,0.76855516
17129,2.5942984
50286,0.11739129
e8e26c13-3e1c-4387-9a01-2d7b60aa3d29,0.5480238
25884,0.92740434
6d84cfdb-a019-4758-9a23-2343c2c19686,-0.16974068
47430,0.24746758
53716,2.6029675
dcd7b129-9416-4fb8-8974-28600d6e6fef,-1.3274763
63662,1.1197054
15883,1.5579038
edfe63d6-41bb-45a7-ae78-3a43ffe45f88,1.6873089
49451,2.9851537
30788,0.12676415
69662,-0.8639889
16906,2.8248441
20091,-0.50048083
68378,0.12642735
49117,0.619146
61395,0.8142677
30301,1.9751127
61557,1.027123
68e05e06-dc40-4c06-aa89-1c31b0cc44d3,0.31103516
41145,0.16911986
66740,-0.57057434
53836,-0.1390037
0dc93dc8-ea7d-4aef-94fb-9e12d030c872,1.5561168
68723,0.0045790076
175,-0.30571216
46243,2.4138427
11123,1.5759751
ae6dc3c5-c6ae-4669-a4a0-71fb2a6e46c9,1.6517351
77249f1c-ff22-4dfa-ab26-24e9c978061d,0.5121634
403ac7ac-8d7d-4bf6-9940-87e9a1260d10,-0.18149477
35182,2.5807104
49298,2.7191157
69479,1.2873397
d1b24c78-c7a0-41c1-acce-d9363a61cb3a,0.9488911
62810,0.05137837
19313,0.42970455
9a873597-2bbc-4ca9-8d2e-621555c08b21,2.6233418
14854,0.23891038
dab8b32a-04c3-4a3e-913f-1d49eb15cb19,0.06766105
19040,-0.7318506
9e07f6ec-42cb-4e2b-bf6b-e3f4c2ce2efd,-2.35888
62858,0.15314412
28976,-0.07290271
5b2aa0b5-b33e-41d9-a14f-efde46627395,-0.99375665
65103,0.7897018
45659,-0.2006793
28878,1.614671
14353,-0.9615928
18515,2.8171992
537b5eab-54db-48c7-80f7-9a08048c55af,0.35330683
406ba88b-0bf6-4461-a6a4-63a1086e748b,0.65763247
10245,-0.08001822
e7bb79be-bcd1-4084-ba05-3b887837d91f,0.33764094
65251,0.030480921
32220,-1.3907511
0069a467-84fd-4b74-828a-0dea10939c5d,0.87046444
4c107947-0483-4224-8051-0dfc87ae955e,-0.55284834
10802,-0.59413
9e742987-02e1-4956-a02b-430e71dc1cb6,-0.47159898
25649,-1.1324835
24269,0.9883136
54093,1.9255816
61342,2.3321776
10625,0.30179945
46278,-0.10669607
bb98f451-8533-4b28-bbc5-71fe5406c917,1.0899615
67161,0.6774794
17985,-0.5114591
19422,1.2961507
62107,0.8227594
40728,0.98195523
7d21cf14-8add-4f1b-9706-40420984741e,-0.13834512
55740,1.1019728
23858,-0.9218024
17230,1.3458891
a8869158-e0df-453a-9786-ba0af4b9632d,3.1370864
1560560e-2842-4480-b3ba-f65201fa4c01,0.5140912
48e47d22-45ae-47fd-90e6-2ca35df282fe,0.07425675
71914,-0.07344344
5069,1.2034252
30152,2.6489158
1b861880-e0cf-4411-8f5b-17ba06a2452f,-0.9492606
45797,1.5934477
10022,0.09045681
96a79572-b5fb-4527-b673-eece6d30fbd6,0.9027544
54297,1.3849366
24304,0.2903787
33000,1.870178
29821,0.67549187
90b2e902-5ee5-444e-b1d2-2c2f335e6898,0.61848426
25966,0.9763583
22050,0.90462315
5ae49232-2dc6-4731-8daf-28acc1f3f54b,-1.936924
12466,-0.5544447
20944,-0.056675583
50367,-0.14260566
72910,0.08403328
62997,0.097337276
d8f156aa-6c25-4936-91dc-5c4d0a955b5b,1.7546167
31643,2.2070463
65246,0.9065665
32974,0.7847135
41001,-0.6721208
921c51cd-f44c-4c7b-b8f9-baad4d452c69,1.2570632
9760,1.0430008
3a38cef2-5165-48b0-8711-11270380cb93,-0.9802313
23225,1.0181099
dcd23c6a-f6f4-4cf2-a560-c5e547040a09,1.4135792
36691,1.6872525
29496,-0.34401888
e425da6d-5df4-48f6-aaa1-b9a3fc1c3437,1.2682332
54887,1.0319018
45784,1.010611
61888,-1.071362
74531,2.3695016
c9d14ed6-979d-414a-af8d-54881d5272d3,3.0337768
402926eb-efa8-44a6-ab1a-83792334d9c8,-0.20760125
51645,2.3181102
45399,0.1258465
74489e99-7d9b-480f-b5c3-57faacb6851b,-1.5636075
51802,-0.7564063
46318,1.8422666
18501,-0.41317868
3f4c3aed-c43b-4a50-8f1c-d6b27ff93059,0.48620582
65875,-0.09180373
23711,2.1979094
42418,0.24368438
5180,0.75888145
42088,0.943984
4ac23611-c73e-4d77-a205-ec594a619e39,3.1549983
e185ab4d-b19b-49d2-9fb6-2f2c9c14c2cc,-1.2235805
6307bf21-9283-44a5-a30b-60f7142517dc,-3.6933894
5460,-0.8142495
22946,0.60353184
58933,2.2324343
5079,-1.0347035
33042,0.7647153
63455,-0.41854286
4da9a2fa-eef9-43c3-9490-515f6b26f9f7,2.396914
33693,-0.46629506
4f18d18d-197b-42c7-90ab-690617a7affd,-2.102983
27844,-0.0063595176
5833,-0.17436314
36095,2.9730399
52830,0.4749864
66530,2.4918454
40280,1.1996543
57922,-0.47306067
13823,0.6043117
4806,2.637981
31007,-0.6932807
50120,-1.4114356
66978,0.9920213
b092ce9a-1d03-4100-b121-cd944094adee,-1.9311116
31509,1.4264829
ed1adecc-47fe-4914-b7a2-1d949083c8dc,-0.2205627
37745,0.11784893
5b09c595-341f-4dd8-97ac-b22cf140abf7,-0.6146109
1504,0.44705915
29549,-1.2459526
8c697cf9-f382-4dd8-8c7b-516c709ae8db,-0.22926879
33956,2.3213363
30268,-1.9873681
41103,0.39389598
11471,2.451416
24095,-0.78718567
8171,0.105727494
61207,0.5423108
61030,-0.28254634
34203,1.1887258
3ff733ee-00ee-4b02-8e86-e63fa373bd09,-1.2189105
25198,1.8091544
19667,2.2611449
54089,-0.99726284
a0d18781-afdc-4305-8090-f5e71d54b345,-0.7317045
69077,-0.06272942
40852,-0.40892363
65942,-0.53014815
6906,0.06298989
51658,0.05472219
70795,0.08133301
31908,0.40367624
1095,0.102216065
b4e771d9-6c10-4734-a078-9ff15b2bfec5,-0.8606808
bf75d885-8747-440c-bf41-dec3ad195735,-1.2155225
29405,0.6977813
8273,0.27453947
466,-0.30179906
ae2fd833-70d2-4dee-9207-bb8df4075ca4,3.075037
6dc2c3f4-c73d-4097-9fdc-90ba04b4393b,-0.010625005
73200,-0.5489385
65564,1.2636158
2155b65c-c436-4b83-89b0-0ce86df932c8,1.2216392
72487,0.76187956
25680,-0.16496646
dd7d1093-e082-4d48-830b-ca7f92f54731,0.45551896
15486,0.6566067
44726,-2.6259227
9965,1.9615952
5485,-1.2202303
10209,-0.41568577
5289fe59-e966-42dc-90ba-00887f135874,-1.3383167
67394,0.3259644
2fe071d7-abbd-4232-a08b-c64a1a74a106,0.34525925
41090,-0.11972481
14807,-1.0583869
48095f66-144e-480c-925e-9476b22d3c62,2.0058413
61401,2.1135502
35997,-1.6240654
23814,0.32852572
88187df2-7d76-4686-8217-ef17f8d2cebe,-0.91251147
45555,-1.2278767
5ab6f4ac-780c-4c43-a07e-b5372a9b2e83,-0.53614104
60856,0.63465095
39213,0.65357894
61332,1.6643744
56313,0.15751374
f0f6e211-a5ae-4ea6-849e-b0ff87825c16,1.7416409
23390,0.885983
33671,-1.3947296
54585,2.3717492
2942,2.7941532
48579,1.0020465
59506,2.3774323
32817,2.126368
e693c265-9371-4508-ab77-20fcdb535e9d,0.60793394
42741,0.53535354
67456,2.969954
f75a3e0e-660d-4ce2-a72c-92e4f24473bc,-0.44375467
28722,0.32337442
b0bc2665-8e24-46aa-be18-2a0b95ab9c63,1.4589915
39532,2.3638592
36609,1.0054758
5845,2.9891777
36fe88e3-60a6-465b-9926-0260ebf8bd1f,-0.8742229
f24df7e6-2348-45cf-b5b3-9b20115a8c0c,0.33338448
217a2c4f-3e1a-4be6-8a40-5f4f2f773330,-0.005113691
f88f493a-9083-4a33-8b8e-899b09abda63,0.42876172
36096,-0.2115078
26105,1.1703976
70048,0.71216214
fe4c7635-27ca-4bbb-a11e-17b3fc940be7,0.39096844
02a81f48-87bf-407c-ad8d-c064925d4159,-1.8446066
4f8d0e9f-488a-4f81-8ee6-d4a05c2a6189,-0.9257293
12145,-0.1666528
d99d6b7d-e76c-463e-a3e0-3f7effa24d93,-1.1158489
50990,-0.36212325
bde2f1d8-68cb-4d51-a55f-8cfa19c5fa8e,-2.3865507
3580,1.128701
e0abbe4c-d399-4b01-9c89-4caefde8f83d,1.2983013
f682d67d-61b0-4cbe-90b8-c0de92999595,-0.69400823
26241,2.9338555
63470,0.67154974
24923,-0.8105446
11021,-0.26848245
21338,-0.1687305
69374,2.5753303
6a0b2d18-a361-48a7-8fb9-3efd0dde164b,-1.0973477
54052,-0.17537409
11664f26-6775-4336-858f-d44d3cc43001,-0.09546524
14580,0.0037486553
093661d0-d180-4ae5-8336-eaa79b8192bf,-0.76133645
1eca967f-e093-42e9-8207-a2610d66db1d,0.07947093
5205,1.2269382
48146,2.6657622
12249,0.5736995
66245,-1.3340844
45304,1.1008207
4359,2.3152492
66a502a1-c559-4dab-b577-ff7eb3110961,2.0800622
28867,1.9935939
48411,-0.6487467
401edad7-074d-426b-9075-b0b09c4c4269,1.4487737
12811,-0.25679386
62751,2.3119016
64907,2.2872267
30893,0.2852168
0cf7d506-e1d9-45c4-b267-ca082f12740d,2.4562151
71173,2.778578
22329,2.4479809
10568,1.7692637
61233,1.5353339
50236,0.55723745
5e495f5e-7141-471f-82d0-27e8d10ba535,0.68351775
22529,-0.74625874
7ebf56d9-499e-403c-a02c-620316356450,-0.29945827
18363,0.62940073
65415,-0.0658108
6f09248d-bf34-408d-b76d-28d92ef4c803,-1.573314
67099,17.998472
57467,0.47737923
7500,1.1384158
33475,1.4115137
13418,-1.1651483
7046,-0.14646685
f7d05579-d50d-48d4-8258-a0afbd12e253,-3.4653141
847,2.469176
3e323a13-93e2-4969-a510-3ef65d32ff76,0.62911034
54391,0.4961874
60572,1.7434087
56304,2.109184
31304,1.4843653
40005,1.4240277
c4f2fc56-4725-4a61-b9ab-b5dc8e84e5b5,1.9041047
54009,0.2755825
29571,1.2059314
43680,2.7702596
e49e6b05-39df-4ece-bf62-e15f3dbc7cad,-1.8521471
74227,0.79751337
67561,1.7642024
67016,1.269114
47644,-0.14358884
8404,0.7348907
69040,0.20485109
1f6d554c-e0fd-4438-b031-d787607cbe03,0.3331883
3714,0.30790955
4350,0.34951684
18882,-0.07141432
57515,0.061088115
308f3a16-032b-4ed7-ac35-d5ee97619b4c,-0.11100924
1897,0.6786076
11575,0.4199956
70510,-2.5628417
410b0a0e-2af7-40e7-8858-f58ebf350f75,1.7195823
6191,1.7714963
62642,1.9154253
68028,-0.2554536
38141,-0.21422768
31832,-0.26855028
2138a382-3323-43be-9f0b-d7095e27bf29,1.8873508
59205,-0.35216683
72582,-0.2521757
cc3b664e-a650-4325-ad8a-1a9c9e74c053,1.1758038
43902,11.860544
42593,1.0946562
14715,2.0054822
24084,0.5709406
6501,0.22380003
32769,1.759028
67360ceb-4211-449c-9db3-03334899fd5a,-1.6775057
39206,0.42143884
8993,-0.74514484
43973,-0.17672592
33717,0.4675636
38308,0.83997285
44411,0.62321705
63433,0.15429926
45126,2.2277238
12d8b0f2-0ca6-43cb-811c-a2f6a7339875,-1.1988543
12940,2.468313
56989,1.0631073
13039,1.6328673
cf233dfb-4d23-48f7-b9e1-0eb761cfd5ff,0.26100224
14526,0.45961118
68865,0.22541028
30585,0.61656034
bb81ec6e-310a-4c3d-96e9-481f859a8340,1.9546678
53981,1.812249
e63c64da-5f7e-4bd8-9ca6-553adf12d71f,0.9729123
34383,-2.0393097
25070,0.27230626
828492a8-e34f-4e2e-8381-0c3aaf8727eb,0.86644113
73362,0.202744
40254bc9-2645-4cde-ad69-091a143f9f2d,0.23385176
59878,0.9818442
9355,2.4915266
6519,2.4574933
71720,0.92719007
15788,1.6376184
42802,1.7065581
c5c15621-15f9-4a12-a040-c43ff8579d6d,1.1600801
18773,-0.8347006
39410,0.5647864
430cb9aa-0156-4229-bfc0-f17cdbd6d7de,-0.5427383
12437,0.74027956
43132,0.2961036
7215,1.6112578
13514,-0.071838886
3761,0.47848502
c3bbbd4d-47f4-43da-ac6b-57fbdfe0b61e,1.8178889
a8745bcf-a4ee-4033-b708-e63b4481e79e,1.8034189
43550,1.6027
50163,0.133679
09ea1a66-6bfd-475a-8bed-92171425a9b7,0.6729313
616b4fac-34c3-48b6-a39e-c4fd35db2be5,1.1667511
13aae7ac-18d6-4bab-b38a-3b228a95e499,-0.5764298
18343,1.8404409
46798,-0.8633603
46f82c0c-3ef0-47e0-9053-4eaa2bf457f8,2.168302
64965,-0.66565895
44846,0.6576086
66498,2.335469
99bc2223-d5d0-46b0-9893-b47277caab11,-0.86912143
50d95d79-079d-48d9-bba1-24856efd7c9a,-0.9806775
37438,-1.2417775
20622,-0.31255758
35216,1.1382062
60575,2.2669432
31137,0.15874523
53897,0.7175271
5ecdfb93-3296-41ca-9077-ad100eecc8ca,-2.8620229
47039,0.88336086
41941,1.9208452
63577,1.1865842
82a2c416-36c3-4340-a3c0-2d7b94bf7819,-2.5784616
48208,1.1231251
d87cc948-1631-4215-8ec3-8ed536040cd8,-0.20966268
24624,0.7845692
bd6e5a10-6ff8-4d4d-8706-67bbf716df3a,0.048772216
11990,0.87552196
8010,0.46407947
50719,2.5518112
65860,-0.23072743
68432,1.0291378
3634,0.6316802
9efcbc14-b3f7-4211-8907-95b87d540395,1.5490221
16731,0.3572651
45830,2.197538
b537db99-148c-4803-999d-d67a4bcaba76,0.36366993
10393,1.2050257
61344,-0.88348484
2ddc1508-8b9f-490e-9685-415a485137bb,1.5735617
19832,-0.22237462
ea82b288-dea5-4db7-aed0-f94286f363ac,-0.4862476
fbc54ea1-0457-4906-b110-8d297cae7319,0.32183367
30214,0.27636975
b8d44d0e-3a0e-4801-a2e3-8a40bd000d03,1.1506176
33625,-0.07148996
6449,0.049166203
52003,0.3343101
4c2a76a0-6738-4ceb-addc-c2831d56c8ab,1.814991
3923e5ad-8214-4f58-ad58-250dd57076de,1.6250668
34168,-0.25875908
48084,0.14762563
30187,0.5529539
1a2bc0b0-5c02-4dfe-9f9a-8087f878a854,2.3293943
c30a74c9-7afd-4192-a64d-9853487d357c,0.5835049
56526,1.6618199
7cdfa73a-8b20-45c9-8a35-21c6be458c1d,1.6524673
12d08c4a-9d87-4e2c-9830-b626fb141c61,-1.1549355
d08ba405-42b2-4e17-bc9f-749110555401,2.2396789
12834,2.2164896
51625,20.80386
13369,-0.2714985
35811,0.7760676
47098,1.3227341
71192,-0.25442815
37252,-0.46906918
3423,0.92281723
45801,1.9264873
5787,1.2518642
40180,0.21623689
63518,1.9680789
22085,-1.0334094
37293,0.49452668
7655a311-9ad5-4aa9-876c-c37797c678d4,-1.6828594
31ded14a-425a-477a-8597-d688d346bbd4,-1.6650188
40159,2.7441711
d9443625-5076-4edd-934a-3de21d70a13d,2.1821303
0c5fbcb2-178b-4083-af66-d515c8b5a7f2,0.24337734
f0485c75-73a7-4e69-8139-9d7e46c869da,0.73807967
11948,0.9071568
1716e79a-2d69-451c-a429-3bde731b9114,-0.42975724
8277dde8-f0b9-4db8-9579-2e1775a7ba3a,0.51855654
39546,0.5521389
158c526a-c30b-430f-a8fd-53f683f3cc38,2.3780894
c1040f28-aa73-4aa0-bae7-cd5089325688,0.24983296
35955,-0.43981206
60399,-0.13313425
29138,2.0767398
6ba3990f-fed8-469e-bcc4-9308fbb3f837,0.7012288
42597,-0.4571271
9061,0.037855327
22952,2.4133801
21846,-0.6069479
331e3362-b2c4-4671-9995-40873785ddb1,1.7603889
787b019a-3f4d-47ac-b1fa-e703c7a078b9,2.1914656
38281,-2.1756713
26141,2.2082922
71251,-0.27135485
18113,1.2375224
a24960fd-fe67-466b-a296-916132be0256,-0.6263708
51992,1.5370167
66866,0.39497924
26956,0.0033547282
46535,0.76935995
8805,0.602932
77a2573f-4048-4c9d-b9d5-8e5e5a3c54e0,0.3714338
19483,-0.43503284
55896,1.4129276
21010,1.1531578
f284c983-57a2-4b46-b69f-961f49392e8b,-0.7217753
24820,0.03104359
11186,0.8509157
53873,0.023218304
7030,1.2606167
46544,0.2956364
34944,-0.56527895
d8da576b-05e7-44c6-8158-3710327c98af,1.3914192
e0a7bcd4-b7ee-4e97-ac96-3c6c5265d2e3,1.2246066
1414,1.3270835
36739,0.89757246
3706,-0.1600951
387ccd9e-d8fb-47cb-9dab-af1868185acb,0.8338019
57544,0.2192944
41762,0.58592093
9f58e1b8-9886-4787-b5a0-eb6b73cb44ab,0.67317
8eb96c1a-6193-4f0f-843b-4b91efbea553,-0.84907305
32611,0.38140136
43719,0.98622525
60643,0.37532422
f43cdb1d-25dc-4eb3-86fc-c746fdadfda8,-0.16653663
8991,0.6666377
3066,0.12386814
56823,-0.6674459
62313,-0.40013593
4fc74d22-c9ba-4f2e-8368-3655ed82d886,-0.05164379
32639,-0.698475
52967,-0.60045743
60172,-0.3253516
d5592fd0-c2a8-46ef-aa0a-167ec890df11,-0.72664523
6dd14893-dfbd-42d8-890f-841b9f0e1104,-0.5783246
fe51e6d2-bc4b-40df-aabd-cf115f5ba445,1.5184675
2984,0.4730097
38728,-0.72100186
69441,-1.0172889
66303,1.1634927
52862,1.957217
73691,-1.6778035
71552,0.76190203
d0459b22-501b-4ccc-a12c-80ce2d9e2e58,0.11233482
45875,1.3736556
20633,-0.53656244
74580,0.0080857575
43580,2.6083026
1940,2.4439597
27250,-0.2182948
95a3f02c-2feb-414c-b4b5-51516aac092d,-1.2744968
35654,2.0046349
45016,1.4295347
69314,2.7403247
167170ea-ab8a-49c1-901c-72f95e2ef791,1.2028886
303,0.94353175
c0d79399-8c55-4cf0-87b7-a67ee23bf9c4,0.27822787
29360,-0.5345112
24332,0.30988747
47694,0.53219175
48732,0.21655986
bd5bd487-0694-4e71-8816-07e75e9785ac,-1.0994847
38096,2.3907824
66976,-1.010525
53eec3f0-c6e0-4877-ad80-28f7c49ea225,-0.26489234
15620,2.3736498
39321,1.7508852
34673,1.2204182
b9935563-89b1-4e72-843b-40b478d1e2f2,1.1379073
3913,0.8230154
72599,2.249588
55488,-0.18706411
5ee8c219-bc7d-48b8-9b49-737aec8af569,-1.5059781
72465,0.51928294
7351985d-b856-41d6-8745-70552053449b,-0.29025424
25777,-0.3460728
7279,1.700563
5274,1.5148259
5300,-0.6442838
70963d54-dfda-4282-888a-8605dc5acde0,0.46814537
42239,1.1385965
14220,2.0022416
21afaad1-d7e6-43b1-bb19-1e682a518d5c,0.9696864
30475,2.0016356
41691,0.94303364
18471,0.33101118
52742,-0.2337231
42860,-0.70621705
54437,-1.88449
c6294f7f-b595-4f9c-ae7b-d7b3d410cb40,0.59620774
18753,2.0716174
28731,-1.6823115
a43c155a-8a7d-4655-a7f7-090e7038b141,-0.14247704
59656,1.7328917
50823ba9-4f10-406c-b3cd-3ef7c948b587,1.6429131
64232,0.07379466
44095,1.393201
3296,1.7706592
0859ee64-7f36-4e43-a91a-1cbd1920e24b,0.052069128
10870,0.45041192
aab64282-82ac-4b76-9dc0-e2595745f9d9,2.2082002
63953,-0.9955729
87b570d1-8fb6-4fc0-ab99-10c71eb96317,2.6551948
61969,0.9422813
32790,0.7355888
22334099-bb61-4093-8e12-9db463f6ceff,0.42647177
37531,0.4737935
a24ce4d6-166c-4e4c-9816-5b17c9f2341e,-0.8530674
23733,-0.007806927
56133,2.3069015
a38acee4-f8a9-4d7f-b8cd-91edd005d2b7,-0.86635554
31187ec2-aa26-4455-bfb0-587f07c8d581,0.6288543
4ad1b92d-a864-42ba-8ffa-9e2359c54792,2.6113143
22681,0.16825116
11316,-0.8583237
67823,0.4710772
0ea93f5b-1e62-427f-a5c5-c9d82834c145,1.5233207
24162,-0.22436565
56669,1.4258718
15914,-0.8015269
420ad925-02d8-40bd-8eee-5c115f44c215,0.8642018
19684,0.4778837
35535,0.47436517
6547,2.0377965
53582,0.38970613
24226,0.015040517
fd84e4f5-eef8-4a19-913b-c8e6f4ba3dfd,0.13554895
8543,0.46080318
75db8176-3ee3-453b-b295-ff306c50703d,-0.226345
43407,0.0969286
51202,1.188847
20102,0.11673507
37799,0.66942275
56872ca6-ac41-4820-a304-e60e69098325,2.5061207
14650,-0.08192691
108,0.9139972
a0a8eaac-bbc6-4580-b6a7-85de1c385946,-0.8807442
17970,1.9773271
42513,0.76932317
53586,-0.635991
5343,-0.4149779
71022,0.32973087
44483,0.29643995
9512,1.503862
56487,-0.81150246
1141,-0.8091178
34982,1.1672738
c9684395-00df-43a4-9916-9b7726774bf0,0.4230104
a5d9891b-18c1-494d-ae67-a89c80d2c538,2.4878988
9051,0.48021197
52c6ef6f-3053-4ec2-8359-013112aa87c4,-0.99786043
7bd2cc6a-420e-46bd-98ec-1bd1cc060f67,0.15425819
63409,2.8155508
46654,0.42555457
23934,-0.33645672
41605,-0.46053135
51314,1.8888767
38352,0.012829691
70278,0.124830246
23672,0.53825533
0f8d7c79-c6ba-4c2d-9f7d-77db53cc1505,0.52391636
b59d16e3-de97-4463-b73d-5cdb362465b1,0.355749
21391,0.36721447
30564,1.3309159
30117,2.5214887
37744,-0.45552516
22259,-1.577644
1685,-0.22354174
8347,-1.6258879
72616,1.9133286
fe725e90-e6b1-4f7b-8a8f-28c096bb412a,0.4555137
10ecae48-827a-4835-9b6b-db56ad97c8e1,2.505042
68622,1.1448082
150,1.9608853
10072,0.2364313
25517,2.5216796
5759,1.473033
a59af754-360a-4565-910c-5ccb6438c36b,0.30571923
906e184d-5bd4-40b6-882a-76f7d186f814,0.517297
8aabe8be-f26c-43a5-a683-866e37e98ef5,0.021388173
95a731f3-3bda-4f4d-8b48-f3809dd29759,0.17203937
72663,1.2750382
16478,2.843505
d8e257bc-dcb9-4a08-a408-fd44eec21c8d,-1.692666
8453,0.023939997
25499,1.8280044
6d7dae82-ced8-4a37-a96f-d2314a616e58,-1.7968988
19092,1.1087196
33286,1.5544446
69187,-0.15939873
17892,0.79550076
68184,0.8220112
71ba4ad1-14e8-444b-b8dd-3d108689492e,0.95251024
37489,0.74312687
27105,0.39509386
10944,-0.6356201
56807,1.5185511
38500,-1.1472104
40680,2.1700835
12315,-0.514756
32568,-0.23982847
bbc3a082-b6b0-4458-98bd-408d9214eb6c,1.4077492
8c286f6e-e0f7-4735-b47a-cba66f26f69d,0.3283007
a1d07baa-5483-4558-a515-78ef9e63c7ba,1.864634
28b6cc28-af54-4312-a0f8-169232bc678c,1.3882728
456698d3-b018-4aec-ae4e-71ccbe9a37ab,-0.683835
acfe1fbb-6f77-4283-8f79-215163516539,1.7784619
52612,-0.47859883
f5fa4694-1f95-4109-8bd9-4fc622d9dd9f,1.9545695
49247,1.2720301
6543,1.0672907
25290,-0.3436798
0038fcd4-0a79-47e8-90a3-c4e8e1fefc6b,1.8189833
35671,0.50275207
6767,-0.944857
55257,0.5086144
42527,-0.5282537
15117,-0.27245855
40152,-0.28184783
6218,1.7310419
5fac0de3-e209-4570-914e-186ddd659b6f,0.09221208
9bfad392-51ee-4480-ae0d-876d54e38db6,-0.9480759
26082,-0.046973348
54729,1.1187851
e7bcaebf-a18f-43be-a6fb-12b5829d4cf0,1.8081404
e247bcdb-eca0-4835-9b17-e747b8d076a6,-0.16273129
50002218-5efe-45e5-b65f-11c8d9f3de0b,-1.1878866
3577,-0.34112084
c2766735-94c1-4738-a074-ac02f957ae42,0.8123159
fb1ae9b2-844b-41bf-b85e-45606bb6073c,0.25297248
24548,-0.4015081
22252,-0.38125747
861d92a9-852a-4ca0-a9cc-ccd00fa66810,-0.15935957
61021,0.7946533
6160,2.9320202
62616,-0.6006614
452,-0.24483263
3866,1.7287357
9270,2.198172
49453,1.1358894
49780,-0.21120954
51041,0.19292462
128fb8de-aad0-4be2-bdb2-6b89c2f6c5c6,0.73644733
664f712f-600f-4e67-8ead-a10139455ca2,0.38793945
41971,0.80352974
65416,2.2023094
69244,-0.53511256
3547,-0.43674767
7834,0.9718661
47230,1.068024
48619,0.33860904
66d8623e-6fb6-4256-94e9-106961122381,-2.3999262
f0540ab8-5545-4324-9599-6844633c5f27,-0.41597968
12241,2.4385874
28076,-0.24104857
2390,2.2113
73f18706-c701-4c1a-acce-3faefc7511f6,1.3704249
2518,-1.4524618
3fe7dff5-e04a-4af4-a3f9-1a7a45daf10e,-0.015969336
39c82b1a-1099-451e-a57a-dbf6236bc4c6,-1.5700161
7866,0.43593925
ccf78e6a-6e7d-4564-ba0e-aa91fd993369,1.4241748
9746,-0.6890327
68846,0.3178997
f0a7d071-2462-42bf-bb98-a6de35761966,1.1819682
1ac53502-ab78-472a-ba9f-0137338d6667,0.03654623
39356,-0.9997368
7494,-1.7528005
59867,1.8181422
27643,0.083506286
30377,0.0635981
59365,0.54767376
9846,1.1667762
fca838ae-e59f-4e9f-bc1c-a77f88bff3bf,0.5891533
48842,1.4185066
11827,0.554839
62332,1.389191
fa77f582-11a2-4586-9e65-4f34cde4cb23,0.24849123
9bdcf277-e2dc-4caa-8dc8-9cfe9c2758bc,-1.0060742
b5e09c82-419e-4487-8800-f6f4606c789a,0.5943012
20628,-1.0254961
21dd09d1-6d97-4f2c-b0ea-d699977aa15a,2.6597672
24322,1.1976
8106,-0.802292
53430,1.6492717
80827c1f-7819-439b-be65-9508c5312a89,1.2187855
23384,-0.8629049
34536,1.2217053
47888,2.0459986
c3606616-86d1-46c4-b2a2-e523239fae9f,-0.5829499
46127,0.45657334
21307,1.2113688
b43bd840-ed92-4791-b83b-cb8fce438331,-0.4588833
74238,0.20807579
12261,0.036105454
8402,0.95626485
50448,0.7820531
a3f6a14e-3bf5-4739-bb50-e281384b256a,1.1064382
56759,0.40093762
8de7b240-cc4d-4d25-9ce2-ed0df1abc586,0.097590566
4534,-0.7309301
83759b07-1386-4c7f-9d76-2acb4f322f6e,0.8390157
52722,1.1690359
b67a9d2b-ab35-4509-ba4a-8ac7cc12e93f,-0.41231304
32847a72-cc87-4aab-aa83-56afe27498ee,-0.7139269
74710,-0.6470959
a5a888b0-505b-4539-9de4-db100e2d3dbf,1.836955
ed915f50-ada5-43a7-aa02-b2815a60da4a,1.0523341
8d526bb6-d45c-48e5-af9a-12bf411b91b3,2.4019523
36236,1.4754527
25690,-0.7094115
7326,0.87606394
55681,0.5540542
52566,0.51423955
34202,1.319122
3255,1.3897446
29c088ca-5d7f-4ecd-a24d-9947beeb1134,-3.1896245
171712c2-c93f-4f50-bb46-40d2d9d23227,1.7298042
64742,0.30691576
72124,0.63049686
5713affd-0c16-4686-aa7a-47b8ca573da8,0.72624105
6390,-0.96367025
91,0.28349876
58219,0.45621872
45806,0.5819122
25565,0.28052658
4568d3a5-0b4f-4806-aaf7-c08938c3bfa5,0.24090423
946e8015-9de1-45dd-8ba9-d7962fec8c09,-0.29521662
4465,-0.21990895
63975,-0.78431416
fea0ff8c-d724-4c64-84da-9facf4f5d528,1.4831555
36624,-1.7905307
38383,0.24629456
68527,2.144248
6845,0.28226936
49856,2.4688888
6238,-0.15334028
24312,0.43464246
65810,-0.2071346
8150,-0.307441
74095,0.4721122
71627,0.73477507
67793,2.179206
5461,0.6806636
2f474733-74a3-4acd-ad1f-c7f6999f1c4b,-0.851284
37073,0.5530909
20798,-0.69127357
29343,-0.638307
22327,2.0603416
18770,-0.26203817
16407,-1.163746
29948,1.8883877
5900,1.0801666
10082,1.067339
775c8b74-c123-4614-9bdc-c49cff70e7fa,1.3183949
52071,1.7140847
37821,1.3697464
a160d13e-525c-4eba-a744-22ad3420a654,0.115663946
61132,-5.6326694
60769,-1.001128
21033,-0.5362544
24401,0.29983956
55201,0.7836521
792374ae-c7a6-4e90-8bda-528ac8e5b6bb,-0.3738801
47036,1.0587318
e165211f-37e1-4c87-9027-93cbdcafaaff,0.7978316
71611,-1.2358727
26539,-0.9869671
46147,1.5391729
62477,0.20280886
2aa47ad4-b201-4911-ac05-a601d33093e2,1.7956103
51211,-0.17216498
30766,0.017251492
a2359c27-10df-4061-8746-694f21ae0e94,-1.8064466
61788,1.8464351
44265,-0.46922594
41248,-0.32971632
66332,-0.1466099
511cb728-2f9c-4853-86ab-804683c3c69e,-1.8277419
b0209e2b-ffd0-4629-aeeb-c7087f50b54c,0.5968571
28182,-0.13937253
10143,0.26305467
7574,-1.4567428
43784,1.1253012
646,-0.46955186
e498132b-ac94-47f1-b459-7c069f531f90,-1.1633556
89ba13fb-9bce-41d1-bb0e-8132a32f72d5,-0.6510838
59072,1.4761161
10990,-1.7906828
23392,1.0719588
32422,-0.3148117
de9719a5-d66d-48b0-80fc-2c94a0d111fa,-2.0051656
26077,-0.037457585
82bdcb17-a992-4fd7-a089-dc34f4ec08d1,-1.3928063
43f2b944-2924-4cc2-96a1-9b61c3c1ab42,1.228609
8059,1.0564313
34723,0.6562276
35573,-0.6163428
21098,0.16745776
b693d70c-460d-49d5-a982-ef649f0be14b,1.1594791
31582,0.17120011
7432678c-3c5b-4eb8-aefb-3f593a870d1f,0.08715844
11146,2.199387
25939,0.18004549
7b613333-c6ec-4874-abd6-981a14da1c19,1.3069892
f03c5023-a78a-4fff-8a66-ec861a810d30,-0.11525369
64aa314b-45ad-499e-8fed-279b063032d2,1.1881288
d5c0aad6-ec44-42cd-996c-69a72b6a0388,-1.008273
15575,1.2302082
72906,2.376223
34867,0.090165466
0d972309-f5f4-46c4-8206-7558330c5bc5,-1.1222731
41299,0.73538613
64919,2.360588
43371,2.3133993
58308,-0.008239925
52781,2.4997883
63747,-1.103579
6a7054bf-f628-4c9b-aaaf-43e34e7a6656,1.4346824
acb4b92f-216b-4a8b-9c61-08841187e0fd,-0.14668572
61701,-0.47004378
8ac0c45f-77b2-4eca-b65e-20eaffd8a8e7,-1.0910966
20707,2.7972383
20095,-0.111459136
a8c47a17-268b-4bca-a770-42be1eb27b3d,1.1913357
bf62d2ef-6b22-4b62-a63a-408fb84bee86,-1.3888245
16368,-1.3837501
15791,-0.15917224
2291,0.2999748
51128,0.4593038
0f4a5000-aad9-4dfb-9b14-fa372ada8f53,-0.19880003
9667,-1.6980469
9362,-0.12355584
44494,-2.9707026
60765,1.2930877
21847,-0.09903449
5929,1.0167406
26705,-2.4271176
6b231382-37d3-4a2b-9436-61e954328ca5,-1.0753864
7226c323-da24-4bb1-b5b8-7286a47bd54a,-0.18823475
10312,1.1676452
56933,2.012686
8b81c9d4-be4d-41da-8c22-ff4e8914d1b6,1.5955454
28695,-0.76965356
52616,0.06491822
40269,0.23708834
24465,1.3971038
5283,0.025363624
5557,1.1025486
67909,1.1203178
31298,-0.3552335
15897,1.7063808
69140,-1.4636675
61280,0.9201472
44870,0.92695844
e88db2df-7fa0-466e-9ac2-70123c3414b8,1.3455591
3921,0.8498254
46225,-0.4426111
39970,0.7968279
71786,0.47735184
4263,1.1474061
35823,2.5961704
2a46e26e-e60a-4aa3-9851-a683a380ed49,1.6611016
31300,1.9274206
9cf5560c-1df2-4c51-a07f-48fcc7ba9669,0.8779908
14197,-0.5044713
32006,0.08086398
65943,-0.6135714
36517,-0.011628389
41975,1.7211719
46540,2.2114177
11346,2.1966739
24bf6213-cf6e-443e-9128-a204ef738854,-0.39791942
64857,1.0560659
b7e97358-5e1a-4f63-8b7d-d324e50ff4b7,1.0980364
18046,1.0358162
9b0da212-aeba-4d2e-87af-51a323177545,0.53827524
34951,0.70280915
12173,0.05951035
6517,0.757396
26748,0.27510557
29239,1.2001683
1385,-1.2366841
27328,0.4116373
62bd1c13-0c67-495c-860c-d40bf081710d,-1.0292034
43340,2.046135
28687,2.1847339
31829,0.15198776
a0a71cad-abcf-4ec0-81fa-3c4f3226e208,-0.10805309
30077,2.6787095
36058,2.712955
17556,2.726562
26878e6b-62fc-4224-b631-eb0172587967,0.36359948
21001,0.703145
12917,-0.43539047
2132ba8a-f0a8-410e-9794-4cc6e22f6b10,0.28536147
65513,2.111606
c1c219d7-1d2f-4d3c-b74c-ec3c0fd056fb,-2.0642369
58301,1.3382193
15329,-0.66828275
36092,2.6050017
7891,1.7478982
18855,-0.19945443
4372,-0.5278077
a7258376-1a47-49c5-b43f-79d9c3193d24,-1.4155798
3c5adf03-dae1-4ba7-9b7c-4a156b28cf71,0.24211606
905be33e-9698-4152-a6e7-013833583b21,-1.5957193
63140,0.4899266
54305,1.4973196
78e72865-cbc9-4c80-b224-5d51710b546f,-0.9143261
20758,0.7989794
61825,2.3697362
70952,-0.7101996
11551,0.99380755
33347,-0.84932816
22613,0.11957157
53877,1.423279
48021,-2.3661308
47184,2.2554214
4711,-0.42162997
acd83467-cef7-435a-b1fa-850f2fd91799,0.124827385
14831,-0.007962137
126cc670-286e-4bd6-ae80-ba8ee329942c,1.5211942
45328,0.56738186
3fc623e7-13da-4014-b36c-755526f865fa,5.657873
25658,0.15346682
60709,1.2001308
f7507728-6930-4055-b30c-44946727cf5c,-0.32618326
15779,-0.37610614
d021cc70-304b-436f-8f3f-6a0cd48a18c3,0.9575152
84fb98e8-c14c-4c22-92a6-d696d4860cd1,-1.2338071
66722,1.1905384
31676,-0.08320418
9171910b-92ec-4687-bfd7-0bae3f0dd5c3,-1.0096141
5eccbf0a-5be3-4f73-adbc-cbfa08a29078,0.31320757
33e2046e-2c4c-4e24-85fa-d1ff8426d475,0.6077662
23961,-0.65833235
63872,1.0274659
14517,2.2591867
19317,2.4274306
1506,-0.39894652
16560,-0.8022598
bc51355e-ba1a-47fe-8eb3-47d5417eeec7,-1.1340239
34975,-0.68239653
34353,-0.3429562
1fc13065-2c93-4def-b9af-cda5f51e4eed,1.4864041
68850,2.7569308
16462,2.4117205
11592,-1.8547444
0bb55134-ceb8-4e42-becc-eef6f76ea80d,0.077093095
70218,0.5639318
65328,0.18510048
16254,-0.35097653
2fbdbd88-567a-4857-a4f7-16f4f3bdb17c,-0.29682517
381841d0-dbdc-467c-9793-e71f8a1270de,-1.8095071
18534,-0.5562462
66171,-1.0271553
23358,-0.80115986
22325,2.115927
43701,-0.34702206
66705,-0.29132032
152d08b4-8be6-4548-b963-ef9194feb2bf,0.6256728
39859,1.2603695
c4abaf2d-ff36-4cd1-8f30-8f5b5da9772a,-0.26858115
58340,1.3885127
20704,-0.40989435
36871,1.5679095
42356,2.2269566
81d4fb24-a042-4c25-bad3-7d8723196302,-0.21798307
17485,-0.65939224
33777,0.82651925
37492,0.4678126
74,-1.7013681
12563d78-2456-41ea-9e6c-1fd8797fe555,-1.3569268
4f9dbf6f-3688-4156-bdd4-7ea64758fb62,-0.29118615
50005,0.5265915
8a1a8311-1022-4fb4-b742-d2c266465511,0.10051179
04d843ea-1cbe-4bea-b654-e4fa3c9b3bf9,-2.4623437
41892,-0.6843636
66388,0.6556912
55246,2.6302726
d403e8f7-2ed1-4bab-8336-c0c2c5fbe1f3,1.6956125
132ec915-5b22-43db-8220-d7a29e1ad563,-0.12279177
11981,2.2210097
9831,1.7407498
28189,0.57030666
5897,0.6250227
10062,0.28103507
59070,-0.44572353
74252,0.6012767
3604,1.9776123
928c84b6-8369-4ee3-a9b1-a18571d3f963,1.5896964
50969,-0.5697076
57685,1.950067
031e5fa7-0901-43c0-8675-8a8f708e5c30,2.4603472
114ca8ed-89c9-44d5-b3e3-fd8cd7b49f9b,1.5864263
67288d81-7c9b-4008-bf78-0a4eeeca8523,-3.193275
40938,0.47520977
39750,2.9465528
20839,0.19597173
45990,-0.7142186
a31907c5-c035-4dca-ba29-cb4c6fe3b03f,-0.007334709
36026,-1.419259
d739a72a-e878-471e-aa36-2d881ac362a9,-0.107167006
15243,0.47152996
21e8f5e6-c183-4491-bb40-8f05780b5f06,1.9720666
5fb2a140-ca9c-412c-a280-a6fba5229bfd,2.0081074
31049,1.3919063
47058,0.2615593
1c7f07a9-500a-4012-aff2-59fcfd85daa4,0.8848989
32528,-0.82924557
2174,0.35105884
160e38c4-2f7d-41e2-97fd-c23a5b3c1ea2,-0.25169766
3daacf72-f459-4d8d-b78e-41e07d0a2dbb,1.062755
59000,1.9962928
41542,2.3603961
72986,-2.0161784
53344,1.9785553
49978,0.25952965
4510,0.1658955
10676,1.8717344
870207b8-dc41-4d51-9152-3387e2bef83b,0.09106329
73750,0.6008939
a7d2e4b7-fb76-47d8-bf0d-e89f7d2ebe56,-0.48888975
2a7558f4-9a15-420f-989a-4552a387dbf3,-0.3447743
54319,0.8569845
181a6169-c520-43db-8ae9-23fb9b3ccd1e,2.5915189
25eca13f-838a-49fe-8adf-4b47b9ce6e1a,-0.6343994
15009,0.6518421
21642,0.8887173
897a527b-e9a0-430b-b44c-26035555cd36,0.71406376
53308,-0.48158276
900be1f9-1a19-4f3e-832c-3745630e2989,1.7609199
98feb90a-65c7-4196-8e4c-1e6ba7fbd669,1.9247422
59565,0.13271147
0bb02e52-03f0-4f26-ab79-4bac1b55ff9d,0.71124804
8096e006-eb0d-400b-81cf-537682ba80eb,-0.4735275
28022,2.5258267
45245,0.36364788
d5d40fb7-5f32-4bad-ba63-0a7f32ae1a30,-0.26760423
61466,0.71452034
65929,0.5449123
71642,2.4209645
9088,0.7557872
230e647f-e3e4-4a71-b0e8-07b1f248d5f6,0.8161355
16772,1.0037334
61889,2.3805766
42949,-2.0688558
28418,0.26989788
9f39ceaf-847d-4196-9476-612225a1a358,1.4949634
46443,0.015098661
51c222d0-f7c5-4ca7-bc06-5ad8584f82bf,-0.21478832
66897,1.9113458
60125,-0.09998244
31508,-0.39412105
22770,2.1804132
71315,-0.7177936
20675,-0.5244495
10235,2.5159335
20581,-0.6480689
49276,0.48155582
7c23abba-31ec-4ff1-9e63-835c2b891d41,2.5445833
1009,1.135126
17013,1.3130893
a5450a46-1bd0-4b7b-a78b-5001b1da1f9d,1.1598444
11122,0.10130936
15111,-0.26645225
62787,0.39496657
d27ffa3a-70b1-49be-8ea4-b629be366f75,-0.3250699
62274,0.30556366
6668,0.87176585
54824,1.5240965
27898,0.8928288
2352,-0.29548794
55057,1.0243304
df91b392-4b3e-4023-9899-ed36f583c574,1.5149115
554,-0.16493487
c238c42a-8e2f-4a62-9396-3b1e8fdebea4,0.23863435
e0db6fd2-a0f1-4f1e-b0ad-04df52f6e0a2,-1.2985482
41765,1.2956386
bccfcb47-d068-46f3-80f6-b0cf20513d5a,-0.6431644
7088,-0.40103358
40190,0.13170832
2242,-0.88943815
c2704f07-19d4-4ae5-9ec8-536c8628becf,-1.4477556
10244,-0.53720397
34434,-0.37779397
43856,-0.45528698
18683,2.3452442
46840935-67b1-40b1-a8ad-766a23b1cf53,0.5994572
38518,-0.47718906
60707,-0.006424755
7ec9ff62-3943-420d-9558-db578c76da49,-2.1447442
f6db3d40-684e-4851-afbc-1e5ebe0e37dc,-2.6363108
27614,0.1252904
67af64f6-e53c-4677-bf5e-ba6c5bc45887,0.7493823
50212,0.15764725
31511,0.39881814
eb4d3b7b-dbe3-4dca-a446-5e17c7b10700,1.5565434
52324,0.25125977
39362,2.0869079
48d71ba0-0bbd-4fdf-833f-aa8277c316f8,0.52557683
35009,1.760216
2301,-0.69625926
93bdc4d4-f277-4ecf-8b79-cdf3c946d5b6,0.7837192
9628,0.26475903
61869,1.7152884
9f3346af-fac8-4102-abaf-a8f74f4ca4db,1.4759854
10994,-1.125499
bae9c982-ca62-46d2-a600-7573425d32b3,1.0831788
1ca08ba1-db3b-43a1-82e9-5f323434861a,-1.3184364
37639,-0.140553
08a298c8-8379-423e-93f1-cd6d5c1583c1,0.7819423
61493,4.2743516
67629,0.25943977
d7b2bc6c-ef1b-480d-821b-14829fff41ca,0.6109165
61981,1.383708
39012,0.0070747733
15a4ee5b-649b-4350-ada8-82e2b89328d9,2.2170243
e487f99b-c7a9-4706-b8b2-a745f18322a5,-1.6154432
26756,-0.052453876
9a277efa-c272-4611-9938-84f9152f9125,-0.17376196
27120,2.755365
13382,-0.7902453
bc42f7be-bf6e-4058-a3a4-4050bd112d82,2.5706778
49349,0.09119776
29336,2.0552468
139eb3b6-1379-45f1-a9a0-68eb1a28bdbe,0.015093625
41679,0.70338815
60846,-0.906657
54134,2.1483417
49558,2.8323417
54838,0.658079
59223,0.3000146
e7ba7881-9f5b-4346-bcd1-a8a3142651f1,1.1978594
30256,0.9661834
47688,0.6524453
4049,1.6272514
462b0a62-cbb5-4ef8-ad20-c0b5219e9f11,1.8271343
69536,0.21277338
42317,1.1780968
47745,1.2194719
b504f273-2216-4727-8fe0-ef370fb48649,1.2229373
196,0.33337206
56519,-0.079481065
44123,1.0032718
b60d62d9-7b96-48c9-b2c2-c39268bd7b50,0.48729283
60535,-0.71165097
6b2e6109-1cb7-496e-b1b4-7e35bc8b17b5,0.18464065
54667,-0.27402955
7b2b4200-1411-4f13-afa2-59f9930e0e41,0.59938425
66384,-0.31361264
33871,-0.009948075
23057,-0.7645377
e7b03b7c-044b-44bd-bfda-ee58d2e5037e,0.94772863
5d0b40f2-6316-4c8b-b2d6-f03a331e7e31,-0.15116084
bf2295f6-1cf5-4616-ba72-77acb8a341ac,-1.2101198
44158,1.894692
72cb05a5-0efb-481f-a3e3-ca57f4e7ecf7,1.0381901
3155,0.020524293
34361,0.028439522
67854,-0.43753833
2164,2.6769314
65059,-0.29837483
5584ecc3-fcca-4603-a602-fb33abfdb3ba,0.6719771
38349,2.480015
a1a3b28e-a7a0-4380-be82-39633abd4593,2.6642332
53860,-1.008385
4ea0a18f-a8e3-41db-8b5d-8f92697d02b4,-1.2105279
43540,0.35012925
47878,1.7549706
a059880e-85b9-4463-b3f4-c1c44cf27c47,1.0873835
0ae04f7c-81d6-4952-b04a-8b3af647946b,-0.46528935
3362,-1.176296
27119,0.46035227
470277c7-bbf3-4c2f-a77d-bda806f4e898,-1.0840788
5700,0.13348448
10764,2.5960965
607d2845-033e-496f-bc39-9d5fa83ef7c2,3.6618996
9776,0.77677935
2300c670-bc08-40d0-93dd-5104d794a264,2.166155
18300,0.16214016
37605,0.41496694
e58cbbe7-bd68-4cf6-8ad0-bb286dfbb2fb,1.7136408
41760,1.9372387
31901,1.652514
60230,1.7486075
38068,2.3483849
aceace10-4241-46f3-9920-0c5ade7ee91b,1.0730338
33361,1.3606673
30347,0.36063683
ccfef586-2140-403c-958a-77a11151583f,0.7028159
47708,0.16738415
12161,-0.35588992
1d5fa1f1-0520-43f0-ad82-d257902b7578,1.6206522
259b3dab-00da-4b86-a195-22af4dfd9521,-1.0584674
43134,0.1974761
5a961d3d-27dd-4fe0-98bd-2a9f52666236,0.39178887
71366,0.26469958
28657,0.51820225
73679,0.782786
11b0474d-1c07-4df7-a290-0df8a98085d5,0.05101055
31735,0.48223245
25419,0.72692084
a5a95bcc-5972-43e8-93b0-8e1046a42a42,-0.6180928
46782,-0.37840545
444e4b3e-d786-4cea-a71b-1c8143bc8290,-1.1340921
30166,0.0054320097
64032,-0.52961916
51157,-0.69894636
d0188948-accc-46f7-8730-4ea9a59b8f2e,2.5746884
46994,0.16060588
14678,1.0256574
4442,0.9219339
52902,0.5131235
46820,0.38935822
55807,-0.541027
10833,-0.8498696
5646,0.44374996
57069,-0.39479655
e26b22df-c3bf-44d3-8397-434152ff2513,0.5699614
40a2767e-817b-460b-b906-f49f4a976500,1.0368408
a019d0ee-e701-47ab-b768-486f857c0be7,2.8272758
30723,-0.308636
8b067687-1935-46a1-acfa-6ef7d7e773ed,1.241189
54371,1.6911138
ad52970e-9c32-4c29-b961-f4e75cdea602,1.2484916
60945,2.6234188
57221,2.1234703
32101,-0.16615784
efb3b867-aa62-4a3d-a8e2-9749457344d0,-0.41520864
48830,1.668102
6c8c7a34-0d92-4af9-8bc7-49592a9c1da2,7.606724
41523,0.94358194
42145,-0.1794393
1033,-0.96886075
3256,0.13251886
69420,-0.54648995
53038,0.9921931
27331,0.34692055
46343,0.09047559
5566bf4d-2514-46fa-b971-1bda4dfb1a7f,1.1995078
38273,1.6627587
23243,-1.1066637
bd6603d9-ff73-425b-a6b0-5b95f293e787,-0.33629847
45ccb26e-d825-4b90-bc7b-2112266c392a,-0.8294506
42243,1.0489193
17584,0.009088397
17124,1.033477
65308,0.24435282
10755,2.0405788
41ae816d-674c-4974-81d9-47710f7ceef9,-0.46165097
69741,0.101093054
b4cd2e70-730b-4d98-854a-626f0b590e17,-0.14829266
45912,0.23505831
105ec0fa-af17-4b11-bd62-5b3e6a39ec5a,-0.22807872
65511,3.6493917
60737,1.9266218
9f074fa9-d031-4303-9045-ccd350588f23,-0.3474362
64176,-0.6885071
13214,0.88754696
6f09d1b1-a144-4651-ab21-840df72def88,0.7245647
33727,-0.42672223
52662,-0.60690343
8d0c8c3f-900d-417b-882a-5ceb3b7248dd,-0.16297776
43121,0.96504295
18741bea-002f-4c40-bbef-725096335365,1.2345593
10466,1.0542377
7e3908b6-d530-4c17-a8aa-e60002903b80,1.7601917
42794,-0.54985726
29546,1.0590916
66084,-0.4006458
16220,1.1919252
73702,0.3938761
8352a504-20ac-4110-92b5-06f475b36814,-1.7553523
2405,1.7903304
73386,2.0488663
64293,2.4893923
63215,2.1882493
66975,2.1811817
f1d66751-555f-4349-a46c-8e06e167eaf9,-2.535605
34365,1.5902541
56926,0.3560779
41c5740f-f26f-4e41-a965-51f4ba9221e8,1.7082585
24003,2.7159307
67200378-69da-4b9b-b3ee-b3d2443180d6,-0.028330773
71119,0.21503574
6904,-0.87964654
7a0d045d-3e3c-47ea-96e4-551b969fb412,1.6320269
68070,0.92160106
10431,0.6763208
44541,-1.5243754
50162,0.79268086
72796,1.2537801
47423,0.021352828
37918,-0.29727197
738,2.1179075
28485,-0.69615614
00498558-d396-4647-a9ca-7fe0bb200d0b,0.887713
57104,0.01951766
32646,0.28379676
64926,-1.8359389
141b5159-60ca-4bce-82cb-04e19f261fb3,-0.19400722
69670,0.87985504
52538,0.73877084
55074,-1.8739302
dd95c6dc-6009-4e0b-9408-e31d452b5c2b,0.1793462
43621,0.80144423
51261,2.1377344
84f0322b-3b09-4910-a36e-2a5f9e90a4dc,-0.81439114
e1b7a180-0c2e-4f59-84e2-04a239896a01,0.119838536
18682,0.5230069
fefb7af5-32a4-4490-a85a-9a0ed790460e,-1.4674103
21565,-0.5356376
31425,-1.6241243
af805a9f-422d-4c0e-ab53-183a73d89ab1,0.6255157
66767,-0.36205953
31099,2.2411513
11902,0.015235841
61812,0.5574807
71721,0.17743994
eaeca5a1-669c-4c9b-8541-bacce61b8224,1.1112893
57608,-1.2361851
63020,0.6940418
21459,1.0568583
46010,1.8911144
30b23803-559c-4aa5-ad79-2e7c26cb89b4,0.7050655
46756,0.9821893
3b0667ee-ae93-467b-b316-0af79035fa6f,-0.72997046
11356,-0.6604487
7323,0.8161024
17610,-0.4957987
ba1a0fb0-9d2b-4b99-b636-512762726b07,-0.15952736
c2c39055-8b69-48cc-b1e4-bec265891984,1.3943958
13476,0.9318141
37546,-0.22778487
29e11064-5e5b-40d5-b78f-aaa130ccbfb0,1.8019829
081da2d0-ada1-4ae1-b590-dc3c35450e99,0.3834434
1279,2.0792418
67305,1.0313733
15039,1.9755597
aa7f4d9e-4a37-4155-9096-3935167110ce,0.8200894
72464,0.95037115
45968,-0.570261
51904,-0.57744324
15607,2.0089517
14466,-0.7051724
b6599d3a-a021-4b75-8ca3-e83f9ffbcae2,0.40857604
56899,1.657121
15315,0.49781704
7b12928a-4c2c-4f0a-8517-954b3a5a9aa5,0.23401558
11815,1.8972647
57995,0.5503859
67995,0.5543765
0ef51bbe-6f3d-4772-ad9a-a3a01c486b78,1.6728086
bfe7f15e-cb6a-473c-9d9e-8ee04e691232,2.3971572
51617,-0.14980066
37efed40-cce9-4c02-a8c5-ea364827f78e,0.62063044
16378,1.0685618
5610,0.047964364
26761,2.2938037
12726,1.6359476
11871,0.14697427
1907d526-d488-4637-9efc-025e59350dc8,2.786013
27335036-8944-4d35-8f42-a0c3ccb33632,0.6769549
13891,0.45054066
19092f87-c0c5-436f-884e-2ac72ef37b27,0.9653334
4a8887a7-a775-4737-b71a-0aa527f43140,0.95182383
15426,1.1210283
53274,-0.20101357
58633,2.061851
62214,-1.1438879
9617ac1a-0cf1-43f3-ac2c-6a27ef5f84e3,3.0575666
58696,1.7645335
69385,-0.5637989
38517,-0.20870864
6136,0.7178712
66057,-0.45969605
14308,0.673826
6d43524f-bf85-478d-950c-adbcbc0b62da,-0.8788849
17456,-0.29502845
17462,0.1110633
5374c71a-1388-45fb-b51d-db92b5ea675e,0.07313722
5129d629-7de0-4a2b-87af-c434133f2616,1.9566507
10117,-3.147386
5945,1.0130858
35843,-0.5416904
35856,0.021597505
3018,0.53082395
15090,0.59692997
54536,3.0142074
34040,1.0072649
35772,0.759661
74bd5b49-ad03-4020-944a-63d493995811,-0.22332108
36068,-0.3844928
18838af6-b340-493e-8423-24e4b7e85a87,-0.4866441
b2a2b952-5d51-4c05-95f8-0f4a0b6b3b6b,-2.1133468
71176,-0.6528139
49230,1.5301946
10247,-0.40884113
67355,1.4747488
62341,-0.13194668
66701,-0.10259563
22aa083b-4912-402a-bff7-c4c5887500d7,1.1611545
552,-0.08821362
3ebc53b0-7bc6-4036-9b08-2e3059a9e4ce,1.1533502
40915,1.760278
19484,-0.3778149
3e2eaa2e-e302-4803-afdc-79b4910a9c59,0.85704076
e3b52658-2f61-4f68-833c-76c03cdf1b06,1.4049343
57110,0.49171507
02e88361-a57c-4fb2-a842-01bde31c6ff4,3.0191646
ec903211-bb1f-4b9e-80d3-24d05bb8f2d3,0.47308865
46744817-c45d-4aaf-841d-d33e14e18154,0.6811203
33953,-0.095376015
5f59e097-1665-4794-a407-6ef152cd690e,1.6338835
20914,1.1185155
45164,1.06625
51235,1.8136153
dadc7f44-5e23-4301-8245-985634ddc8f1,0.024093509
39857,1.269791
62635,2.6191719
15718,1.3731608
8217,-0.6969255
58266,0.53653955
40925,2.700164
3283,0.31291556
8b0da9ff-6563-49ea-97a8-f8a8c70dbe8f,1.2528589
61783,1.9381733
a61bd516-97f1-4560-9f3d-3627bb9831a1,2.2905269
22727,-0.77839625
65527,0.41671047
47159,0.43519616
69507,1.664429
45767,0.97390246
4a5bd507-4132-4dfc-8b3a-e8c0bbf761bf,0.12816364
f545a18d-c37d-420d-b416-36239ed996bb,-0.4298584
3c421b0d-3ded-4b4c-b6b8-811304d26201,0.6092484
58215,0.46714783
34547,-0.3459831
52479,0.21176386
12984,-0.2953987
6226,1.2331643
46174,0.23017675
454,2.1938286
25839,0.47476068
cbfe1aa1-dfdc-43d1-bd82-22f6dffd23f2,3.570829
59639,-0.28562117
25443,3.0331635
52287,2.8276975
36375,2.5095186
67,0.10139656
8d175574-417a-463b-9da8-eeb635671c4b,2.2759352
692802b3-e20d-4df2-b6f4-92245b0f175f,0.3159257
44889,2.93583
b6b5d542-0fd8-4c19-b22c-c2a23a24925c,-0.105133414
59061,-0.16246128
16369,1.4108771
e9958b23-e784-410d-971d-7f0db19859c2,2.19563
25536,1.939665
40298,-0.4857272
28504,1.053108
53950,4.014738
15231,-0.35752916
57886,-0.011220932
5810,2.4381638
56629,0.52183354
c81d3035-7302-49fd-a995-f60b1c9104a7,1.5065676
57535,2.2676682
eb408578-353e-44d0-9a91-f1aaa11bd132,1.6362307
48594,-0.67607224
9420,1.5936713
8416,0.01602453
46151,0.9494473
74035,0.78370523
20005,0.00390172
12064,1.4618902
58348,-0.13179433
40172,0.7067336
49384,-0.27961385
74054,1.8345346
5fa8aeab-3555-42d3-9243-707e76d8d4e8,1.6040323
20101,0.12566847
23964,-1.3997493
582,0.6420483
24690,-0.39851135
66757,-0.35938638
38286,1.7629759
54338,0.2156918
39755,1.3833616
22407,0.4105169
43496,0.6818888
32186,-0.79775774
44292,-0.21544683
61573,0.5970398
19,1.5691321
1e484abb-aaae-441f-9461-9f954bfd4cfc,3.6845257
eeac12b3-1329-4dc3-b6cd-9198fa078a77,-0.2995444
56188,-0.74749434
7332,0.09124249
55284,2.591023
28141,0.9153761
61438c25-ceb3-4d4f-ad0b-4092584417f1,0.52720827
35513,0.90805423
f6665c70-21ed-4d98-8a86-8e666a7d1e91,2.9405992
47450,0.9786881
af8b89ee-7165-443d-a23b-9078f0ea122e,1.9035585
e7709648-b464-4ace-8e4e-96c9feb6f225,2.2052422
73555,-0.33481252
47087,-0.9336827
9978,-0.6936306
69369,-1.4955187
9f4fdca7-8ef7-4c63-8b09-e36efbff159f,3.5893743
33934,1.5905812
22808,1.0786582
8186384c-9299-409c-986f-2597913edb52,-1.5602565
26190,0.51463234
14033,-0.42909408
67116,1.9538845
93fb9d20-3e02-4e1d-8c6e-390725a8d8a5,1.3544843
d64c1f46-e1a1-4872-80ad-ec59350979c4,0.16841543
14878,1.8084177
71986,-0.079793245
36554,-1.239516
43919,2.6192174
24252,-0.21618545
45222,-1.7031991
60bc278e-f924-45a1-8edc-a8142294020d,-0.07782197
16424,0.35233238
3a5df8b9-649a-4ef9-80c5-0689e96dc447,1.0187695
ef6521c9-0334-43ca-85ae-239a9f0996ce,0.5886125
60714,1.3370136
44076,2.042843
2707,0.23179033
2276,0.33729708
27877,1.4586413
31380,-0.68060434
79a73502-250a-46b4-9b60-28721e751758,0.2154493
cd88cebe-1e47-48a5-b246-b720e3500258,0.07244322
19259,0.55911833
28431,0.93903726
11485,1.7225053
70277,-0.9034643
25214,2.530014
34933,-0.2431314
21099,1.2605565
a772098f-87ee-4088-a51c-3670351102c1,1.8304662
59918,0.43392706
31097,-0.54101163
4855,0.65280795
57190,-0.27998018
ade3ab53-a90e-4b3b-99e7-456857168ead,5.31869
69338,1.3061099
8740,0.8365042
55496,-1.0568194
55105,0.7188555
82199776-96a5-481e-ba5e-b1f18e2de525,0.7483877
38213,0.641225
4f056501-b556-4aa4-aaf0-5a0874815fa7,0.6901483
63062,1.5534526
52274,0.4336963
44448,0.014464408
29037,0.89368093
60900,0.30470914
da917327-5c06-4977-b644-379450eb8f85,-1.0365672
b3746237-0f7c-45c8-94ba-8182ba70d797,1.6027929
6441,1.3114716
19110,-0.23739517
17080,-0.25705934
46511,1.8393408
38578,-0.82444966
d78243ac-d1c5-421d-86e5-b9212232ffa7,0.86263895
10136,-1.3043084
bc3e4d48-e201-4e65-9897-67bab29d3a1a,0.5909338
c6fa19b0-bb31-4b84-b5fd-a5a625021a5f,1.1182555
67265,0.019726455
29247,1.2588538
72b158bb-0723-4361-a649-c0d803dcd32f,-1.0357074
2606,0.61991996
28582,0.37758276
64540,0.7162604
030112d2-2a65-4a11-845f-22205c2ee183,0.14656252
ce637a52-6267-4d95-b39a-b1ee3c9c1e5d,0.84733856
10d371be-3804-46d0-a8ee-a8b10d93a16a,3.1647866
3558ff8b-ef1f-4328-a6f8-4c6f67668f99,0.34863216
22d25d97-664a-49ea-8589-4f5fa99aac9f,-1.265824
2731995e-3587-4f17-8129-87110ac49278,-0.50662136
9246,-0.2947796
44339,-0.7070377
34102,0.7015836
1be26a27-3d75-40a3-9033-0a34312eb6b4,-0.3069604
3740,-1.3621106
35404,-1.1269107
19868,0.06483504
da03464d-9af7-4e1d-ab19-56df3aeb53ea,-0.38934785
31092,1.2722473
73623,1.618285
46063,0.31569445
17544,2.137669
66e3d9e1-add6-4842-9ed8-967cd4fc6681,2.0396814
60601,-0.44165432
10875,-0.022251606
38977,-0.105568886
63997,0.53059983
469a35dd-1424-4fba-acc0-d3d9600b59b0,-1.5283177
10859,0.009864211
68283,0.24068981
80237e99-dc43-4391-9647-a87f867cc6fe,-0.50101435
44215,-0.40710044
25877,0.8738691
23014d18-bade-4d71-b4c3-1d0b688a080d,1.5770106
19400,0.3307699
63141,0.5935072
17510,1.8703698
67761,2.3101134
22597,0.94990396
12897,-0.011975527
15751,0.0066084266
67582,-0.07413456
59071,2.1656294
14352,-1.1444654
8d2baf6c-b023-4e4a-a989-66e250d473c4,2.1418173
37737,2.454168
16637,2.2952762
3284998a-77da-44ef-873b-ddce761b4f1d,0.33733162
53594,1.962858
54229,1.6885529
29717,0.5588495
45527,-0.3394102
29226,0.5801636
33385,-0.7660345
ba40e706-6255-4fc8-abaf-f526cb391e2a,-0.46885324
26912,0.9397385
1896,-1.4039699
30543,2.160039
35011,-0.87521005
5808,0.39215553
50624,0.08411968
a0f2a3da-cd69-4574-994e-b524ab681740,-0.41958648
73758,0.98276055
40861,-0.46644795
11601,1.5917342
aeb65263-0b01-46ad-ad35-5f4ff3511153,-0.116049945
13092,1.8618193
75e29bd2-caf4-42ca-b7c6-9c31ffecddcb,3.081325
35472,0.120973885
40047,-0.37919092
b251675f-7dcc-4874-94ce-15acd2f2c36d,-0.4610498
69936,0.597048
63206,-0.46553588
655533f0-10dd-4913-983a-c812e7394b7b,0.94682395
61653,0.18800896
40839,0.21323436
b1cfc3d5-a3d1-480e-8376-7d878cff3a25,0.36639798
52176,2.4302466
eaeaee5b-fa1c-461d-b543-e622aadaa68f,1.438746
37800,0.17633688
57318,1.168138
50534,0.31615663
30668,1.034845
22148,-0.68261945
a5465df1-72b9-488f-b6a1-8a9e9ad49d83,1.4485625
54283,0.20125723
43846,1.2971191
32660,2.6748757
d2616d05-910d-4696-8744-fb3dd96dac9f,2.5058532
08873327-7f2f-4535-9da4-8fc300206a2f,0.6653688
30346,0.5370419
56673,0.6751915
64335,-0.21375865
46630,-1.4133935
6bd986dd-3fe4-4871-b67a-57f1d920d9e1,2.1936345
9509,1.5091529
8be6d81e-7124-43c2-9c12-423dc7c834c4,-0.22490871
65360,0.50977993
b234b0a3-c0b6-40e1-bf6c-f190a81213b2,1.6742698
82d794aa-c455-4116-ba54-e8d2214437df,1.1329768
12474,-0.6652539
39832,-0.43870884
73244,-0.08365953
307,-0.45874768
1d0b3300-0761-4e17-99c8-36e4e466d2f9,3.5486844
47125,1.093438
7eb13a54-832b-464f-961f-27a4224299b2,-0.42245078
16446,1.1653829
07d51e2f-b61d-42ae-8eeb-cec46b8a3725,-0.13191748
33449,-0.5422187
31288,-1.3379447
12892,1.8480529
64334,0.91296554
4328,3.7327569
10383,1.7136675
379da47f-ab4f-4282-b9ed-d1a61f8a5031,4.802733
50994,1.0615239
10147,1.5845631
45205,0.09591642
8e5310af-20fe-4e70-9c69-8d84997b45a6,0.21591654
13102,-0.6666676
35236,0.6229533
8fb2756c-8213-456b-8d10-7972735368cc,0.34495914
33834,1.0184643
298e64de-bade-45ad-afd9-f1691ee83156,1.7115879
61386,1.1184131
0fcad9a6-e62e-4f07-ba06-2af737f3b9a4,-1.1891506
9228,-0.57033664
72396,-0.15066999
15268,-0.09994137
46723,-0.15659678
42277,-0.28283942
2bc49ec1-89a5-4f78-9d92-3df3b92ecd99,-0.90355885
24397,0.6054431
58655,-0.06258559
aff4666a-38f3-474c-8800-5fa976743294,-0.5789771
17552,-1.4045837
67054,-1.2544649
ae510e06-a6b3-45b4-8887-33f25de9acf4,-2.5545454
31892,3.1508439
57013,1.9681337
60911,-1.3712722
5f37d4c4-dc0a-472b-bdce-bbdd7c99b050,1.545078
febb0264-45f2-4c3a-95cc-3eaad8edd6c9,0.48539716
61570,0.83503616
10008,2.5171487
3834,1.4717094
13648,0.49819237
49732,-0.54371333
59320,-0.988706
25942,1.8413837
12407,0.036984026
5565,0.56816256
11065,0.6094745
54777,-0.1798994
40936,2.2222452
54061,2.1222482
19681,0.80078346
46862,0.350887
806ab4a1-9bfe-4922-9806-51addbdde995,0.029358745
f6318314-e18c-4090-9936-d0d5c1e09b2b,-1.4499959
26009,-0.28272104
18183,0.67424893
0af9bc02-2d0d-4ddb-9794-59f122ccc5f7,-0.03866589
16375,1.8333613
23282,-0.06338167
fede95ae-de63-4353-acbf-281ae2f0b1d9,1.4894795
54642,0.74258024
3309,-0.33271796
44489,1.1878407
72404,2.2195294
4a877736-ad42-4f52-a6e6-d0792af0f490,-1.0272087
59820,0.6574474
8fb361d1-eb4b-4cb3-b244-b8642c678177,-1.4235647
28622,-0.510733
9437,-0.2015332
6e2114af-5137-4a62-8eaf-7f7c552443f2,3.1429143
49062,1.7816445
17671,0.032775402
26126,0.9901925
844f05c9-8116-4857-8243-2783d5ded221,-1.8251538
54876,0.81026554
35575,2.3453753
50715,-0.061842293
09325657-af74-4da2-b725-2bf63ce1faf4,3.2125294
69708,-0.44019032
62532,-0.25370812
13813,1.8155326
04545469-72c1-461e-9584-ddd5fb67067c,-2.4820504
27676,0.010681242
15312,1.1930308
62657,0.52833664
61120,-1.0124562
4829,0.44172445
54650,-0.2282483
47782,-0.17435133
4022,5.862833
49503,0.71744835
71258acf-e147-4b76-8071-d2bd0b2b1fc7,0.10758555
2103,0.9682953
92813bce-4f77-432a-b9e7-87465fef8ba8,0.03359413
23883,-0.26323187
7c67ac47-1889-4782-b3f3-ce2de86845c9,1.1081518
66665,0.0633108
2ee4a54e-aaa0-41fc-bb7f-f4df2baeb2ec,0.3918589
70667,-0.7148137
3479,0.017702758
37582,-0.06761414
20542,-0.95623016
9f2aa79b-0af5-4905-9e64-6d5ab0b29be1,-1.4900109
72785,-1.0852159
40234,-0.24834955
69e3c4c0-7582-47ed-badf-9b904c398b48,-0.6807096
1d6194ee-89ac-4d21-a69b-0327a88f8532,-0.6755271
16402,1.6960294
43756,-0.29128993
750,0.15356153
60460,1.1982317
50444,1.9351254
12e03324-0085-482c-a8d2-cbb7c416640e,-1.0657835
412ebb26-6a43-4e1a-a68e-8cfac6c823b4,-0.4786852
50233,0.23129636
3881,0.29053068
18648,-0.56082714
69267,-0.6663234
6208,1.2722147
40494,-1.8654723
2e8309f7-0557-4a66-a8f9-6ebfb85a6068,0.98181367
34529,2.2703595
61f87770-eabe-4eef-8c37-68ebb0e4e3fd,0.21380875
3656dae3-6cf6-44e0-bb51-584962762ad6,1.095857
6729,2.3591013
ddd99438-e146-4fd8-b914-f3b1493313c6,-0.09332937
48235,-0.7221503
fba8b0d2-c9be-4b12-869a-7831562a01c8,-2.5577335
16887,1.0382677
19464,1.5893595
55108,0.5821347
59259,-0.071459115
cd8022ca-5e64-4feb-8d7b-64aa7e2273a3,-0.38027608
5c833114-1afd-4b1a-92ab-e05f45408773,0.31850138
55167,3.392908
50325,-0.2832681
41396,-1.4168644
e3ab0c34-cb68-4b2d-9d98-97be60b97628,1.7721162
10391,1.875707
66098,-1.840455
4710,1.9332912
a626bbf7-9ee7-4faf-bab8-5ada01c7e5ea,-0.9023105
5f67fe62-acc7-4815-bac6-465aa9dc03e0,0.6585746
24126,0.11631113
55824,-0.72160554
baaea7a5-256d-4af4-9f45-ecb8189bf75b,1.548623
41109,2.9288776
48184,2.563074
9440,0.613337
29278bc0-bf0d-49dd-9b72-ace9187541e2,-1.7331297
33233,2.463336
37756,1.0099322
63908,0.69394463
73971,0.45307693
b6a8d0ea-ba81-4fba-8f8e-b4ad038afeb8,1.797255
20915,2.1345253
70575,-0.3804189
57462,0.4968966
33072,-0.25307733
20697,0.7136762
8999,-0.28290594
31194,0.7725723
9e0da54c-b41a-47a4-8080-627cf652e8f3,0.79659754
50960,-0.19879854
60133,1.916165
4265,-0.73153687
49053,1.0709071
ff86716e-c011-419f-a1f6-3dcfbeaec700,0.10333353
694cf4dc-1f38-4773-a9b7-3a7c94dbc403,-1.1016164
98a82ed6-756d-47e9-97cf-98319f759c01,0.97367513
71385,0.95369303
d5d5d0d4-2d7e-4dcc-bae9-0204ba7d6158,-0.9246235
27269,-0.23704267
33489,-1.0097209
1d39d204-ebf5-4c01-a29e-463796609346,0.30913913
58703,-1.6445394
27738,-0.3539492
c64e5812-d325-4719-b94b-653c0545b7c8,2.7142642
39902,0.060259104
11607,0.55599564
41625,0.67449534
72932,2.021346
38656,0.6050325
14735,-0.23008859
47201,-1.0126607
25664,-0.50234354
64362,2.6474874
60842,1.7357283
8f576743-0937-476d-a6f1-02582e3a9170,1.1057448
8307a4a9-8c46-4385-8a7d-bfc90ab7507e,1.0853683
26223,1.1463139
1652,-1.2725714
a500042b-524a-406c-8a72-74f42edebe5f,0.5442585
41660,0.07746321
19768,1.0866685
48696,-0.26113772
23359,2.3092866
30624,-0.1707114
1980f5f9-601f-4c5b-bd76-6d29808ceae4,2.2267244
5960,0.3980302
56983,3.1842422
4dacb7e7-5bcc-4057-b98b-97a4ee6a346f,-1.3845794
30134,0.21496567
88d51455-8755-4af4-9d26-5965ac470bee,1.5908415
5062,1.3477232
57229,0.9181826
66100,2.8938527
8376,-0.9019104
25519,1.2651424
20834,-0.34548914
52941,1.5142262
5522,1.6010139
48281,-0.15973812
41920,2.0454082
47131,-0.5722325
37503,0.4148072
32150,1.7766773
6877,-1.5313447
16510,0.8759385
54277,2.0235314
15213,-0.043661565
40847,2.1953619
62814,0.8754188
eb9af28f-daf4-4dd4-8b8f-df4a120747fe,-0.024363935
26286,2.4023755
12790,-0.1251589
32824e7b-4aa7-4718-8cc0-2612d3aa5a36,0.77500486
56a3988f-f0b7-4180-9079-dc5dd33e33e3,1.571665
19656,1.3662813
4b32afce-79b1-4ad4-9a1f-7956acdacd28,-0.01104486
61484,0.16595387
a6493c28-f4fa-46f2-bc98-29972d63e3df,0.30955273
abc392d8-9f6a-4b75-8b45-9a3e5bc4bc81,2.087318
45239,0.46681702
34045,0.25768337
69963,-0.135288
59348,1.3911277
10952,1.4332775
45973,-0.2231729
7916efdf-7e6b-4fa0-bbe2-57caa077e870,1.1993718
30319,-0.472633
20821,1.4331173
25262,1.8982357
ba7b3cd5-b31a-4093-8427-d4c6c27c0d43,-0.1362313
16035,2.578487
25507,0.75078714
73654,2.347097
56617,0.8115311
74365,0.6289449
27316,-0.97803366
1101,1.5543084
37587,0.6230474
39028,0.44239587
45478,0.254226
24699,-0.75939703
24491,1.2704179
10945,0.87103325
c14f0187-4b50-4392-bc42-a6fc18fcbe7e,3.6049318
56753,-4.376533
9654,-0.5264079
26471,-0.37848723
57633,0.4169439
8e004275-06e8-493b-b1e8-b52d03d441c9,0.51929194
634a2520-15ec-4012-8dca-8e2995e63630,0.38672313
7fd090ab-5bff-43f3-ad89-e221808b569c,-2.1728477
53988,2.5084836
fa645d78-dfe3-4fe4-bdd1-ea6ff7073c8c,1.3217784
c8fdf7f9-d02e-47c1-ab20-a2e1df68a6aa,1.3971807
461f9d29-979f-49f8-b845-4cfc27ac0150,2.2927103
08f6761a-28d8-475a-b4fa-ec3a68fa1777,1.9165334
925ac6d9-8eff-49bf-b906-22eb1f348285,-1.1684086
1368,-0.8546045
7053,0.4745828
b12419fb-f891-429c-a14b-ef846dc229d2,0.6974831
62923,-0.0059918165
9412,-0.33200574
43567,0.6818102
1143,-0.92251134
40956,0.655427
9693,-0.8262074
34357,2.0444705
55587,2.912911
566dbee9-0740-47fa-8ed8-d881e627b6c7,-0.09286386
8968,0.4140297
4604,-0.78689516
23131,-0.38237357
64638,2.3035293
40097,1.8317833
4331,1.2918463
93d4919b-bf3b-4e09-a04d-5b0efa104afa,-0.10128176
42258,0.5068003
29740,1.6490924
7848cf37-a3d7-48f5-bec1-91d5e1ff4ea9,0.6916449
df60a9ea-992d-404f-9cc7-606e2b2aabb6,3.9189465
14244,0.61626315
67984,-0.6221156
b658857d-d957-450b-b5d3-09afd8b513c6,-1.1856593
47139,-0.74894
87fe303a-bb37-44d9-b8ba-db1baea3fb4f,0.19703478
1798,1.5518951
15694,-1.1112446
48944,0.47317058
65216,-0.3191129
4842,0.53351235
11922,2.2558956
49715,0.57843435
2601,0.29003024
28801,0.13172308
30acd547-627e-4a5d-b2b6-233f7950ed01,0.3161807
9306,1.418155
38039,1.5806952
14860,2.3244352
51762,0.13937876
27559,0.5328381
2540,2.0319514
31489,1.1347187
72475,1.1006216
84a51c7c-679c-458f-956a-5b99a84e77e5,0.52950525
70784,4.28509
7408,2.473281
27059,-0.26195526
57370,2.2621155
86e16ee5-5082-445a-a9af-3eed4b2b2805,2.0219889
53562b53-b330-4953-a000-6e8da37042b7,-2.343969
56167d42-406a-45ad-9bf6-2808d20a5318,-0.073874414
18290,0.6432366
15149,2.1765594
ea6cb331-130a-4d48-9cc6-65219fa0d630,-1.1786326
31559,0.6382532
49536,0.1458965
72942,-0.29914153
55387,1.0589064
49322,-0.35716188
41469,-1.1668617
40968,-0.05982536
ca40fe4a-f242-46e1-a03b-35ece4b608fa,2.006472
07817371-fceb-49c6-99b7-08fd3a05791a,-0.27929527
45846,-1.4325403
44805,-0.6360551
18299,1.0564861
7907,1.7070911
50263,2.6208801
46995,2.014263
23008,0.33127612
cdbad9d7-e100-4201-9d51-06b1b57daa6d,-0.008140326
35ee81fe-3c6d-468b-bb8f-4d7af0df9899,2.189476
8e0daf45-5c8c-4117-b94e-9d3b48687cbe,-1.2140481
48679,3.9412043
71832,1.5419495
69710,0.1210396
32553,5.6828704
1355,-1.0130053
12f69a95-7c3a-4fb6-ab91-f43b2a899fdb,-1.9736068
10964,2.1656537
7365,0.4703411
2566,-0.024898797
66192,0.8481958
3047e325-e7ee-4e08-afb8-2e57def87b79,0.65560305
4579,-0.054878235
61635,0.38489676
4940,0.06770855
16210,-0.30551827
14836,1.7706947
78c95a92-4a91-4cbc-9dbe-bd75245cd50a,-0.7499132
22567,-1.1558267
dc896ad1-cdf9-43a3-9bbb-b37190d33fd7,-0.6890359
70080,0.9702028
49955,-0.2762214
54264,0.43787423
34befdbb-80a1-4cab-9582-9e4712cd642b,0.8951262
27989,0.9179152
72737,0.5635661
56224,0.914709
32144,1.2171462
24412,-0.24352658
67308,-0.19267881
61391,1.2635037
40628,0.41314584
38307,1.4363284
64016,0.4622329
ae37e302-1eb6-48c5-9aa7-a3c0b6cfc5d3,1.0108557
4a2cb573-a199-4743-8a93-925dcf26fbb0,-0.039714217
61115,2.0822723
60115,-0.06759083
2d08c033-d5e5-491a-a5a1-a6b585e20ef6,-0.83330655
18706,0.039062083
52188,2.2180247
45381,-0.16845053
36060,0.05865127
51287,0.6221045
f56b7188-5e9c-4ff0-8a73-b91928b3ac77,-0.18859178
72495,-0.64820516
d9c78f30-a53e-446e-9db9-430c41afaf9f,0.27992046
28649,-0.11241686
33704,2.4992802
240ff444-5b55-472c-9516-4cb9f6511864,1.66121
45578,0.03482157
69060,0.07036278
68181,1.1439378
4e0ccf8b-6475-4ecd-a5de-91a23554f0a9,1.0561802
24598,0.6329773
52125,-1.3795297
74242,-0.08438942
67160,-0.6368668
27444,0.060562342
26292,-0.30657196
f23ba5bb-5349-4b38-9dc8-056838f4e6dc,0.28464562
d323c823-a30c-4242-9dfb-4730f8f06a45,-1.2940029
c0e93874-a742-47b1-b385-4d2a8dfc988b,2.239975
0ad172ca-5254-4465-9f1a-b4ed699ab34c,-0.36535108
39405,0.85996085
64092,0.22549146
33081,0.17315169
658,0.45904076
26633,-0.2170837
34518,0.4288521
10803,-0.077132344
14215,0.76365805
cc6357cc-709f-4148-a22b-aa9aa6573396,1.0594782
71515,2.41436
62524,1.374651
25444,2.345111
33376,0.33119753
30e4a752-3b4a-46ef-9d90-5482b67623a7,1.2238138
10507,1.7641033
20989,0.59729564
59030,0.08997649
77949c24-41e5-4d05-b2e6-d164ad3b7fe0,1.938023
59444,0.85646605
28775,-0.14379537
e7d6ce9e-9e44-400b-b58b-3970195f7b34,0.31597465
96346eb8-233e-4881-ab47-1bd302dbd4a1,1.423213
09fce4a4-a949-4914-8fd5-b9efc2ffa42b,1.3220614
57489,-0.639505
40369,0.67122966
52799,2.5233884
49543,2.3740983
45917,0.13487154
24336,0.10182524
60377,2.3247738
5528,1.1522803
37346,1.769704
47786,2.163597
c5698f82-b042-4901-82b5-98a1276b6c3b,-2.557691
08b7fba8-ea4d-4528-b3a9-1f9e9163097f,-0.08258897
36146,-1.9457486
47689,1.8489611
36c8e5fb-ad21-4135-997c-4c911eb11808,0.7017852
848cb519-b5b0-4a81-abe6-c334b5ce1beb,-1.3903681
de614bfd-2b75-4100-97e1-93f209544da2,1.6768719
646228f9-88ae-4830-b716-bada2da437b6,-0.8818784
7097,0.7882863
7168b543-05f5-4040-bb2e-823215687dd0,0.5847823
32137,0.17793866
34757,2.7136817
21616,0.40085208
50bc1311-1116-462c-b4a8-2d321222d04a,1.0525748
31746,0.9593313
3ca08ac6-16ef-4f1b-bdd9-145b4d1ba80b,1.0767488
b43d2d43-18e2-4566-8349-c36f4ae81fdb,0.8488256
53101,0.34116608
4106,-2.099347
575fefa1-ac09-4923-afaf-ceb5acdda33e,0.61956125
55580,1.8317517
30300,0.16694412
74090,-0.5636233
63615,2.6837382
7496,-0.57115006
0f778427-a826-48b8-ad0f-aeff32d36367,1.3753939
18323,-0.41003406
c6accc7c-ea0d-48e3-bf9c-b021f99b7d47,-0.76480293
71501,0.51027286
47520,0.13620329
16228,2.5874598
71332,0.25792238
722,-1.8331134
51473,0.23588899
34713,-0.13209784
11599,-0.29340625
8707,2.4139848
d6881a1a-9e8a-4dd3-b232-fa4400571c88,-0.677634
632d15ad-5330-4882-9fa5-4bd4d9837495,1.6427708
c736d798-fe06-4fd4-a7c0-06c8d7801fc0,-0.46874166
47557,-1.7508194
25162,-0.35701942
59174,0.36505812
45037e43-884f-4bd1-9d42-ec15d12e6fad,-1.1831179
54255,-0.010800481
d9a05012-e2b5-4b35-8ec0-8457f9d82f0c,-1.3960288
ea1aecf8-8436-4050-a0f9-edc55da62f4a,0.8502281
57170,2.6331062
38182,1.5427693
32884,1.0049145
45324,0.14890248
27984,-0.483822
4bb87c0e-80d8-4ff2-a2ca-cca97171a2d4,4.807009
24913,1.4948529
c01753df-7649-4639-b222-cb53e37f9bb2,1.605327
f7d4de26-132f-4757-b5f5-aacd6593bd0f,-1.0591663
a64c3528-ceb5-4aad-8420-0459da8f9d5c,2.0477767
38232,-0.913383
551c1e13-27ad-4495-829c-a26c61f59b3f,-0.18003201
26948,-0.7017852
9c8ccd61-1eb0-48ea-9e8d-bcf486a0b098,-1.9891303
62019,0.4608326
41339,2.4514065
11562,0.84810007
9c6fc798-aee6-4aa0-8895-9975961ffd7a,-0.7150445
7595,2.2671123
22884,-1.3468722
5877,-0.61485136
b0b8de29-d293-480e-ae53-372edf5b8209,-0.06062153
62375,1.3912919
53186,-0.5742143
84f63030-b260-4c79-ba25-f2f0c59c98b3,0.89742196
1027,-0.40363973
70463,-0.7647759
74063,0.011538178
21984,-0.88219607
13565,-0.008603483
97cd53a2-2e32-4524-be6a-16d8f118e685,2.6231031
50750,-0.5185323
74463,0.35656857
70501,0.870893
67383,0.5986675
5878,1.5356777
73883,1.863415
30173,1.6110897
14674,0.56648624
10646,0.1643995
68176,-0.2636783
50519,1.58113
f18bf262-8c77-4922-ba17-753a762f165b,-1.899641
21373,1.7275937
33857,0.18772534
64862,0.34486437
25473,-0.28047872
8ffbb843-b236-437a-a998-39c62c1cb1fd,0.83712375
73058,-0.71440315
54164,-0.61638534
13894,2.6246142
4e426378-afc0-412f-8c2b-6fad669b720d,-1.3488698
15837,2.2418466
52259,0.64166105
4625,1.2046049
22402,0.67319965
118,0.7827629
104c2651-81c2-49a9-9159-27ce767e9290,-0.5488605
66916,-2.2567055
42609,-0.06785983
865e735e-6118-48e9-92a2-0cb6a216880a,-0.6788862
f9f1b081-e4bc-421b-9abb-22b4b223271f,2.1026616
15758,-0.07907301
30037,-0.42776495
57029,-0.41554904
73533,2.3317094
13968,-0.6519536
11736,0.009615272
25154,1.9591638
69985,-1.6695163
25937,2.6581385
44467,1.9833152
37178,0.56331456
74025,0.11900869
1746,0.06550017
22328,0.5321407
da768108-2cc2-4f67-8820-c83a3472b38e,1.1957397
64758,-1.7955093
23768,0.586868
4a38ced7-b574-4fd6-a450-156d65f83e72,0.19310743
12827,1.2510668
7979,0.97343606
61287,0.7883926
15130,-0.08709353
17787,-0.22968435
21481,0.881487
31391,1.862584
e217e77c-5a72-47b1-a37d-49d30e25611d,-1.0967836
13547,0.53149617
c64e3f26-7c42-42bc-809e-3a8b172c5aaa,0.8443793
038ba3ba-7549-415c-bb6a-3ad2b079203c,-0.2228151
4fcf150e-f0e3-4399-81b6-e5338bc07801,0.054278076
40119,0.93858314
44116,-0.019323587
69565,0.9562868
14043,-1.3762162
73314,1.0765514
7070,-0.14069986
26647,-0.2294653
38731,0.28820682
32583,-0.28194237
24032,-1.1462839
fb04d3ae-ecbd-44c2-bd6f-b52f02b4fdd9,0.83644104
72409,1.2537565
50946,-0.3340137
35689,1.1104306
41504,0.26294735
60151,-0.4775914
22089,0.8352163
c150afe9-b903-43c9-8f18-95e7c9c2aec0,0.74639916
27dd0169-0a20-4720-acae-9781403eb113,1.4667281
14953,0.46663988
57194,-0.9703908
8702,2.693087
66454,1.4212015
45416,-0.42389047
25431,0.9248401
dd014d80-2904-4207-9da0-204052d3bf50,1.0674396
44984,0.28328735
4f710de2-ff1a-417d-8656-088af4fd47fa,-0.8065119
395f7e19-dee3-4186-b29f-8f1176e234bd,1.7972276
42852,1.6208891
17333,-0.10707456
67237,2.281083
1b1cd2bb-efd9-460a-8711-658f975bff02,0.11272645
e92e7da8-dc3a-4181-b9aa-6b6515cbc0d3,2.1550026
14345,0.92090476
9074,5.278589
6995,2.0922098
58640,1.0277655
5728,0.82996535
1b005209-c6e8-46bd-9491-8422e3c80101,-0.12612063
23831,-0.15262747
46002,1.3861091
57930,-1.3112314
50267,1.1068492
0173b692-0a9a-47d3-b0b6-436a555fb1a9,-0.2610528
d7948381-9717-40e9-8da7-6b6b2c1c4668,0.5545471
44651,-1.0407414
59509,1.269424
19450,0.4453962
42970,-0.3325907
b20067a3-2b20-463b-b862-0e2b895317b0,0.5278038
4094,0.48458242
22121,0.83829635
74143,0.6993818
11900,-0.2501887
33266,0.7338598
16508,0.10865331
46039,0.45483184
39136,-0.6075727
7e0f048e-0ec1-4ff8-a217-f8ac27882c07,-1.376516
61267,-1.4112916
24254,-0.15872741
36565,0.96967506
1a9a6e06-8bd0-4ab0-921f-e672549d4bab,-1.2313728
63943,0.43427798
17117,1.6240852
39324,1.807657
10642,-1.2218959
21367,2.0735488
19438,-0.058202893
17569,0.600265
74354,1.6953619
36943,2.62085
13384,1.1573197
33e8fd19-cbef-4ec5-8b71-fd4fde4548ba,0.6750498
cd3f524b-68eb-49e9-8b1d-9f38f8f1c7d4,2.505886
af3b4e24-39b1-452f-975b-22e813dcbb5f,-0.20195097
2827,0.58129644
26757,2.6146233
6bfe388f-c3f5-48ab-9a4d-ff899fa23172,-1.3075844
29407,-0.17394972
64263,1.5538174
71193,1.816093
31440,-0.966202
20721,2.124855
52080,0.5547486
ff0e0e58-8a7e-410c-aafd-98dce671e7d2,0.17395186
b2df4e0a-64f6-4d04-99aa-6fef54cfc730,1.3662361
22185,0.7875129
45542,1.4697003
55246952-d52d-4189-a0dd-231808ee6083,3.1579654
59825,-0.46455514
292ba4de-c498-4da9-9471-e8bd88ab4771,-0.07252425
15ec234f-5ca0-4f94-afbd-c57cdbf34834,0.2543428
19539,-0.7442472
18012,0.54905456
23422,-0.10114616
8a85b63b-22fa-4d41-be2a-4560aa12765b,-0.6503899
53512,0.6980035
01689eb6-22f8-4b84-b5f2-ff7a626b58a3,1.1269877
59017,-0.2642656
396b560d-a131-475a-aa8b-8c4713aebe77,0.36169204
8267,-0.17873847
29162,1.7455891
53828,-0.35174912
16a175f0-721a-4ad1-9343-b1b852653615,0.2992735
21601,-4.9869113
b68e834d-d2dc-40f2-9a00-8be2c4567515,0.5623636
7fa8905c-c859-48c1-838c-fcf6539140c8,-1.7433028
29157,0.89619076
60222,0.00490433
30901,0.70261276
59de1e25-cd59-4c0d-9456-e9bc73de8356,-0.2532913
47f2569e-35fa-4f50-8b75-fff7c7eccb0e,0.34074432
8f000311-4268-4b7c-b49f-59defb053750,-3.4910984
4257,0.9595846
60990,1.2949973
51198,1.1896994
63940,0.04249549
49675,0.106312156
345a059f-ca10-489b-aaeb-29c88259a786,1.0593128
26324,2.292706
34246,1.1250602
55862,2.1172385
14298,0.33058876
69589,-0.99150586
51309,1.2145019
66394,2.5622761
44f8512b-81df-4d3a-add9-6ae3c8c065b3,1.254477
f522ebde-7f28-4e10-ab30-f0432fda7257,-0.025149822
45526,0.15730247
57162,2.7682922
13291,2.7940998
14f74b51-4929-44b6-8f75-b6f2e911093a,0.7155247
9812f738-1322-4b65-a912-a72ccb18d210,0.4105067
19246,2.5594687
13058,-1.3461871
2607,-0.15756267
42024,0.8692094
feacdc35-ca25-4d4d-b2f8-750a5e61e2f9,3.0472302
30199,-0.14473784
21223,0.62530065
62517,2.5805156
70488,-0.31090474
22608,-0.07345584
48674,0.82529485
54311,1.4548727
46692,-0.4018603
53779,1.2353477
56627,1.8498504
32895,2.452463
37259,-1.5687412
634e3c7d-69b7-4369-bf80-fe5cc813144d,-0.38880658
0d4a843a-9426-4e66-9097-3dbed905da9f,0.14476824
33360,0.8760997
9f04c8f4-9141-4201-81eb-a3b802633f34,1.5822273
66599,0.5429873
520513d3-6802-4d40-8a3e-73694dc3493b,0.48879093
68407,2.5016642
1108,2.4396374
8019b1d7-04f2-439e-bba3-6302a6b7f127,1.3062001
71421,2.2890375
65451,2.3585572
63375,0.65341556
3c6ce0ff-1a4e-48c2-b98b-4178ed255af0,0.79781246
c8ddbeda-9c22-4ee2-bea5-ceef9ee598dc,0.65009636
bdd67329-ff50-4213-baca-784117dc591a,0.3110787
92679708-2e67-44cb-b8de-0544c282d67c,2.007389
17222,0.7856557
6820a79b-3495-4e90-b6da-22869893f763,0.7109782
70051,0.09092957
bcd27075-d728-4631-8153-b7e50d4ca16f,1.8428391
20d722e0-e0c1-40de-99ec-57b3ddd09557,0.5018109
62725,0.83995354
48427,-1.6451745
da07a105-3e22-4369-a4c3-c430e7c6d164,0.34184915
31606,2.4028902
6e44ac31-9be2-420c-8284-26ee497bd50f,0.17004329
27056,1.0810566
31857,1.9082148
45975,0.79346687
30744,1.2578752
32814,-1.2942718
27206,2.5264523
10221560-79ed-4554-aef4-ba02b902406a,0.15348622
20460,0.60830927
e6657def-cafe-4572-b56d-2428b1e7be5d,-0.2062887
7cd39caa-3d97-4180-81a6-e4429496f060,-0.7689192
4333,-0.24275678
7360,1.1537772
d1dd30cd-dd1c-492e-b904-efb1d0f00075,0.33053732
87,-0.5486526
71049,0.5801114
14250,2.6646142
8359,-0.22445762
66039,1.7963332
73392,-0.3250928
2847,-0.13057745
69101,2.5054107
28304,-0.30892187
23c2e997-6fa5-4a43-a1fb-06c112481a66,-4.5311546
34841,1.9370202
258d29db-f86b-4107-9e50-f8cd002e28c3,3.4800427
70675,0.35001242
25017,2.1924753
12006198-7d13-425b-918b-b50f02991e53,-1.4390162
40427,0.7923697
30276,2.5050159
50533,1.4630177
12873,0.3109954
9405,-0.5928538
cbbfa1b7-29eb-4ecb-b068-57e91c1c4d9c,-0.35862732
33322,-0.9131148
29554,-0.31047684
64481,1.1452143
47507,0.28563738
11333,-1.900732
7f0c62cd-ee8c-4027-b01a-303095dbb707,-0.31251734
67695,-0.55207586
47616,0.7125698
72258,2.7964377
8166d1a7-884a-4737-9dfa-54ade95903ea,1.3895675
70736,0.037329584
39768,1.8929607
585,1.9611757
e9a6fd1c-57ce-4fd7-b988-a8c66650d6b6,1.6250455
13884,2.9111316
47202,0.7350176
b75c4b4c-182a-4ea7-8c84-b9c25a5b50ef,-1.1369153
44120,0.94377935
40879,0.17542782
17377,1.5262148
e93312b2-da12-48e2-b9ec-d93454ef34d2,-0.41508234
1e5c2456-3f45-4b9b-9d48-139d05584354,1.3084053
46812,0.20043787
fff371a9-bab2-4fb9-a25c-20a1e849c3e6,-0.16640759
28547,0.01616323
98de0a79-db33-43e2-9386-f35c6b3e8320,2.8876731
60297,0.93681633
0d658a93-f559-4974-9f80-62852307215d,2.3196046
65638,0.41672787
433,0.5007964
25026,0.20422874
d3a775b6-5c7a-44ea-b655-aff2a679c1ea,0.94048774
40977,1.1736965
14990,1.0557345
59137,2.0639045
17729,0.3154956
3629695a-830e-4dc5-9b6f-db8185dd57b9,1.8584883
fbe64607-8251-4456-bb73-582f3e44e9ce,0.7361134
11293,1.9309781
4609,0.79227763
803284b6-de71-4edf-b935-344b64081a9e,0.110361695
918eed1f-74c7-4f95-885e-267d3f5eb424,1.2880399
5306,0.15643139
ee06a628-fbaa-4f82-8921-7da70b6ee6d6,2.769316
f633e27c-ddbb-4932-a384-4baf4fae7402,-0.92471886
24583,0.3063763
b8ea5c63-ea46-4857-9dd8-afbbd616bbcc,-2.8371577
9b001723-4e31-4b72-8854-02af6cf234ec,3.1616788
d0d87fd3-1f54-48ce-b6fe-ab6bb7b50071,-2.3586164
98a1d953-aa70-4eac-9ce1-a4632e90d630,0.39986926
60881,-0.040423036
62672,-0.6167898
52095,1.702229
55573,-0.18711865
48966,0.87608355
38059,0.1867935
55707,2.9879837
29296,0.6793789
7964,-0.24068785
27049,-0.33498603
a0a09206-b197-4b07-b958-a940e379b2c5,-1.2376472
2a57d7d4-cde7-440e-80c8-a5803a56b45b,-0.9698396
55219,2.6626437
21478,1.0461397
79b3c732-12d1-4f84-9201-2907b7b18022,1.5196673
7174,-2.327539
a9da08ff-67e5-474b-bd41-dbaed58bf1b4,1.6613818
24403,-0.30326986
26963,1.9419048
74d02aae-3a87-42bd-a149-975173751efa,0.22524047
b81903c9-61c3-4d0b-9285-638554f05bcb,1.4179312
0cb51197-a6e2-4445-86e1-1ac1bcdd787d,-1.5494418
4f691fe9-c99f-4d32-b193-2bb124218623,1.1344144
2af62d0e-1e55-49ea-bbb6-8b7b44f735ae,-1.6552348
15175,0.13212806
9bd448ad-f2d3-4167-856b-84acba0834e5,1.22004
10373,1.1725991
28069,0.96060646
21948,-0.15028518
c1d4a117-abe3-487c-a2ad-c2350d7d1dcd,-2.4007583
fa617331-1f68-4267-8129-a93828d7b684,-0.15058756
39773,0.16296372
23646,0.67655647
56684,1.3398204
59083,2.8406034
17740,-0.57513654
32529,0.5337821
17748,0.79765874
36830,0.84096986
19043,-0.107637525
1257,-0.079631805
54162,-1.4203395
11393,0.16356272
40151,2.4285693
57772,1.1028476
52999,0.30355808
24058,0.7089528
687c3a16-07fa-40c7-abe2-be1b3d6d89e6,-0.7850981
6cddfaf9-3464-4210-821c-ac59568f02df,1.4177506
db790c98-038a-4a3f-8022-964ba126fa98,1.4984611
30456,1.219629
15917,1.6203194
32288,1.1666251
54403,-0.45537084
2a271a09-e904-4c35-b252-1047324e51b7,1.3345371
b0516ffa-2fa9-4e4c-916c-9ba71f104da2,1.2956913
1b3fe624-8dfb-4af1-89f8-3781a1e4e986,-1.3451781
b940003c-f3c6-4846-80cf-4180a26f58bc,1.7416661
b7f0b6c2-7fc3-479a-bae8-6ec99a7170d2,0.56762695
edf0875f-3622-461c-b9ed-9ffaaf8cec2e,-2.3464644
31721,0.21335222
26546,0.37900585
68351,0.21433246
5ac5bbc3-af0b-48f4-a2ea-be46f029491e,0.24959958
36825,-0.49759835
62850,-0.56366587
35794,2.1411881
37506,0.2361229
10830,2.0697548
11200,-0.09831345
1260,0.81680477
65674,0.29368916
da71db1e-2e71-4a27-8254-99582019d323,-0.63124394
6543876b-b1f4-4e34-a7f4-b8316b54394f,1.9860148
0b909d67-7d6f-4125-90a3-b85710ebdd65,2.5258892
3435,1.3164577
aa6675ab-9b65-437b-8cbf-ed4ce5958287,-0.4593777
44866,2.9607995
67382,2.6557293
69f3dc48-dbd5-4e94-9134-6963e393b9cc,0.9351966
69d6406f-f071-47dc-b2b0-7741cd41eac2,4.0591626
2bf05bdc-2644-4fd2-995d-cfd5efca602c,-1.700866
27fea9c9-fbd9-4002-93e6-777c5beaa330,-1.3943868
50913,1.8557458
0330cc2f-41d0-49d3-bcb3-a46697fdabde,0.7870914
c1e75424-28ac-4a29-b028-dae7308bcf95,-0.626915
e5fc3f5b-e5f6-440b-9803-0250d5ff0510,0.5886619
e4a52774-47c5-4e6d-a57a-d2ce89a2c945,0.73642266
84174748-7935-4206-92ed-970fb05f3e39,1.9431579
37708,-0.35435545
27c94c4c-f7a0-4a13-9fc3-e0e832fc10df,0.7108947
2070,-1.4035003
e659b0bc-67a1-4efd-b4d1-c032de61dbb6,1.4390389
53290,-0.20515144
38864,2.1905975
65706,2.3600023
46559,0.70682514
51999,0.822119
533f2c9d-2f64-4437-8f8d-975881560489,-0.37802148
62215,-0.251464
67339,-0.26942766
20407,2.4710755
25662,-0.30345893
20228,0.2358245
7249,0.41924298
63286,2.2630825
62992,1.0179136
30045,0.6257584
30150,-0.4034624
18904,1.4824735
20965,0.7276628
5f323bb3-6ceb-41c2-a71e-d1c60239c143,-0.81219053
73888,1.3885491
4b0c0416-739f-4b09-b0f1-58a7a8073bb5,0.8013232
42472,-0.2979861
46638,0.931395
67597,0.046481103
1749,2.0974426
ec6850e2-d04e-47c6-9b79-c93f94e89189,1.1414196
44554,-0.28567672
52142,-0.4400717
31861,-0.13758737
46604,0.94712996
65547,-0.18021786
34884,-0.60575855
5d39aee0-370d-42d3-98a7-8247b1302a2a,1.2013919
43955,2.1772122
22299,0.23409103
2c97937e-b4a3-4fc7-b0fe-7a480316cc56,-1.0156658
40490,-1.6230288
25882779-8c56-4c38-b0d7-f6da31a074f8,-1.5600858
045dc700-dec9-4790-b724-3b841216333f,0.61984885
54769,-0.43451107
65067,1.2373548
a54c1fc5-8f76-4808-9d19-3e6afc6c4bf4,0.66016644
47553,0.1566529
13000,-0.42353523
2505,1.2114117
11684,-1.7099116
9d257328-c6bd-42ce-9b76-32dbb22fcb7d,3.181716
67754,-1.7729442
12810,-1.2242826
6039a197-fe62-477f-9689-be5ea1eeb9ab,1.0544577
48270,2.8937385
bb4987eb-3edd-484a-8f02-6a3b331b5a20,0.1767911
6306,1.4351152
42919,-1.0638294
58103,-0.2931769
64715,0.82321864
91560425-2b96-45ff-9413-4a881f7f5cfd,0.61475074
ea784d17-6a86-4c79-8b7a-29076a14ab04,1.0854554
1701c1b5-8a67-4077-a9f7-b7475cf68b92,1.6324928
d7a3a922-3423-42be-a309-b680d5ab35d2,-1.9169102
10996,-0.60843205
72335,2.1167574
65742,1.8616729
30920,3.3711193
67151,1.799895
9395,0.17622301
70162,-0.47741258
57534377-a27d-40da-850d-1112ad94b647,4.0933065
463356c6-842e-4c70-b767-491a3b743c7d,0.31247398
61750,-0.7645955
73934,0.20151435
35485,-0.018702775
25af004a-ffdf-42a8-b468-3f11bb33df88,-0.6083908
5383bf54-430b-4b06-858e-26a343312035,-1.7830472
38018,1.9395053
35449,2.0147889
3c730e24-8e4a-4590-8673-728985547773,1.4403517
19676,-2.1180353
51424,1.5971165
10035,-0.17661262
68091,0.6976544
c2c46265-63f9-423a-8007-ccd3b64b05de,1.3867931
58403,-0.06799272
12428,-0.0046444237
34668,-0.11953139
70a2c806-34ab-416f-a280-d84cb84d0972,0.16728526
7523168e-44ac-420a-85b8-e69ef47009ac,-1.5878484
20290,-0.75397015
63602,2.201398
23968,2.3737073
47614,-0.18125701
17474,0.19921649
14338,-0.60230243
58453,0.2099461
905430ba-6183-4db6-aaa3-30b1d0d6d0aa,-0.7114543
34444e67-ddeb-436e-a87d-4d8602285d8d,0.3466412
45367,1.278204
28401,0.4479906
8343,1.2031231
8097,0.7221283
39095,-0.14489406
34694,0.07741213
061f6d22-a48d-47e0-926a-3d2d39c04b5d,-0.14418858
50137,0.2051656
17887,0.9833915
63631,0.008981168
43656,0.67192626
49305,0.016476989
02bb0962-d2c1-41a8-bf1c-07b3d1d7014c,-1.2057134
36100,-0.113530874
7f54641c-8d91-4017-85a8-3c4d698259b2,-1.3493974
56080,0.39562678
73656,-0.8549278
15650,-0.22099948
69545,1.449138
34587,-1.9021997
69398,0.2913574
20935,-0.30877113
64424,-0.7383864
0862f8b6-5a5e-46fc-9199-4b06179723d5,2.4418693
20526,-0.45704734
27226,-0.716728
6953,-0.20404589
39913,1.0724281
7444,1.5594369
49753,0.22060186
8c634404-8139-4a8c-8565-8a69591cf2e4,1.5104268
41372,1.0888329
7b8a7293-3ff9-49cf-b320-b8243c3138a5,-0.37785804
25362,2.4189553
37070,-0.2563678
41155,0.44273245
64105,0.15692045
27359,-0.3713808
71884,0.9831512
1d0964dc-480e-4e97-ae50-a22b7e02c2db,1.6102376
0d7fe690-eb86-44a6-a3fe-18c5d3f61dc0,0.31919944
58890,2.0109472
53780,2.2070765
33165,0.10960877
f66fea53-022b-4502-9cdc-a3c1d9599a17,0.2844528
126,2.3413067
5a6db7b9-d22e-42da-b9f6-5c01bbe88db5,2.0771034
73993,3.2392626
b2b38520-7394-4471-b9d1-74ed30d3edba,1.4147314
8932,0.04484275
32915,-0.19605339
b84e6637-8972-4b5a-8cb4-e376e59752dc,3.5836396
3044,2.363809
5671,0.835283
d8df3894-2462-4317-9a57-22e553a608ea,0.021318376
41867,2.5755916
47341,1.3477204
11009,-1.5289145
70867,0.49807572
4445,0.38042355
52207,1.9705206
15646,0.23502547
30285,0.49294034
6bb6baf8-9c73-4fd3-aee0-ed6c19134b57,1.9876649
19572,2.3655415
29529,1.1388237
17183,1.4706943
22579,-0.553977
66938,-0.021950364
47118,2.7440987
47081,-0.81718636
53094,0.13360208
39979,1.8795428
38635,-0.02838844
24486,-1.7359052
d11a9770-ab59-47ea-a80f-45f2e1c23c95,-0.053263485
480c5201-8edb-4778-92d7-06d6f3a0b53d,-2.0023198
0ff2513b-0b19-4d74-b97a-e43dd1065d95,0.06092891
8907,1.6439514
7a5a7afc-3655-4624-aac8-275d077dacaa,0.9745244
25245,-0.568455
15a51966-3bb5-4b28-8085-429591c9346a,-0.24258763
67817,2.0897536
47527,0.36617512
33920,1.6269019
72184,-0.5347581
48204,-0.69086695
73690,1.7616435
45591,1.6361032
57160,-0.7374673
98dc5faa-f0ec-41bc-adfb-da8e5e37259b,0.3043275
26041,0.62274325
59c188e5-14ea-4b25-a1a2-67ca3070ef9e,0.07836568
42a873cb-d896-4fbe-b388-e8d0900e8661,0.5398545
14339,2.7990716
57486,0.23422202
48825,0.53884125
28049,0.49466115
8889,0.05990404
52378,-0.14469206
12911,2.4196846
2841,2.2182424
9da00551-9a60-4df4-a0e4-761562a20b83,1.4506012
47031,0.30844292
69139,-1.3116499
55444,0.19477683
49171,1.3427229
14960,0.11663684
2089,-0.5381968
52e3fc2f-0ad4-4db4-be4e-cc6a5319d91e,-0.948756
1b004189-1a10-4f82-b341-02438f4cdc91,1.4419409
12155,0.012046576
89a1e050-f19b-4c36-ad36-cacd7b11b432,-0.437091
41533,0.024045289
47357,0.22850683
c6feee0a-c989-4c27-8b10-b800fbc8912e,1.2103498
70938,0.27955627
af3f8ac3-92b8-435c-af96-895d93d8bcde,-0.8475777
70818,2.5987613
42600,0.3987006
50064,-0.22407258
23330,0.23974735
35991,0.6080579
48a4450b-9958-4f70-99e4-48abfedca77f,0.14683539
cb27c89b-3578-4472-a647-a171387bc0f8,-1.7654209
ebc5b675-582b-44a7-80fc-153a0b4921b5,1.0705757
42808,2.3126736
15550,-0.63272023
e7a6287e-d6e2-4ad8-a49d-b0eedc2d3053,0.82202375
39375,0.014185548
610515e3-6451-4374-bf8d-b857abb289d3,-1.4559612
7290f78c-62fa-489b-a9df-da920942536e,1.6911178
23030,-0.6727799
66221,-1.7199306
55626,0.16998434
73538,1.9347506
24886,-0.10629064
21450,-0.036714494
3867,0.99565554
25001,0.6387907
8649,2.5281549
0da3bad0-b0da-40f9-b25c-f33d4ee2938b,-1.0790241
68362,0.20976228
4421,0.01130268
17621,0.58181477
2bf1ad3f-aab0-4d63-80c8-1dbb762282e2,-0.3518932
33894,1.1139122
40171,0.4191224
38477,2.640221
2baa3729-985c-4dd3-aae2-97f9b4512ddd,-1.2432086
50203,-1.8871002
3776,-0.07502201
46825,1.038612
12cfae69-c0dd-49b3-ac94-aef781962c6a,-0.52901983
53327,-0.10734117
62194,1.678414
56480,-0.41360253
78f0d5bf-5d64-4aa1-be29-bdb3def166d7,0.6760116
70130,2.4867663
18396,0.28727692
67653,0.46367332
37099,-0.38881832
d38e5b31-d70d-4629-9170-96f0c59355fd,-1.4473046
2712fdfa-4930-436e-a36b-ffac1596d986,1.1595656
22225,0.13572067
54821,0.5348932
45509,-0.38264155
499,0.11956632
2704,2.231111
17274ca9-8875-497b-9b25-2f76296a235f,-0.38182127
18816,0.77305734
c80f35f4-fbdd-4646-801e-c43e90bfc793,0.30961537
18573,-0.42826474
10158,0.5479804
79,-0.8212888
45910,-0.406016
6169,0.23747064
37494,0.52850145
48261,0.95640105
37413,-0.89757025
8766,0.4982813
59511,-0.0983181
61293,-0.48954135
25292,0.54278356
42177,0.7610826
79f99fa7-e42a-4f5a-a996-2dc60b7e9bd6,1.9590161
35103,0.5533931
18398,0.09514028
34402,0.46366835
67618,0.63627255
31f362c6-0f33-47b4-9f83-4d79d413c7fd,-1.0889018
35056,-0.66350794
25252,0.72107255
53866,0.94474316
15711,-1.0637507
25258,1.0549603
8779,-0.13866496
53028,2.67704
52396,0.66540086
61349,0.42291135
16160,0.7708352
39234,2.3262846
e66b1297-2ba1-4516-b0f3-a40a25e8052d,0.67340124
65843,-0.16011953
6929,0.32097372
768c350f-d9ad-4886-9395-252d0e28a93f,1.0066733
41369,1.1014112
45956,0.44589815
33933,-1.2945799
33634,-0.8480936
29415,0.019935846
52240,0.024361372
69b64e65-5796-46c2-9f3f-257f4eab6379,0.12956017
bf50dc8c-4a53-4ac9-8646-87f8cb4ed2d2,-0.6014427
26809,-0.79860234
2329206a-b501-4d3a-b89c-f652d2541f83,-0.35202235
38907,1.8546278
3c442476-2be9-43fc-ab63-9863ac24ccbf,-1.2657167
0bb88e28-bbdf-4442-b1c7-4b027bbd6c58,-0.40030718
41877,0.5585458
57889,-0.7902398
42507,-0.43589246
33589,1.5689404
f444942b-d99c-4cda-b8d9-3fd36ace93fc,-1.4329157
ce08b665-ed29-4f92-94f8-823e21ec42c7,1.010118
61240,1.9853764
67081,-0.041393936
43318,1.4270649
15507,1.8287312
12396,-0.53477925
38739,1.2552466
59b7b893-b795-44cf-8ed1-b60b999bfcff,1.0281078
c834280d-132e-40fd-b87a-a876155ca0b4,1.2556704
6dc19c50-d15f-4c0a-9247-1b9295eaac24,-1.9673834
6182,1.7590342
42779,0.84985733
67693,1.2380672
52622,1.4816306
48409,-0.63104415
bfec81c9-f1e6-443b-9a7e-ac554ccc6cc1,1.3963641
22142,2.0009935
57296,0.11182091
59345,0.57532144
59304,-0.55878663
e8b8ab3c-3de2-4869-b282-78becd94763d,1.2224452
cc3a08a1-e5ec-4019-bc20-43eafe85f9e0,0.89789164
17830,0.9108404
0e4f084d-0d6d-4528-8224-5e4c55450f68,0.7773879
8b649935-1d2c-45c1-a8ff-09c3c97ab74a,0.94848704
30110,-0.004954815
65579,-0.21185791
11094,3.1106257
6dbc242a-acd8-4040-9651-f2aef0739904,-0.0467695
d94b8690-f48f-4680-bf3f-a2c2385a6a4b,-1.526633
38267,0.4453056
02c967ef-8b11-4297-a5cd-c84bd5a2f4de,1.3848431
38555,0.7188551
42832,1.4827671
19182,-2.0124247
69159,0.19224524
2944480b-677a-4b93-9cd7-5eaf9682f3ef,0.21539038
28616,2.5598001
47062,-0.13066304
35340,-0.93652105
71706,2.3841786
48660,0.70872396
40987,2.7334359
59779,-0.08250356
83a403f1-6b03-425a-aa83-4eae6ac101eb,-0.26339924
66428,-0.799929
34229,0.7741827
26158,0.31196335
1bc1b550-9e28-46e6-842c-6c97c0f1b72b,1.6762733
70872,0.39905536
42076,0.27060962
d8398a00-4196-45d6-a322-82e61f0db745,-0.15170562
271,-0.28317922
69771,1.9737225
7671,0.19550416
2712,-0.68006456
78e618c7-ab58-4b1b-9bd9-2685c31ba94d,-0.6175041
22452,-0.19755304
405f9625-d8de-41cb-8029-c187077d3732,-0.87101793
95ed7480-4f95-4d4c-b7bd-dabeb53789de,2.0213451
49469,1.9742618
52444,1.3120728
67632,1.0063164
9186,2.0544734
57066,0.02706188
31752,2.1409953
10067,-0.050579727
72612,-0.5125746
43212,0.60805273
8c13e0f8-15d2-4ecb-8acb-705b635cb823,0.22760287
36789,-0.30537403
64340,0.00037878752
60515,0.97356826
b4bbd1fd-cbf2-4484-bcfa-4f14bfbb3e12,-0.9707118
51445,2.0916307
60435,0.07672587
85a7156c-9eb8-46f6-9245-27b5cf0e3696,-1.4986103
69926,2.5297818
67292,-1.9689255
a1c021db-5fd3-4124-8a7a-1c4ed8f66925,1.7582457
52666,0.522417
68468,1.5785363
58567,0.48645958
508a2cd2-2289-4584-90b4-ad6bf405ca30,-0.21938539
3855,0.37531686
65848,0.80529094
41410,1.6662614
58240,-0.35610878
34827,2.3532615
32683,-1.1027857
1274,0.22244275
46467,-1.0697762
53188,0.3145103
57232,1.1185834
8739,-0.011934549
b3071e8e-35ef-48bd-9336-a0075a03856b,-0.68088377
58078,0.27963385
60789,0.31935656
66889,2.4241757
37694,0.13504225
546effab-2f5e-41d3-b858-0d8ae7ceda96,-0.012173653
12528179-904d-4b1b-a6a3-95a207d55b8e,-2.8246007
32049,1.8528767
d102bfb9-8607-43a1-b9db-8ca5d2ac9a30,1.8450983
312cde83-5318-4e80-9846-6639260ced0e,0.14505613
43794,-0.33126336
87e1eb81-7e64-4626-9675-1425079809b9,0.29601595
48136,1.2960329
70673,1.4069073
69931,-0.19782245
58742,1.7059133
65986,1.8125292
893,-1.1720564
730,2.260089
10583,0.049161375
dbaabaea-6e9c-487c-ad05-090c246477c6,-0.7782805
14134,1.4727271
11893,0.5885875
45787,2.1201115
74737,-1.8415971
35156,2.0893915
28667,1.6832916
33593,-1.7705193
6177,0.6539255
64877,-0.15965629
7203cbe9-fe8f-454e-b41d-ba8a21fe805d,2.2381105
53807,3.1317053
15526,-1.1171885
2983bd7c-023d-4eee-8ebf-14840f34d060,0.04450959
36982,1.3977959
161bc8ce-c92c-4885-8523-cb0469d6ae77,-0.72489727
47541,1.5700151
38498,-1.9300733
2bba030a-6f11-4d23-9d45-71d3a362ccab,-0.9724256
9b041919-3a67-4a22-85fa-05b1e186119c,1.8788579
4847,0.7969886
56318,1.7862066
19826,-0.21344191
14783,-0.25188833
43611,0.81384206
21294,0.59946114
4436,2.0740578
54302,1.3154907
4254,1.5887207
e5ce0828-acc9-4bfd-a075-831117a19f30,2.3922167
31645,-0.71104574
39063,0.21694419
23311,2.0928903
32300,1.2307985
21680,1.4871746
15469,0.61263067
29636,-0.9602345
31629,-0.3374462
a49907a1-ad89-4c30-8b28-540be41af376,1.6681756
37288,0.1786735
45782,-1.8210821
22054,0.07250267
b75821dc-bd44-4418-8bff-749ffb595f9d,0.1657655
28554,1.0908325
27713,0.380641
35153,0.8143834
35592,-1.3628967
73a74d60-e436-4adb-9ba2-9e0403ed7b3a,-0.77559566
13542,-0.28971648
35805,1.0545443
40661,1.2752653
69579,0.76600814
32,2.0655458
fd37367d-5f8d-4d4c-acaa-d7eb0c414e0e,-2.4757907
24184,-0.12088859
36327,0.85711455
58927,1.78158
54272,-0.41107714
c5f060c1-042c-47f7-9a47-f44bd608b32b,-0.104867816
40631,0.32037905
28132f1c-dd0a-4a27-a4d4-0d7828411b45,3.0326843
18236,2.4744341
b57005f3-812a-43d0-9210-f6f14112759b,2.974629
19687,2.4118052
71940ec2-075e-42e9-a73f-980ccafc6fc9,1.1024089
39623,0.6837861
26521c11-7086-4ba2-b6ec-579e7b11ceac,-0.9098995
60793,-0.9889523
26851,1.7589645
d215794f-6bf3-4e24-b348-53e2932104e1,1.7381141
47048,2.0290167
11766,0.9531198
f6a4167a-8896-4014-ba83-8b09ab51f06a,-0.73903775
10482,-0.30404514
8610,0.8381548
e6f52b99-fbe5-47ea-b40e-3bc0f92f983a,0.2674056
65486,-0.37151408
1164c53b-a70a-43df-ba8a-8d5492bb1043,0.26391357
58148,1.9318206
1724,2.0674837
13202,0.50688326
4767,1.6186587
51a2e6c2-ccfe-4d89-92dd-77c0702a3545,0.14000201
082d6786-eae6-4859-a1f0-0b3d38893393,-1.3878038
28e73ba3-f316-4203-aede-6bf77ce4d6c5,-1.1182182
3a74d4b5-5eea-4da6-8c6a-66b96b891442,1.2782884
19752,1.1174238
476d88cd-7a99-4edf-9a8c-c0bb78f22c11,1.0680104
15000,-0.37187976
35379,1.6137755
59772,2.3470783
586,1.8985364
15546,0.4078911
5829,-0.16019022
11881,-0.6588352
43038,-0.005191684
f83c1179-8dc6-4db6-aab0-8a89a0136a30,1.1310687
4466,0.4832008
42904,2.6118283
ea45e942-f515-42ce-a2b9-d48e3f0c46ee,1.0693095
bce81e26-7027-4d11-ad27-745774c67af8,0.5776474
62227,1.8546067
21872,4.0527806
57454,0.34391385
24684,-1.3128804
13567,2.4628546
34046642-49c7-4032-998d-4787f9a0d822,-0.28134698
19598,0.21509588
60669,1.1509758
99301a2d-428b-4b28-a5bf-c3c0c78942a4,-1.0159688
56800,0.49249315
0d60a503-b4df-4464-8acf-09af19a73b16,0.5913506
2b474a7d-2aae-455d-aaba-aab774e82317,1.0287218
40692,0.37453985
57931,0.84006834
38007,-0.14341444
74663,2.0355716
649,2.1650317
54397,-0.9189148
0f6f58e4-c90c-4ca5-956b-2027025e3966,0.58132935
f39a5031-a38c-4e74-b427-dfe6a17fabac,-0.67057276
14551,0.44920018
38168,2.2119453
26226,-0.7071456
67334,-0.53498435
27747,0.31742454
34555,1.1340184
52209,0.20829543
24810,-1.2138222
21684,1.0086591
61958,-0.21950662
5631,1.7348886
64058,-0.43355042
5849,2.2303622
57172,-1.0982285
16648,-0.27298737
4f786de5-c2e0-4ad1-99d1-252552c3e6bc,0.1771571
6001,1.2427375
44619,0.4663429
013468fb-58cc-4774-b976-fc140a73c4b3,1.5602901
f246568f-fe9a-4536-98a5-dbce0cdbcf8d,-1.4915807
73458,-0.3829913
11744,1.0313401
2ac50707-455f-42af-88a1-bb17d8460ab9,-3.1494892
57906,2.1314962
17565,-1.4008243
223a69fb-cf46-4d84-b15a-169bba478a76,0.5355098
16640,0.9544284
46390015-7706-4792-b8d8-900021a5dd68,0.43629637
23813,0.22189566
625237be-ed74-4d5a-a5f6-c1dc68e215ea,1.5842743
72690,-0.091718376
11412,1.4346113
46297,-0.5177964
25100,-0.2584219
62703,0.9226025
56ef372e-0d10-4913-8bb7-29f20e8cdad3,1.2443223
ddd78b4b-c41e-4e04-9585-b35ea4ea9332,0.13719028
5afef660-b093-4f31-8e6d-3292137c42f5,0.08056873
3462,-0.6519277
4c01e2c2-58ba-4996-8ee1-73d0bd9392fd,0.7766992
a80d79ab-9da9-4c8c-a673-e7b26d56aecb,0.8612056
a37d8b7b-47b0-4e66-910b-4ced525e2d87,-1.1971439
16bd07f2-3062-4b6c-959e-88fe4aa53901,0.6533705
55661,0.30314606
16048,1.423606
7100,2.4386811
3307,0.9395968
68759,0.036829412
1964f78b-2950-4255-8a28-95ac2a66e097,-1.7722087
71b4ef55-24ac-4e16-904d-28509600800c,1.6945504
ce38c7bc-592a-4abf-9081-0ba3f777b25c,-0.9742706
52908,0.05041516
48915,0.95037144
f0fc25a8-243c-4f12-92a3-22cafd04de8f,-1.6085801
39694,0.79597086
14140,0.5510572
58b03a6b-6cad-44c7-b143-9a6844f52cc5,-0.6080146
31797,0.06182131
28753,0.05840355
5dd98e72-1135-4724-926e-d2dea87f1e8e,0.665064
64846,0.58840954
6578,1.4696243
53513,0.8806592
39200,-0.31427473
f62bbc00-2ac4-4ab4-bb1f-58c720129ddd,1.3567629
23543,1.1938914
71099,0.11568111
a5b86bca-6858-46ce-9c51-bce8ffde5032,-1.6328657
72552,0.16527303
42548,0.61309725
51496,0.49073684
5cc3caf3-96ae-4e6e-b84b-c2087442b065,0.70537347
15813,0.5530598
12687,0.27364352
58631,2.0409236
45063,-0.07891679
21281,-0.20693111
74432,2.3508863
480d8264-5a7e-45d7-8e41-e81cdc8e4657,0.50756526
15436,1.1975906
51924,-2.0666852
d9dea592-9702-47c0-b7b9-671479c0c38b,-1.3593369
bfa3ebbf-9fb0-4eaa-adc1-e76afebe65d5,5.956887
34ae4dd8-00c8-4d82-b42a-58f46bcb8856,-1.6367903
c70e1919-ce1e-4786-a2ea-f878b5986a7e,2.011681
02d444f3-05da-47af-8ee1-5336972c3b2f,2.2716784
b703ef04-d7a9-4364-a492-785879b34a6e,-1.4886552
35069,0.7032628
52579,1.7430745
13034,2.9976854
52070,0.18463805
63337,2.0732927
4598,0.1805712
14597,-0.4745134
26410,-0.8658606
63386,0.056230426
bb808eb4-7830-4ffd-bb7c-7310396260cd,0.5935112
58331,0.95991254
18625,1.1403726
51411,-0.35626328
65406,-2.1044366
10a3c105-b5cc-4578-97a4-7d717c38d47d,1.24458
6db8d33c-f68c-4399-b9c6-468ae909260e,1.0427153
51990,1.4098287
6f135353-1854-46e9-9f45-b7f3321ce7a3,3.2832518
51305,0.7024293
12154,0.7035705
20446,-0.36137432
34449,-0.5296205
23636,-0.83435607
10655,0.43001664
60447,2.1842906
11be2c7e-908b-492f-bbe5-c1d48d292b6e,-0.06619856
5d0bb482-9dcb-469d-892c-5f2bc8f48817,2.292303
19523,0.10078564
33817,0.9601654
6550,0.36631286
18314,0.74134076
31426,-0.65707517
46065,-0.7238877
c06dad86-57a8-470d-82b8-817a055d17dc,1.1056488
8a3028fe-ed58-4de7-9787-cefbb7d1bbe6,-1.3165083
11067,-0.0061894655
5591,-0.336128
27318,0.16333725
21235,0.6045868
47819,-1.8517785
60286,0.10688853
7c590a2d-a707-4d81-847c-251ca076e174,1.8648419
32939,0.27085313
59493,0.6063093
42195,-0.809055
2b140e77-d7ed-4078-b19d-b436226fb077,1.0388911
19536,-1.3102295
7c42f2ff-fb08-4933-9790-e5f227ce3cf5,-0.28507018
27915,2.5755825
60475,-0.40034044
34289,0.5155785
26837,0.7225065
2e611b6f-96b5-4816-ae3b-de42688bd248,1.8230615
f3df1a83-86ff-4729-8b34-5f04e71391d5,-1.7818048
56141,-0.508814
9c090016-1c0b-4ee4-8037-0dc5dcab7278,0.97842723
47150,0.0034051836
68119,-0.14725089
31025,-0.27509254
59458,0.24134558
51741,1.1152054
4505,-0.10482514
29a78661-981d-4a0f-9400-210107a5170e,0.95819604
381ccee5-e6d0-4b1a-ad2c-e38dfe592447,1.0529804
37038,0.26514602
19df7555-a7f4-41be-b3ab-8bf64bb1a926,-0.542083
74565,2.0336602
25518,1.2854717
20765,0.18668288
22072,-0.46355504
61971,-0.73526096
2d28b4f9-070e-4b62-8d59-f2161d0a653d,-0.45033348
861ee3d0-20a1-40c3-9aa9-411237a36438,-1.8139925
11808,-0.18841761
60677,0.078676134
46257,2.0993507
39854,0.46011975
edbfb8d6-63a3-46ca-ac3a-de2d7aae88eb,0.7268432
58943,0.96781754
11088,0.110280395
9752dee7-6371-4272-b4c3-a112333128af,0.873189
42523,-0.13518482
18413,0.592503
11175,-0.7102754
61911,-1.6823184
37206,0.95540696
28c0c6be-14cc-4e08-81bf-0351cad3bbc0,-1.0945883
58717,-2.0783303
36318,0.5336096
a6f5975f-ef2b-47b0-b91e-3ee13ee9a68c,1.0086546
b1092e4c-e5fe-496e-bb47-1da71239688d,1.6328859
44538,-0.1615051
42673,0.630602
6c062638-f317-4e29-8e36-1ec8ff60590b,0.4275192
35965,1.5748131
69669,1.8367722
26895,-0.9574673
55072,0.4968693
73528,-1.365319
35265,1.0959858
7765,2.6951199
9e0219c2-06e6-4772-b874-0150c9700ad5,0.07744372
8bb29374-0afc-4200-8277-26b5cca9dac2,-0.69881344
e6cdb068-01ac-48c1-a78c-3ead476b7c40,3.0227103
8fa2038e-309b-40f0-8814-1a06e3abda55,-0.5114858
12690,0.3825626
34742,0.27758735
36087,2.4512725
d0afa4ee-c1ca-4c88-baa0-7fcaf602cf2b,2.4491935
976fc83d-4dd6-41cd-abc3-43b53de87cc7,2.224674
17334,1.750329
44941,0.33612335
832790cb-fc8f-406d-9bab-ff7105b986bb,-1.9433341
518d311d-0452-4315-96dd-be36be4bcdaf,-0.9542904
19030,0.3421098
27468,0.08162305
349,-0.026532114
716,2.1097465
53592,1.1451366
59099,0.3969621
8815,2.131547
c963f3e3-286c-40d6-8efc-5f1fd2267262,1.8789647
12394,1.2687418
51409,-0.7608707
62488,1.0891382
25779,0.7840846
14903,0.45983928
25206,2.5002677
2e6c243e-9cdf-450c-849f-52424d965ed7,2.132807
41587,1.7791221
71246,2.8691611
3607,1.4032449
67132,0.80128604
5775,2.4721272
14415,0.32020098
6171,1.7747004
db40d1a9-577a-45c8-89f5-9f87f21a4192,1.3037059
29468,-0.49806404
a990e143-b6a4-4929-aedc-183a0ab56de5,2.0090706
58488,0.23911765
18690,0.35939455
41025,1.3137589
31929,-0.45419157
62353,0.0632391
2aeb4732-3eeb-407a-a5d7-79f8f9f40b3f,-0.74094856
eddde663-c6f8-4bde-a228-34edf2748f51,-0.20016891
ca680781-3180-450d-9382-4be56a57d4bb,-0.9052923
42544,1.1152648
50692,2.92863
f0378365-bafb-4369-b09a-ee617a5e5958,1.4344504
eef58a4e-7204-400c-a8a0-f1c4b53cb0cc,-0.8777652
60692,2.999278
4a822a75-f158-49ff-a441-813fab025b43,2.8168316
14450,-0.32813495
29594,1.2762768
3f455d93-8528-4e96-ab58-43b0bb34565d,-0.46002114
69789,-0.5642632
e003278f-ec69-48ae-8031-8e587b151815,1.5060883
43f50b43-be73-4dc4-8e27-a71e4d03c7b0,1.1871251
2f6fb38a-683e-4884-854e-2bb0278e86c9,0.56867373
128d88b3-ea62-4f3e-b1dd-60383faa7bb7,0.19335389
48175,2.4572377
920,1.2675267
58657,-0.25752252
7828a997-87e0-4300-b59a-0575b90a62ec,3.6802564
b10fba19-c377-4cde-8ce9-9f509e83b3db,-1.3267066
54462,1.3668182
50883,1.6767915
29516,1.3768237
69066,1.4757336
63419b6e-7d45-42fe-8914-32c40a063597,-2.6902735
16923,0.16006699
8f7839a3-8a93-44e2-8064-fe793841cc9f,-1.8177469
47289,9.693148
2078,-0.6809764
32697,0.35446942
49272,1.530007
74016,-0.107379854
a089d800-6e18-44b2-bbae-a41e4215dfe8,0.98088664
45510,-0.5104994
33467,-1.6263568
24352,0.92777926
c81d87f6-1cee-45b2-8fff-625f6b22bfcf,-0.67984223
57054,0.4039368
18954,2.8184955
14350,0.32363704
52719,0.36665183
4d09325a-020c-486d-8199-2ba7d928324d,-0.3322816
48242,0.492872
8f51a558-13d2-42cd-9bdb-54aea6d8a61f,1.9229293
2520,0.6859977
a5bf38e0-6044-4dc5-9e75-3caaf13d65bd,-0.03739369
4c564dcb-ca45-43a2-9524-6ff551ae2c83,-1.1022357
46841,0.01407367
705,0.06414524
34017,0.31133637
59014,0.15203875
b63ce745-91f3-4d87-bb8e-ee5f7edee8c5,-0.7338246
13107,1.8366886
5e4fbf1f-554b-4e88-b775-60f462ca58f7,-1.5854976
1ffd5d4f-f32d-45a1-8762-9e5fae751bd6,0.27464134
b1f88cd9-5b65-43ac-a0cd-c7bc6a40b9e4,2.2154942
41800,2.5190113
7c057266-438b-4223-8344-73ab7a48fe88,-0.47258496
24e528dd-0cdb-4099-be40-96916a1be0ae,0.6664821
01b5b958-90fd-4a87-95d1-6733f8e652e9,1.8127046
40410,-0.64314985
21049,0.3089695
46697,0.678792
23489db4-5052-4af7-bc96-5f6ae9d5330a,0.6275149
48117,-0.04099691
72462,-0.73439145
44222,0.14705199
12cf1fb4-a565-4a54-a2e3-793f4147c3da,-0.41180235
19933,-0.2196204
23302,-0.81415486
c4900a29-48e6-4d6c-b042-0c431d3cc40b,-0.21219671
35037,2.5310736
51273,0.2930313
68436,0.8988027
5272,1.8151306
8324,2.5178497
31037,0.5048592
e67f8a3e-00c2-4862-af6d-1330a2ea0e81,-1.9982061
31516,-0.34409678
6ec30f47-f9d7-4eaf-90a4-e2c0bc0b4309,1.2685802
7828,0.010234505
19247,-1.1100688
28795,-0.4257599
47024,-1.8528378
edc700f7-6041-41d1-9441-de57e638fe65,-1.4817369
43772,2.0713716
b6b9d289-2325-47ed-a5be-531c493ee5cc,-1.243809
18697,0.86059177
13265,1.7863364
27000,0.22436313
16616,0.50837237
32444,2.6693618
9974,0.0036752522
25268,-0.10144377
70eecd88-b6f7-4310-904a-6e0ddccc6773,1.2019243
68866,0.5785998
812b05af-5c46-4ca2-a901-ece9dfe36089,-1.5999646
38494,1.2531905
b99fe5db-c858-4506-bc66-8d02728b109c,-1.5418855
24813,-0.53182083
1d31af05-a396-4d0a-9549-c7d8f12e8585,6.8851695
65950,2.5173817
43069,1.8740832
e12f02a8-c83f-458f-8bdc-1d8e6137e4d0,0.589342
5393,0.48783287
33981,0.8314731
7480,1.8320858
df4b0bf5-db9a-407f-a32c-ecac658b7eee,1.0928485
27456,-1.948947
a5cdef78-dae4-4eb0-9a94-c31540633d44,-2.7792475
44182,2.286789
67220,2.7565057
13701,1.7849851
9357,2.1662352
59425,2.4422297
1859,-0.21397638
35203,1.106802
29739,2.065096
66759,0.31583574
37426,-1.6667228
69864,-0.02711308
22500,-2.6237006
5520,1.9809897
9b823480-bd28-4804-8427-9d06819a2505,-0.009590685
38493,0.48820508
4912,1.0754341
06c5db71-7a76-4a83-b30c-20e9f73d2ee2,0.24123795
42799,-0.376832
18502,3.0629992
20779,0.75234485
56119,1.8800302
30716,0.5970366
15971,-0.45173424
26107,0.93348527
54749,-0.6689069
58355,-0.048073143
26401,0.5984924
60353,0.64840794
33701,-0.27738607
104b0f69-4377-483f-a007-1de3e6154ab1,-0.27649367
376,0.3995641
65883,1.8369358
22418,0.9360761
24423,0.009579599
46747,0.8408745
4ab45f0e-1238-4c6e-9fec-b45aad04b22e,0.16689691
73126,0.4342443
33538,0.68421555
7146,-0.7040963
5cbf0d22-a83b-4a68-ace8-8ba94b445dde,-1.3677667
49422,1.4975874
330caa50-410c-48ef-8e46-8e48ff748bbe,1.5598707
6925,0.14674053
31000,0.17136157
6998,0.5768174
50306,0.5463239
067775fd-e0ed-44b9-9bf9-c8a65b520939,1.1797863
5615,1.5591791
15780,0.20246144
083cfed4-3b2c-4382-874c-80e7824a1000,2.0422087
c081c7ef-5faf-453c-a281-7b649ac1a1d2,-1.6699355
15091,-0.12720603
25042,-0.9373076
22722,-0.17819095
0507a74f-64fa-4642-9755-02649d51888f,0.060423255
53114,0.9023372
7447,1.4412056
2039,-0.6684642
10318,-0.21742487
8239,2.711885
43150,-0.11792517
223eded3-5812-4e93-8d64-b17cb66bed85,2.753282
e9a9a5da-f3d0-44b5-ae69-126804bba9d6,-0.39983654
5d272f63-ab09-474c-9401-ce76c4ac9915,3.7680247
66831,1.6722581
c4e7b36a-e557-4a72-bb8e-7321beaaff64,0.35984644
69705,-0.018396974
9f92fcb1-d00b-4640-bd3f-8ffee4385ff6,2.69697
53106,0.30461225
57512,-1.0268818
74595,0.26319247
c2045e06-7958-49c8-9ab6-ba0587841649,-1.3770723
22250,0.34847546
59453,1.5881745
48646,0.08483958
05c6a3ef-4130-496a-aafb-6484fd36976d,1.3551263
56cd6719-c7c9-47d3-af41-6336124f84ce,0.12501177
35936,-0.05649054
39265,2.0902176
54713,-0.118099034
8421,-0.12623388
34bbac9d-53a2-448d-beaf-f0411e110309,1.7352476
14563,1.9767487
cf0906b3-8f21-42da-acc8-8bb33c82d74b,-0.41728526
32917,-0.5254456
55151,5.211805
29076,0.67383975
18336,-0.15836275
c259ade9-8369-4a85-a520-8294336a214c,0.18780923
46280,0.7080278
45136,0.97177744
27408,0.21193561
11276,-0.52573884
25021,0.58639354
30246,1.9776655
13792,-1.7695386
1be98cda-ef55-4202-8c46-0c4148c9abaf,0.95145357
1d3dc87b-bd77-4885-8f13-326926036e13,2.1841226
3651,-0.89442205
863,-0.054739237
17869,1.9512234
35735,-0.5979699
28708,0.33844477
9f190436-3aa5-4a12-a871-faae43f72365,0.26176184
58521,0.5397389
c92f1256-f018-4568-950f-b821b97f97c4,-1.5368917
14535,-0.2683146
20413,-0.27260023
0220b5f9-82e3-4e68-98a1-fdf27e859d38,-2.7223403
053771c2-b0dc-44e2-b111-6683be4affdb,-0.10678887
327a26e3-1029-4f30-9da9-c3870b90f124,0.39643806
35289,0.44239736
67373,-0.37761128
7273be33-f3f0-40b5-9a39-65b1786027ef,2.3379135
20111,-1.3817406
18307,0.7772172
25512,-1.8446522
7e12ba9a-fb09-4d99-b8b8-b50a6eae87b6,1.2269421
4197e497-759c-4216-8d45-91cc43888904,0.7804459
2055,0.56116086
afef97a7-885d-4957-b0fc-94057629bf9d,1.3918675
a26d3092-8edf-458c-926c-fa381f9cb2d2,-0.124387324
643b02ab-a628-4ebf-9ed3-e318b924251d,0.47645473
59250,1.0914159
d522a3f6-ef9e-4292-b7bb-f5e7cfb41ba6,1.1859543
24001,1.1689011
10408,0.1304329
66391,-0.5457915
5cd86083-dc5f-4879-bc6e-dedb905e2529,-0.9532305
7130,0.24410534
60867,-0.7326479
21808,-0.5391356
27871,-0.7962706
16319,0.57833654
8753,0.8435611
56388fc5-0356-41ae-a746-53a4e1389eb3,1.2124633
41687,0.9945688
cb92487f-e650-4fac-ade7-6203cb51b63c,-0.3107617
8246,1.2206502
a6f9df7e-c6ad-46ef-8391-9919dafe3276,0.0997957
10826,0.5127082
58217,-2.324071
13128,-1.5209148
56052,0.49552506
36149,1.3585618
43341,-0.5814619
44168,2.0635693
14a767fb-5092-4118-9d31-d678282db3b7,-0.016186327
f63d2eeb-3f67-465d-8e14-83bc29cd1f05,1.8995751
7313,1.5313432
44034,1.5946033
65037,1.7836694
52349,1.3255956
3d727723-f0c7-44b2-a2fc-742322e92aac,-0.51650053
375d8ce0-ac03-445d-a2ed-e3fb36b3b022,3.4768097
3483,0.022949338
7956,0.85006
65098,-0.7488054
3ff9ba58-a9e5-40a9-b15b-8e04b5b0c53d,1.7566581
ca28acb2-5549-4f16-b259-53d0b11e44f8,0.9264543
74414,0.31479645
63068,21.628422
30474,0.65550065
44572,0.90209776
5516da67-e5a0-4f8b-9b40-a20e933f8ffd,0.37402117
38892,1.0118835
f071994d-9ef0-48ae-bac2-aa36a7026aba,0.17003456
59141,-0.0034789145
8add59d3-75ac-461f-94f8-d930c17ae6bc,1.0564424
72144,21.75672
6e1faea8-14fd-419e-a64d-5d46663f0f7d,2.4714978
41358,1.4486114
58431,0.35026324
73816,0.035223186
9e8e30af-ab27-4d01-b15c-c14bc311ab0c,0.99843913
52528,-0.5177396
0a0c71fc-42fd-4868-8ba0-aa9101293883,0.1955539
58576,-0.07964504
151d49d9-69ad-496f-bce1-935586964c7c,2.1739407
55197,-0.5795995
62529,0.2913972
65440,0.8134061
56993e15-7453-4815-b389-18ae5d135401,-0.52264404
d1a52734-6cd5-4d36-b1e2-f3e141430adc,1.3405993
06444592-8cc5-487a-b7dc-1f4747561976,-0.2110194
31914,0.89826685
c5278cb5-ac51-4853-a0d7-1fc4d35b7e28,-0.66079307
14038,0.5387084
24293,-0.6165092
72583,1.1963251
67070,1.4381042
