id,svm_score,style_booster_score,ensemble_rank_score
59218,0.49286946350940186,0.9866890189497205,0.6857673621034581
37110,1.3652806971780982,0.9733208186133077,0.7946556158902544
23200,-0.7259146671197056,0.30100179141533673,0.11824807087739354
e3357348-166e-4847-a06d-158b7cd83aa5,1.3599605353849107,0.7937989208182179,0.6605458702486424
61615,-0.8534223099246896,0.43884364364556305,0.14425550157187766
34573,0.41291951751811107,0.8971809235360203,0.5574449842812232
45523,1.6891844105614404,0.9956835230297975,0.9208345241497571
66270,1.2734304108512373,0.9950248554555493,0.8663903972563589
30996,1.3762626818912684,0.8998818195078306,0.7191340382966562
cb20b1df-7f3b-4592-94cd-92bedb3f6603,-1.023366285328634,0.0387665646313897,0.04144041154615605
e835cca5-f680-4a90-8351-8f10b208f9e2,-1.3742450690769945,0.8050590550620927,0.26514718490997424
138772c1-6135-4bba-8ca0-bd9918bc6083,1.898239060243367,0.9659499201652161,0.8370963132323521
42517,0.8955135745837558,0.545724667811726,0.49585595884538436
8747d182-c9b7-499a-9ebf-7174e42d91c3,0.5615296568688216,0.7963525679162478,0.535295798799657
4dd21448-b1f4-421c-9690-4c4737304762,0.5244123477549791,0.9795524019614051,0.6725492997999429
24966,1.45912732258346,0.9944501357675919,0.880965990282938
74454,0.4956825078696283,0.9873032883059374,0.6881966276078879
580a8d5c-1bf0-4724-83df-a306421c23d9,1.4195013015172564,0.9793978280749984,0.8130894541297513
40035,-0.8695626085630319,0.11384932862818867,0.06709059731351816
24147,0.4996852785278976,0.5054730335317947,0.4011146041726208
6563,0.394870852930983,0.8292933283926066,0.5141468991140326
48161,-0.09841519106962904,0.6157543450143823,0.31559016861960565
52412,0.640246409657083,0.9792237268029161,0.6956273220920263
8c52f442-0488-42a1-865e-247ceb5cf186,-1.1578269970852784,0.01256706910568215,0.028222349242640752
63658,0.7675345140173131,0.6989661863736705,0.5325092883681052
28859,0.9790433942927829,0.9824688510950025,0.7671477565018576
42172,0.7843770799747973,0.7981858153644398,0.5825950271506144
74039,1.6078038522574092,0.9915300974238662,0.8772506430408689
40963,-0.8896023904149781,0.32539954057176396,0.1116747642183481
f855b84e-b174-432a-8910-149a0d193377,0.7723083784371156,0.8304204672535307,0.5949557016290369
49797,2.1780817357451063,0.9965170702375615,0.9650614461274649
204b69c6-0bb4-4e05-82bf-e331bb2feaa0,-0.9337394528216225,0.09340042889504208,0.05794512717919405
2965,0.6113394849422568,0.8821684791134887,0.5908831094598457
30192,-0.36663973693364504,0.9809573198605116,0.4918548156616176
21920,-0.040326163852465235,0.25998372592061825,0.2163475278651043
6318913c-7efd-4e93-8741-e413aaad0f70,-0.6952641522562244,0.016436604965462433,0.06094598456701915
45768,-0.7778897413723445,0.28347913116308454,0.10874535581594741
37615,0.8401870732012271,0.818288249970388,0.6011717633609603
a3b96601-cbf7-43af-a64a-6ea8effa8574,1.7513622015285295,0.9961352706784384,0.9306944841383253
12044834-3c22-4b33-8116-c7741c51100f,1.1091339557936533,0.8008096774828123,0.6345384395541583
51231,0.030980432287155024,0.5506875997638963,0.3171620462989425
15538,0.5075088524086158,0.9626296468526091,0.6378965418691055
35787,-1.4295324129097302,0.1784676535126191,0.053729637039154045
67896,-0.20960735444389378,0.44931020373715796,0.2306373249499857
d0cd56ec-8363-492c-a6dd-786c5ac2e4f4,0.38841704937127247,0.9398439746117391,0.5848813946841955
cd41aed0-3c2d-49fe-8a9a-1c57e094e3c2,1.3564786482133973,0.9423514370574981,0.7499285510145756
9896,-0.6807462803891371,0.6071410768661215,0.22177765075735922
51595,1.330460950205263,0.9876015031913753,0.8271649042583595
3386,1.4891503122060097,0.9676117829253605,0.7990140040011432
545,-0.5246134695216669,0.11066795469059916,0.09938553872535011
51739,1.5520837011213795,0.997884317727776,0.9299085452986567
57128,0.9720143161227721,0.9870675645808781,0.7795798799657045
13566,0.24940832067310745,0.6536995801092147,0.40390111460417266
65878,1.8028583258019988,0.9824010676578508,0.862174907116319
4586,-0.06763299834405723,0.49779760743710655,0.2767219205487282
36255,0.361770729044934,0.7996342695169804,0.49421263218062306
63438,-0.020735066467621854,0.9485586853730116,0.503858245212918
34520,0.5149988603266515,0.4282819782373292,0.3781794798513861
38015,0.8428954359150083,0.7157231103634621,0.5536581880537297
15585,0.7212332486971047,0.8839674463918589,0.614104029722778
40530,0.7354563803821044,0.8837287545918301,0.6178193769648471
03c8ff62-338f-4364-9d45-7279d55d1e3c,1.718149575776816,0.9900416140951854,0.8805372963703915
51608,1.4780982511025058,0.9953144138109578,0.8931123178050872
16405,0.8326462936677357,0.9694641197711238,0.7158473849671335
fc32e6ba-28b4-4904-bc55-1840dd7a87db,0.5328423275494453,0.7199551313240088,0.4918548156616176
18586,0.49355140166449407,0.753083755547253,0.49878536724778505
16679,0.1598805882514539,0.9666261215481768,0.5685910260074307
55338,0.8989851956127037,0.9586868347029897,0.7105601600457273
26021,0.8791425894396311,0.5469605039649219,0.4936410402972278
11338,0.642597875096651,0.9739511620820205,0.6855530151471849
35577,0.82774509536611,0.5033521785449331,0.46820520148613887
63851,1.8882844553533529,0.9975318603838628,0.9584881394684195
56566,1.7423489053252283,0.995651090697048,0.925050014289797
5e238bb9-ef3d-4c9c-b019-7fec8ca35506,-0.5843952032264854,0.1336450907916355,0.09817090597313519
42080,0.27999734503491847,0.8168823923808536,0.48378108030865963
9d62f834-731d-496b-a8cc-535c86dfa286,1.1256271509876146,0.649428001351055,0.569162617890826
26985,1.7753794232844295,0.9896629423016124,0.8839668476707631
f6509d46-e0b6-4dc6-b994-65ac5cc6f8b1,0.5096583934120587,0.6373490618810753,0.45455844527007716
7149,0.8508334736014662,0.6868583486306965,0.543012289225493
49542,0.3980782583166964,0.9741787279432392,0.634324092597885
f25f06ee-f153-4e89-9e61-9138cdd18921,0.681245426166403,0.4096524264559879,0.4086167476421835
9485,-0.42826672423485446,0.23942904330075354,0.14054015432980851
18831,-0.15111677331578055,0.8355184935039489,0.3984709917119177
60387,1.1368116875999086,0.9919913066643138,0.824949985710203
39417,1.2018025302990583,0.71323052996454,0.6037439268362389
41409,0.3106593077763863,0.8711444506402218,0.5190054301228922
0aea2b44-5328-4c73-80fd-1939c37341eb,0.19216991133595507,0.4583073078608579,0.3186624749928551
2442,1.6163683272458507,0.7001443807767433,0.6456130322949414
36244,0.1036384103687975,0.9306719971462907,0.5137896541869105
7422,0.011022669155556886,0.9836499693410771,0.5712346384681337
90dc1b02-0d16-416c-8290-09d2d977a3be,1.2227753556423941,0.9939244175073393,0.8492426407545013
18279,0.8631050724958917,0.9699249835450394,0.7219205487282081
49373,0.02765116382848798,0.8152764521901816,0.4280508716776222
9dc6743f-ba20-4f4c-b91b-75f0112b4256,2.917516619144598,0.9561416445287689,0.8493140897399256
60314,1.7723869814906095,0.9981988830979834,0.9549156901971991
263867b8-aa6d-415b-809d-8524d58c9ef6,-0.5835941608272477,0.7714443580365332,0.2990140040011432
bc0f1f7a-c833-43a4-9bc9-b5c1ff18f625,-0.4817003568268755,0.6344903805426899,0.2540011431837668
5906,0.6980367525092382,0.8983145754279833,0.6185338668190912
27752,-0.15618810141089268,0.4771434053984376,0.24985710202915118
64076,-0.6431917319504785,0.42397450702687384,0.15725921691911976
63709,-0.40218281683484525,0.31261085093574503,0.1609031151757645
65789,0.900986683290752,0.9891343641747362,0.7767219205487281
804,-0.2485024068084567,0.7662547610714506,0.3470991711917691
43d89283-41f9-4b86-acbb-8b9503975815,-0.37599434083277317,0.1289978486467427,0.12525007144898542
11623,-0.13713397012369355,0.8083165715016791,0.38861103172334954
43201,-0.7062225619380287,0.14208782461672922,0.08766790511574735
6289,-0.0061791950532938955,0.523751485908752,0.2973706773363818
27561,1.8575855352536481,0.9928234970598825,0.9089739925693054
1d97c428-b471-42ca-af5e-df15155eae1f,0.5911401981960916,0.745076966092045,0.5162903686767648
22919,1.2278193698960234,0.9766977044013543,0.7849385538725351
62664,1.7150612291423653,0.9967245475651706,0.9341240354386968
0368b763-1d93-47c8-be0a-a1f9e4cffc2a,0.7507689531952964,0.9819733206662388,0.7274935695913118
911dd065-c810-4129-85b9-414f40c116b3,-0.3107034204898328,0.29006757054474447,0.16869105458702488
d746af53-a96a-4896-91dc-3827f841bff4,-0.4185745140269902,0.09625483404911371,0.11053158045155759
40008,0.2532298482750449,0.9252753951627439,0.5412975135753072
bf1f2bb5-dff7-4135-9f84-7c65010c8e52,0.012452253177248684,0.37681563280413416,0.25435838811088884
23836,-0.6404104557890036,0.08591543562422288,0.08030865961703344
2e83ca20-03ae-4655-b70d-dff5a720077e,0.1943802633156207,0.720744410277113,0.4186910545870248
f87239dc-733e-414f-a7f3-e27df2a7ed59,0.2203315823367381,0.9760946188868518,0.5977422120605888
21958,0.6507976164039537,0.5529044666859612,0.4519862817947985
16918,-0.008817409849655511,0.14204620514368368,0.19841383252357817
06d39651-8d29-481c-a2ab-5b125fc8028d,0.4105710079222015,0.9318216571171212,0.5834524149757074
92662d47-5a4e-4866-b92f-cfd912559d61,1.4332727964497614,0.9968935708052615,0.9049014004001144
2286,-0.3020624382104353,0.5831388265103565,0.26236067447842243
38199,0.5777634603406396,0.8696963713269651,0.5754501286081737
21731,1.3691283822014628,0.9925365281600442,0.8559588453843956
f1af566a-be9a-403a-808f-acd916332f91,2.3541759301934144,0.9799917346883477,0.8856101743355245
aba3603d-1850-4fc5-8150-1dcb572a4171,0.4347441251210261,0.9529785444220259,0.6084595598742498
41906,-0.7322063642425434,0.7396880913793328,0.2686481851957702
261a6f53-ca3d-41d3-8a14-91856f91f27c,1.0849409524581257,0.9818731011828814,0.7808659617033438
46901d4a-c75b-4d16-b4c5-4e59d42ec621,1.1905847938919107,0.862560161308634,0.6746213203772506
44187,-0.7930922451550368,0.18643486423580344,0.0881680480137182
25550,0.02355381415748503,0.731426577758954,0.3861103172334953
47459,1.8421449560515841,0.9892368783107249,0.887825092883681
72685,-1.5031727319449943,0.21826957883494985,0.06094598456701915
39c73991-9f25-4d07-85ea-9349c706235d,1.447570272013534,0.9930902321762027,0.8688911117462133
51694,1.5290098318464214,0.9768959479620618,0.8197342097742213
14252,1.041443335647556,0.9839108561293245,0.780723063732495
17068,-0.3421277286219949,0.7840405890433394,0.33973992569305517
35682,0.7895887949000067,0.990701020552586,0.764575593026579
f4b108b6-6515-468f-9c74-6f146912524e,0.5968936312550461,0.7995432880285848,0.5448699628465276
5930,1.1956968589130659,0.9886831738096178,0.8151614747070592
fb72a46f-6cec-4c26-8d11-fbe573b99eed,1.8161319319010965,0.9720753725117,0.8403829665618748
73818,-0.6922960178249815,0.27862466202397174,0.11646184624178335
45674,0.8939444900412078,0.9981878381144285,0.8489568448128038
38280253-d4ac-4ac0-a57a-6bd2904bf174,-1.7870114038883982,0.02248204397499343,0.01464704201200343
41439,-0.00824608521938186,0.6801207901608285,0.35710202915118605
63236,1.2542403143471463,0.9952022238829202,0.8662474992855101
23894,0.12184371642560804,0.48030792664673566,0.31144612746499
f7caf337-ca4d-4fdf-9821-3612ddce934f,0.18468768949735964,0.9454865300756599,0.5457987996570449
4297,0.5819105753895202,0.5794147600171581,0.44741354672763645
d8b31e6b-0496-4796-a3b5-a621f7189f67,-0.4280095485038121,0.3034981660514802,0.1537582166333238
7314,1.6219999371520855,0.9940389035347553,0.895541583309517
62e33937-e5de-4d5b-b225-86246e96eda1,-0.5618796275560631,0.14096453139542922,0.10231494712775079
21280,-0.5175711957949152,0.9133871640876555,0.3854672763646756
66338,-0.32499434463262045,0.6493877210671187,0.28343812517862244
6721,0.9908716185255388,0.6914657331761659,0.5674478422406402
da840c87-e569-4ce4-9af7-aa73ce5e5a4f,-1.0635863683801483,0.11587217110293443,0.05523006573306659
46827ca3-b2f1-48ec-8ca3-9e49f5271964,0.42386124411295806,0.8821708787993741,0.5508002286367534
0d132844-ae01-4ecc-9ced-1e25ecd4936f,0.6636903162186136,0.9357656386417473,0.6398256644755644
56200,0.33692870598457597,0.8857560766491264,0.5348671048871106
70547,0.23087156706745876,0.47808078435967205,0.3346670477279223
28757,0.37708048092496016,0.9129369584844685,0.5606601886253215
44040,0.607658560562208,0.9721009441468796,0.6756216061731923
68172,-1.0643961215941689,0.4032563716515613,0.1198913975421549
28848,1.2936387304117778,0.9968974938519736,0.8899685624464133
39879,0.7602347374961147,0.97365939912918,0.7102029151186053
46805,0.8784737046957647,0.8787403501233138,0.6412546441840525
54455,0.8704917615188323,0.9802347505739507,0.7436410402972278
60480,-0.9793996861706484,0.12422186595078862,0.06194627036296084
cd54338f-fc99-48c1-900d-e4d0023aa4b7,1.118646333206565,0.7051534850433533,0.5894541297513576
61230,0.04872166141208323,0.6035009474333977,0.34188339525578737
468,-0.8910054834194894,0.6699749979433296,0.22699342669334094
55276,0.1703157146049395,0.9791433932488343,0.5945270077164905
49763,1.8125482268520527,0.9811860146994037,0.8603172334952843
5f104f48-4eab-4097-b8db-1e85fc7f6c93,-0.2590684705556241,0.22219330054286446,0.1650471563303801
2623,0.5893001991237723,0.9683486452170953,0.664332666476136
63235,-0.31594969004713414,0.6770119811266567,0.2953701057444984
62986,-1.2890697388278096,0.2735849441310112,0.07845098599599885
828e3e3d-2163-49ac-bac2-e09755ba393f,-1.3643588710402603,0.004890287625729334,0.015647327807945127
e22a4873-a244-440a-9601-28f89180c2da,2.5373185541098193,0.9954021173248565,0.9604887110603029
13631ea8-a838-42c9-9de6-944fa116b11d,-0.3754503912261419,0.05506466298395788,0.11110317233495284
27525,-0.6241669539930943,0.6606435396753004,0.24628465275793082
8301,0.20396047332474382,0.828621594844732,0.47163475278651046
41825,0.914781541863555,0.8541130796691203,0.6326807659331237
67050,0.22253610709508126,0.6530655783793489,0.3980422977993713
37862,2.125092911217354,0.9971107799005122,0.9695627322092026
4ecd6578-f281-4e1e-a8fb-2bb965336183,1.487646306497548,0.9916443886606116,0.8638896827665048
57881,-0.8249237699698033,0.03225662795848234,0.05380108602457845
8565,0.30213987730542435,0.6345261746534306,0.4087596456130323
0cbe2eb1-2e0d-4edc-8697-3b468099d3a7,1.1651411459018992,0.9233671560338943,0.7107745070020006
49288,0.3140131943968584,0.6105644727268175,0.4025435838811089
33821,-0.17644340041796336,0.8519140610614104,0.4024006859102601
68856,2.125943426333397,0.9929945020911206,0.9290511574735638
62de3b68-726b-4cc5-bd50-41e444fa3cf4,-0.2152878584546365,0.5995563456516062,0.2854386967705058
57036,-0.4343833836817087,0.3385813901270525,0.16083166619034012
e39b3a7f-b4db-4973-b8e7-c040e5f4240f,0.6595556120230366,0.6981170571676124,0.5097170620177194
8b5dda5d-54f9-44f6-a034-d14feca81c85,0.0037644562385857894,0.6371258422734993,0.34388396684767075
41483,0.803901560918371,0.4022217821030785,0.43155187196341815
25052,-0.4316423165218122,0.6881076934222162,0.2815090025721635
44557,0.0035314476854889643,0.41802466194262694,0.26328951128893974
0652bfa6-c85e-46de-a9c8-a13a82516121,1.4841128265423171,0.8641428007705976,0.7106316090311517
72109,0.6580696356039549,0.8312136161191338,0.5717347813661047
51176,0.8857274768774577,0.9920751404314676,0.7893683909688483
22381,1.2245844077449963,0.9963249848708222,0.8746070305801658
62547,-1.0227458507854605,0.7077929585837243,0.23335238639611317
afd96d0f-0919-43d0-98ec-251c300eefe5,0.40897271865686613,0.9464695654701822,0.5961703343812518
8cf275b4-a63a-4742-b9a6-54f3c61a62a5,1.1922884735108354,0.4814854847552932,0.5142897970848814
60370,0.532924182624132,0.8462131012879563,0.5525864532723636
29677,0.8989928914840473,0.7443639569593324,0.5760931694769934
28748,0.6736106366155417,0.898625672340752,0.613603886824807
64168,0.11072215428861465,0.9245742733223581,0.5098599599885681
55315,0.25670674126633475,0.5852191069965644,0.3801800514432695
43357,0.46679832521311204,0.6153759733215796,0.4375535867390683
1f64e62f-eb1a-4bda-bd3e-f8b57dbf13d9,1.368783794439644,0.9010111433763816,0.7187767933695342
cda9f90f-4015-4bd4-8168-415831f251b3,-0.9184698256519808,0.739204614371586,0.25457273506716205
4852,2.541078535427567,0.9968226787886424,0.976278936839097
69094,1.439007017226938,0.9961112273472684,0.896256073163761
9fa04840-604f-4143-8c70-c8332ba3de83,-0.23351836909410717,0.35703902608732097,0.1988425264361246
47851,-1.0870219958546006,0.14187009030031883,0.06058873963989711
17617,0.16219169834395963,0.646746852418711,0.3834667047727922
13709,0.7624754284546675,0.5331194126975805,0.4672763646756216
5191,0.35949100628767405,0.9467162787059312,0.5848813946841955
22546,-0.12441550624562658,0.6114054227949177,0.3062303515290083
4b5efc3a-7e5e-4881-aa68-e1e4a2aa0c5a,-0.20304965207549952,0.8325480962662652,0.38739639897113465
7aebdbf8-7ae1-449e-a83e-18c4f0a15b0d,-1.6682163844707978,0.08856632196757853,0.02900828808230923
47342,-1.021100145281818,0.025672841986969678,0.03865390111460418
12550,0.016981580748777203,0.9561429973870963,0.5217919405544441
471a395c-fb4f-47e9-937c-4d55322fb01f,2.522526875229727,0.9975431568630287,0.9835667333523864
1570,-0.648752761414735,0.23107527525673105,0.11160331523292369
73ac83fd-4889-446a-ba42-05ae79b42bc5,0.3333286310580726,0.8270662277055697,0.5005715918833953
55967,-0.1826219509522442,0.9709506032517353,0.5025007144898543
3117,0.2596431802218282,0.9475845091241406,0.5630894541297513
18918,1.017352066449718,0.9799531028444435,0.7663618176621891
44037,2.006161006691655,0.9972171450205388,0.9636324664189768
13930,-0.4414761347783739,0.4515557185061075,0.19191197484995715
38040,2.2294896340546893,0.9982917474903394,0.9847813661046013
b75a3e87-8e80-4eb4-9594-6f6a261aee30,-0.057724619185268944,0.6527345770904938,0.3375250071448985
a7b688e7-66e4-4246-9720-d53f101d6c05,3.0160192125106384,0.9964878005049015,0.9751357530723064
24068,2.2968968740509164,0.9975660387558877,0.9807087739354101
65083,1.3570089934381615,0.9778078377128538,0.8023721063160903
29392,0.8335459090240682,0.9792622778903259,0.7346384681337526
56555,0.9716459499093113,0.9272044530437786,0.6879108316661904
56363,-0.26938452141339086,0.4229220739743961,0.20984567019148329
11656,1.1296201861658943,0.5267133275091189,0.5221491854815661
39700,0.7167910248963059,0.9515823465448968,0.6661188911117462
49138,0.769490816940406,0.8483577568353731,0.6041726207487854
61579,-0.048393309679541696,0.9250124488785724,0.47635038582452127
9f744c35-8584-4fe4-89a4-74397cd49398,-0.6661591235762301,0.7047187353659634,0.25964561303229494
66807,1.3704287091845044,0.9826660497718479,0.8169476993426693
15505,1.404109248284454,0.9951136830647155,0.8813946841954845
15456,0.19934084113583972,0.9020021583007976,0.51264647042012
17473,0.1405561574874718,0.2980860567229999,0.264218348099457
bf5ede59-012c-4dce-9a30-15fe8cefbdfd,0.7507218186173552,0.9156645025281128,0.6418976850528723
45438,1.0343661662363954,0.991919877549749,0.8110888825378679
37491,0.7317964941611435,0.9774704389342368,0.7109174049728494
22583,-0.621495490594274,0.3711725109251159,0.14504144041154615
8160c8b4-dbfe-49ba-a88f-f247ccc49323,0.5998623884100676,0.5616887801606474,0.44555587310660194
42565,-0.19480740499778848,0.2888886236797177,0.19034009717062017
611aeb86-5347-43ec-853e-9c7221f49fc4,1.2863044127823264,0.9671351043637588,0.7750071448985425
3637,2.51497488346722,0.9965127284349323,0.9722777936553301
7f75e73e-25bc-4e2e-bc88-ea8c2119bdb4,2.444790099504311,0.9874384755634046,0.908545298656759
1432,-0.6856271445396263,0.115847724425403,0.0829522720777365
d6e3e309-ae43-4a1b-9933-9fd577e705a0,0.09909419911683648,0.38813247822623137,0.2770791654758502
461033cf-8fdd-4e4a-a324-74abfc40eb55,-1.372752917631699,0.172011341891888,0.0543012289225493
55497,0.23335548004754234,0.5994167932318297,0.3801800514432695
42678,0.7533768313874951,0.6345030117475242,0.5059302657902258
26334,0.06337232897962652,0.7155647809924268,0.38861103172334954
9761f883-89bc-4c4a-ba63-c41e57bd11ca,0.584286343088477,0.7039938605082487,0.4957130608745356
18145,0.588000473714689,0.18209893095039403,0.33652472134895683
33473,1.305317009879841,0.9951260502612677,0.8711060302943698
7562,0.7155133605614459,0.9795499874818692,0.7120605887396398
11205,0.2647933181853027,0.829459944108644,0.48542440697342093
54576,0.9151600338694821,0.4454466235835928,0.4641326093169477
22131,0.577653944694639,0.7774932361706625,0.5282223492426408
66472,1.645898008520746,0.9978666613945253,0.9404829951414689
46403,-0.969022674269012,0.3778498811651551,0.11860531580451558
57249,-0.7388430024558912,0.4749232344897289,0.16547585024292655
53771,2.163428667798084,0.9968076156622527,0.967705058588168
69381,0.3215326957808952,0.9802221711099096,0.6308230923120892
158e4891-e17c-4582-ad67-87d9b2addbe0,0.11242859187257148,0.45509800322534766,0.3004429837096313
9388,-0.0703849571239038,0.4407253246496255,0.2558588168048014
c692b65f-b2af-4270-8caf-590f2084b3a8,-1.76345838609904,0.007849749854401124,0.009145470134324093
48304,-0.07294769882342489,0.5508040713430264,0.29465561589025435
3169,-0.549392929000404,0.39958559477570404,0.16111746213203773
39336,-0.4403870735496195,0.6179430401771068,0.2545012860817376
58855,0.6868489480241943,0.9731456044115275,0.6938410974564162
45535,2.1946060704448227,0.9945855624450743,0.9444126893398114
51832,0.12632909570394424,0.9917120827400905,0.6285367247785081
7bf6a9f7-67a4-4f33-9260-7852fe724a76,2.9513329698940582,0.9906465940096121,0.9261217490711632
48061,-0.0516023422194013,0.6324279348557823,0.3315232923692484
514d02a2-7608-4fde-9fda-fd63ebf32341,0.7365022618087356,0.6097453257067278,0.4929265504429837
68498,-0.19077959709137138,0.6536540449580184,0.3101600457273507
23027,1.2682052514117057,0.8063559090898909,0.6564018290940269
4f95a13c-7cd5-4cfb-9766-cd4f623cd562,3.4188830146043943,0.9749210423310035,0.8802515004286939
ac92caff-0ce5-4131-9fef-36f715bd5a2f,0.28005825969410186,0.72536676840923,0.44019719919977135
41368,1.536132756575978,0.9950364897409891,0.8966847670763075
1aa25c4d-550e-47d2-bca8-195ff8248cf5,0.6286345073089172,0.7618319646136127,0.5318662474992855
65871,0.6147370059209969,0.8413570899087623,0.5684481280365818
50678,0.030886228744934463,0.6368024210113927,0.3505287224921406
44933,0.630837465201351,0.4281652879169019,0.4023292369248357
701eac86-8ddf-495d-883e-8f7725f0c896,1.82224218166328,0.9202572887541451,0.781080308659617
71601,-0.18747221094690192,0.1722981046793924,0.16740497284938555
40859,0.8611805221799322,0.9602827068980899,0.7062017719348386
15410,0.3234457550594628,0.9653845290129076,0.6029579879965705
8571,-0.3579165488852162,0.5989436608998818,0.25985995998856815
d8c699e4-5d73-46ff-a15e-ba12d5657761,0.753191919529961,0.6718834499248546,0.5197199199771363
04d383bf-f56e-414e-8e08-198b1b2d016e,0.8959560135120185,0.8983681405132943,0.6556873392397828
33236,-0.8363292959856992,0.49739834736776584,0.16633323806801945
38037,0.21918840058518013,0.5845167207693576,0.3713918262360675
23410,0.16644285397785175,0.9471715703697954,0.5435124321234639
575283f5-2c16-41e7-bb1d-5aa3f119a9bc,-0.7507056768049989,0.19647021945375548,0.09388396684767077
87641140-4b5f-49d7-b05c-6567ad4a01cd,-0.2812363816694601,0.34413112352943115,0.1864818519577022
2888,-2.3477286026110766,0.08359330978566229,0.022363532437839385
12475,1.2579458106101353,0.9816200517477226,0.8015147184909974
59699,1.4829016313512884,0.997833745856781,0.9209059731351814
1664,-1.2426106729733617,0.5922694849176567,0.17940840240068592
15717,0.6182415015536161,0.9949801285891378,0.7612889396970564
16943,1.6001860946986708,0.9970584145175196,0.9258359531294655
8019,-0.6455743229748223,0.40473950839669437,0.15218633895398687
33712,0.22769388290826445,0.9446096487290662,0.5533009431266076
b79ca9ee-7375-4b9b-ba3b-33efb6028555,-1.2971943186992114,0.6968389303751498,0.21691911974849956
33084,0.7108050669316693,0.9910319290205539,0.75
18cf5f5c-7c7e-4911-9b6c-9549ac517782,-0.8987321610865713,0.029800567519958774,0.0482280651614747
bd474b3d-749d-441a-9ff3-80f7647dab66,0.6706779369232349,0.7862031081856465,0.5535152900828808
25734,0.30246097858929766,0.39690218508257524,0.3238068019434124
6196,0.6244055424792739,0.9355963380626272,0.6310374392683624
47291,0.7705812007689007,0.7055320835608659,0.5365818805372964
68375,0.03438110133843891,0.7175581999930898,0.3830380108602458
52794,0.267193034565949,0.34059713503263883,0.30172906544727063
47650,1.7405823448901327,0.994779693356157,0.9150471563303801
9c2f07d8-f2bc-4e1a-af87-9fda0aedd87d,1.21432150556,0.9906370218342241,0.8262360674478422
980063e3-7121-442c-9bf9-2ecd02812a0d,1.0175147769326884,0.8051837910617158,0.6246070305801658
45920,-0.554671301643139,0.3246307437615174,0.1423263789654187
38916,0.7274593857418072,0.9900418383565763,0.7486424692769362
2485,-0.14913515619492268,0.9047588704890696,0.4394112603601029
22955,2.2534099428207215,0.9936889101159924,0.9380537296370391
27195,-0.6582739482544744,0.6845030965459855,0.2525007144898542
aee78ec9-88a9-424c-b89b-246949735d5a,2.741211676668324,0.9988688175587973,0.9959988568162332
1de54663-3ac1-4c49-8245-c8ef0a129fed,1.6171672202859788,0.9657569802762842,0.8105172906544726
353add83-16a4-45bb-af0f-e92def7d4185,0.6540199057660965,0.7320941957027693,0.5231494712775079
35188,1.4547840032255328,0.991192857910414,0.8573163761074593
73aa66a3-f51c-437b-81a6-6db9542755e6,1.0038549844238687,0.9916805412188321,0.8055873106601886
33204,-0.16683591537966136,0.7660435707708009,0.36238925407259215
29922,1.663874097082471,0.9980482516723557,0.9440554444126894
51b9e91a-67a7-4822-8b9e-d1c8be0b4e3d,-0.9696763159591169,0.03581858433314792,0.04494141183195199
3744,-0.4657860099763734,0.5913379946936087,0.24035438696770506
63569,1.629904522112471,0.9850214098181258,0.8536724778508145
19821,2.2436519456415223,0.9951009308966605,0.9515575878822521
c1344733-7363-4dca-8148-2814267cd05a,0.5128307110015979,0.9756147352833258,0.6606887682194913
31178,1.2298689784502421,0.9961151209356659,0.87289225492998
44089,0.6956915620185671,0.7740286567703658,0.5518719634181195
13946,1.5281114849062958,0.9935748644761854,0.8811803372392112
1062,-0.29450070911607296,0.7724577788627601,0.3405258645327236
4010,0.20039110752445688,0.7355036454539194,0.42669334095455846
25508,0.18041111533879023,0.9877402856583227,0.6222492140611604
74245,2.065824640735042,0.9892861508781337,0.904472706487568
13372,0.8474075035978138,0.9552055446704001,0.6963418119462703
24206,-0.17002510963077655,0.7802668957930593,0.36824807087739353
24383,-0.2594879781673065,0.6249868685865936,0.28665332952272077
f82825cd-8284-4d36-af64-d13e0d2ab3d4,-0.051093424705163315,0.19831601822330383,0.20255787367819378
34445,0.1261589182633187,0.6682978373777292,0.3828236639039726
31119,1.0168530944542633,0.9370454067832332,0.7042726493283795
85c91d8f-bd27-409d-b04e-0e7bb3f8a899,0.22857144970236254,0.9831994496216115,0.6177479279794227
3c1587b8-5af0-4b03-9a4b-cffc12dd3ad7,0.7289487918964408,0.7256378855557825,0.5360102886539011
4801ac53-7e65-477c-90bd-24ece2800264,2.130375999710235,0.9757583132504158,0.8693198056587597
31063,1.3691252459683274,0.9770784712095306,0.802157759359817
29385,-0.5677305903041785,0.6847352255118874,0.26250357244927125
52581,0.6766893827465515,0.43043386421608887,0.4132609316947699
416466f7-307e-4363-98d8-ec7e63cd5c44,1.1210128362508345,0.8125702564560169,0.6403258073735353
38520,0.3213702402641023,0.7393183246593197,0.45555873106601885
72738,-0.11568831261652157,0.44558913100156816,0.24699914261217493
94fdd0a1-fc6f-4ac1-92cf-7db78c724749,-0.132505118510567,0.8699723105062366,0.4208345241497571
3327,0.35034809426635755,0.9599929118315467,0.600242926550443
70929,0.10421342958059526,0.7845274265513529,0.42990854529865674
36983,1.7168803000245523,0.9983828586635431,0.9507716490425836
67497,1.2543126616779525,0.920816499906925,0.7201343240925979
21127,-1.0948448129538497,0.2154871053009565,0.07516433266647614
53273,0.8008626104656944,0.9966639623692335,0.8168762503572449
8119,-0.40489756239974983,0.7517079197886327,0.31394684195484424
bdd85dc6-3f14-4e32-95b2-e687997d54d5,1.1841640073538926,0.9694415206626452,0.7662189196913405
922bcc0d-baee-4f92-bee6-e4478263ec5d,-1.0262838151373985,0.18424728735548287,0.0717347813661046
36697,1.9321225749159394,0.9993254347807752,0.972635038582452
27968,1.1917255591941958,0.8591260423644145,0.6731208916833381
24777,-0.3758207791042387,0.7308540763925405,0.3084452700771649
0696a416-97d8-43eb-99aa-3795926d0466,-1.6679757483291382,0.1677219754929157,0.04651328951128894
25477,-0.4055912804054721,0.3191085240609719,0.16161760503000858
10968,-0.19853595655674083,0.7126651996628292,0.3318805372963704
1106,2.130076901266316,0.9879852786229475,0.9029722777936553
32277,1.9148724640893435,0.9985715305975831,0.9694198342383538
57800f76-d28a-4548-a615-9d6deb942d1a,0.9891675596910461,0.9200082026410754,0.6849814232637896
3b17b61f-2e0a-4076-98be-a135fdaa2b00,-1.5032190236752252,0.17300114706062097,0.050585881680480144
e9a8a586-db55-496b-8476-c70ab19d3234,-0.007140214267764677,0.9463765304580736,0.503143755358674
14598,0.8140168431093986,0.9450731230648484,0.6776221777650757
107ee425-a2b8-4c09-b519-4266b15f7426,-1.5967163681056713,0.006433098958215257,0.010717347813661047
98c02877-63a6-4977-ac4a-5a2c34396b1a,1.7036962608706214,0.9636421848134107,0.817233495284367
64808,-0.20010042383943694,0.7830127976504937,0.36431837667905115
64121,1.4833684105616511,0.9909365370699705,0.8596027436410403
46201,0.39515477575815533,0.929148477650351,0.5765933123749643
66635,0.868305894621183,0.942325404757017,0.6849099742783653
55762,1.0382054665952167,0.8093088010387914,0.629394112603601
091cf793-e1fe-4d30-81b4-3775be3ae169,-1.3782543404818592,0.156090502695896,0.05144326950557302
73457,0.4373728233307626,0.4624980160321193,0.37424978565304373
37654,0.47660148277878794,0.6524718249223362,0.45320091454701344
53163,0.45682614452160447,0.9733856630301019,0.6449699914261218
35732,1.4596125109828306,0.9772019160568297,0.8130894541297513
ab4ea9bb-5813-4e8c-a782-45336e617a21,-0.12127495045286385,0.507123062914334,0.2662903686767648
59673,-0.8765258136511735,0.04688087282934705,0.05451557587882252
26881,0.5143124075854301,0.7935342184688154,0.523721063160903
72445,1.3118414527984483,0.9833025463407967,0.8115890254358388
935ea93e-2131-4df4-81d9-aec88dda6b97,0.8227139792176872,0.3783232411207437,0.4275507287796513
16765,1.3562717969475768,0.5704096691909304,0.5664475564446985
cf0ba765-05d6-4a87-96a5-f51768839b4b,-0.7743399515133425,0.6201562127839879,0.21791940554444128
40174,0.027206448068271605,0.4567635203458017,0.282294941411832
4ccea6c6-d84e-457e-b1a3-d5d70db6ff88,0.588283413247916,0.6342109047203943,0.4701343240925979
60635,2.2405298205223354,0.9948515216341042,0.9489854244069734
1018,1.0394743383037648,0.49581562925002387,0.5005001428979708
a4a1678d-657a-40ad-8258-7b367074cd38,1.476182051090441,0.9308199888033446,0.7537153472420692
29453,-0.22077938018265342,0.4103969101646635,0.21599028293798228
788,0.5112194425157311,0.6925716781348045,0.47635038582452127
fea6aa52-2bec-4d5e-a938-f90f37453983,1.585687361560026,0.9896832071015453,0.8653186624749929
32885,0.4496665427758433,0.7100180504161097,0.4710631609031152
62238,1.3614082468497344,0.9923981193246831,0.8539582737925122
56789,1.7105624545276064,0.9818455003696227,0.8527436410402973
71228db8-023f-4d1a-bb84-ccebe8a2be57,-0.154861185060858,0.3027063366568057,0.20062875107173478
34490,0.11238766996944094,0.9725699308742074,0.5688053729637039
52937,-0.38355008251588507,0.5052544318100685,0.21891969134038297
3655,-1.353003324052464,0.11551965902669264,0.04344098313803944
439d588a-525c-4350-8de3-685dd214887e,1.1401051811476357,0.9977062673913802,0.8795370105744498
52836,1.719427744750439,0.9912063154341894,0.8866819091168905
66928,0.8922376022501413,0.9961684725614386,0.8274507002000571
44627,-1.300014207097363,0.4565318046777058,0.12682194912832237
23757,0.3378849274487516,0.9458463140338443,0.5803086596170335
bd47cacf-6dbb-4bdd-8ba4-27b0734736f6,-0.28389205812879603,0.18306116349111343,0.1514718490997428
427e1293-e6ba-4ee6-952e-d9f72e0ce040,-1.8247816283061675,0.015479080726674704,0.011717633609602745
57336,1.5321186173156351,0.9947578509065504,0.8926121749071163
8679,0.5561927578723661,0.9863183511395168,0.6982709345527294
41674,0.33205518588453625,0.9255282524827456,0.5603743926836239
73365,0.43301464791776895,0.8657486681576846,0.542655044298371
32468,1.2170815791028766,0.998502979695464,0.8953272363532438
b4e77e1f-9c6b-486c-b55d-09317ea4c24d,0.861708497211435,0.9263889103840491,0.669762789368391
63954,1.1459470824154667,0.9753657311618951,0.7723635324378394
12607,-0.3807623679062616,0.16365486550176142,0.13125178622463562
6e0cb933-5c90-4404-b7e5-f0e3778262ea,-0.7744523957116878,0.022531483649338317,0.055087167762217774
cea3136f-bec3-4d22-ba13-b0952603fc7e,-0.31785740495168413,0.667702411585861,0.29151186053158046
10588,0.24342861467210258,0.8488314518378551,0.49142612174907113
58987,0.31868350631808673,0.8927998954528393,0.5337953701057445
13820,1.8385959070805942,0.9911621989627388,0.8971849099742784
48680,-0.7097072383275542,0.8222879647222744,0.3105887396398971
13348,0.36059970635765687,0.9792724413714616,0.6361103172334953
d14b50b3-a9d2-4ecd-a3b9-d07eab412b2c,0.26534361058002986,0.5757422312126722,0.3779651328951129
259074d9-a548-4a98-8436-f2c45a85241a,-1.045797878186231,0.572463509439219,0.1800514432695056
19121,-0.36028827324742485,0.8499155756332435,0.36939125464418404
5e35287f-49bc-4d7b-a299-9bf7e8267b77,0.3716486831850045,0.2077937340174393,0.29644184052586453
54732,-0.7490841874821623,0.10620089553477981,0.07380680194341241
39602,-0.0451566066293726,0.6096830909186959,0.32423549585595884
1086,2.3070585051155446,0.997709453133929,0.9819948556730493
2860,-0.3035332531197946,0.7624846590582438,0.334452700771649
32581,1.4767015199302167,0.9897558985637008,0.8528150900257216
67541b80-639f-49ec-906f-0ccafa3e87b4,0.6091567086841203,0.9811286572456538,0.6959131180337239
191add95-036d-47cb-ac8a-f3bee7102ae9,0.9541356466917323,0.9536831290624738,0.7115604458416691
2294,1.7907066030357817,0.9911079942874309,0.8924692769362674
d8def154-d940-467a-ac08-bfee761b9b05,-0.8884665173390625,0.007739699297392296,0.04086881966276079
fc4375fe-f581-491f-a913-a2150920446d,-0.375881223464969,0.23664437594834767,0.14818519577022007
31702,-0.4833689519901492,0.27661759654810036,0.139396970563018
af8837c4-9f3a-40d0-afda-3f8ed6ce78e4,1.0715442812603624,0.9836222272272257,0.7833666761931981
48571,-0.859033065994413,0.11189056040569995,0.06766218919691341
59167,2.018673722560621,0.9921705306305398,0.9170477279222635
11429,-0.7580180792658047,0.5603736985024487,0.19534152615032865
67753,0.9515315445590298,0.9926824223314068,0.8039439839954272
67911,-0.6832788747435592,0.23931665963131965,0.10988853958273792
0370c570-c5b0-4619-813a-b6c3ff932a28,1.3703707762765824,0.9954137549497167,0.881680480137182
310fbfa2-fdef-43cb-98c9-2f57e43621a1,-0.6298567216304718,0.21543762205707548,0.10981709059731351
51183,1.0895995436298955,0.9908473305888679,0.812517862246356
33430,0.3903162670237824,0.9328282095259364,0.5793798228065161
10397,0.0016048067959774648,0.9312030348749057,0.49178336667619316
623a8689-908f-4f01-814b-7ae32f13dafd,1.1557183036757688,0.32039644379921806,0.4636324664189768
782b5bf3-bca5-4404-9e5c-b3b1fd294fda,-0.4025173887954674,0.25005183883344556,0.1466847670763075
32870,0.21759838097982614,0.8348118212406764,0.4774935695913118
46449,0.45731684111472626,0.5565494033482038,0.4123320948842527
67104,1.8090609713110795,0.9937293999590516,0.911689054015433
19208,-0.26068794762169045,0.17987503292846996,0.15525864532723635
6071bc73-6eb7-40cd-8a6b-ec5f54ff0d3e,-0.29413331718601465,0.11350656766467786,0.13439554158330952
bda5b04a-eb41-4245-afeb-9e3af7c921db,-0.21855278634649222,0.7058749259758238,0.32523578165190054
60184,-1.2020440826698162,0.15196873812648862,0.05744498428122321
38275,0.9262115608244066,0.8724560748653017,0.6461131751929122
46374,-0.5415606580685035,0.8333708314475426,0.3336667619319805
14539,-0.3693553410328628,0.2984244240530736,0.16226064589882822
acc14519-27f4-40b9-a772-7c75a1bd4d8b,0.3026481832518033,0.7990312157547216,0.4805658759645613
14842,0.3192827981331136,0.9596451235772023,0.5930980280080023
4882,1.3527381520395512,0.947135904954774,0.7542869391254644
74205,-0.02590251138774996,0.47649921317272803,0.27793655330094313
54465,1.5723373292167433,0.9200499236769195,0.7559302657902258
35483,-0.05904062653816333,0.5311207815330847,0.28943983995427264
55304,0.08544736402151493,0.9442859162056852,0.5224349814232638
14592,-0.22778530143270892,0.9639262862485031,0.48299514146899114
53957,0.14574339796431451,0.889004345503621,0.49349814232637895
45103,-0.7048471451097837,0.17364473049071294,0.09345527293512432
49540,0.19926020292007085,0.8143462115881196,0.46448985424406974
402,0.6016401437378884,0.7213191084363635,0.507716490425836
27376,-0.14763423464323566,0.3133811793017957,0.20570162903686767
37724,-0.5473293257523393,0.724704576079103,0.2812946556158903
6fc8b01a-4269-4b7b-a4e0-e446b15954f1,0.36450258524436363,0.14626697703803118,0.28200914547013434
03e8684d-ab55-4518-8af5-dcbe814b32c3,0.022342203900717506,0.24769379578151782,0.2276364675621606
41502,2.1309904143560194,0.9941767452382083,0.9377679336953415
52846,0.4113539428329859,0.7717075709652969,0.4907116318948271
36154,1.3981071288908125,0.9033867376000937,0.7232780794512719
19923,-0.9990632819027372,0.0834561032200191,0.05072877965132895
ce6e056f-1aee-4223-a117-daa9ac2795a4,0.4461115983670417,0.7751058741191473,0.4987853672477851
41840,0.1009257605772162,0.28448485325752815,0.25185767362103456
13559,1.9669906672684634,0.9937433560254595,0.924335524435553
3794152d-f356-4110-be7e-21de4fe4281f,1.638009603674625,0.7582124695133368,0.6749071163189483
26735,0.016385988417826403,0.8214067087383158,0.42776507573592454
aaab8aa0-abb1-4496-b377-de3c85e86607,0.5836394348004204,0.9093870817152382,0.6014575593026579
16878,-0.05542626087908986,0.2664152698311316,0.21470420120034295
67745,-0.06078517869811284,0.7931425656102439,0.39832809374106887
19741,-0.40276472076347214,0.9630942207810526,0.4519148328093741
41039,0.701921627167861,0.97964156008138,0.7103458130894541
6328,-0.7326591466370258,0.7973362005827938,0.29715633038010864
17392,-0.015257950190136205,0.605197279842371,0.32845098599599887
008f0430-f915-461b-9171-a38ed2d9c1d7,1.9804581324338915,0.8644026002558115,0.7575021434695628
72054,0.24196100774410773,0.32355104076658725,0.2922977993712489
8090,-0.12892261774344715,0.1420097166033941,0.17233495284366962
454a5290-9c98-48da-9825-df8e67839088,0.40040992553090626,0.5767633024947403,0.4091168905401543
39135,-0.2660944433757976,0.3584947558522599,0.19334095455844527
cf48fea2-5dfa-4546-8e40-c7ee17781680,-0.1327915509473404,0.728268832333138,0.3505287224921406
31673,0.860729176679432,0.9635006034095401,0.7114175478708202
46563,0.13956147191268475,0.46328385368465913,0.30994569877107747
48988,-0.6587354734201414,0.957339949192836,0.4107602172049157
34345,-0.5168859815397249,0.4487226531061403,0.18119462703629607
13870,0.10593838827643037,0.5824284991512247,0.34609888539582734
73925,1.6741609941196263,0.7508715529881491,0.6753358102314947
28252,1.493769928727574,0.9961246765289755,0.9034724206916263
df797bed-c36b-424c-a85b-50c634288462,-1.0061775930304993,0.008856895953366762,0.033223778222349246
73745,1.8799868426925292,0.9059314221352925,0.775793083738211
f7a663ea-5151-46ef-9424-a7fdbef0b8f5,-0.319826338923212,0.9520948059774551,0.4486996284652758
e4936c57-e1a9-4231-a786-043a90251080,0.9774644570805981,0.80076577414524,0.6164618462417834
49407,1.5303506345713915,0.9896715924039255,0.8583166619034011
7370,1.7274334679840608,0.9935412576520298,0.9023292369248357
13758,-0.8372514910737581,0.3778301725520275,0.12775078593883965
30091,-0.10876653799532121,0.33714564990052176,0.21870534438410977
63711,-0.4259618144093703,0.4896218046308606,0.20727350671620465
43445,0.5205238638380576,0.985449577489018,0.6884109745641612
72802,-0.3874294900088783,0.7867049389489189,0.33359531294655614
bebd6df9-4616-443f-8c39-6277a6917181,-0.7384634818956752,0.10326975523652338,0.07452129179765647
8b083a9b-a5a3-4ff8-a8e7-adb0cca3c07e,-0.006730584239842685,0.20893341992170714,0.2128465275793084
58155,-0.46913591947662237,0.44287558856790343,0.18483852529294084
03ccae6f-e672-4276-9c8c-7d46923b99f9,-0.7756345308904355,0.5648871333046721,0.19598456701914835
43295,1.6488479030684962,0.9896057789041739,0.8718919691340383
69337,-0.7970686303070043,0.36810353443307947,0.1270362960845956
28572,0.19271921077521803,0.6564759302322465,0.39275507287796513
34887,0.3240111562806286,0.8940901528358483,0.5358673906830522
99707a2d-e880-49de-a153-e6adf35a57ca,-0.902020339305379,0.06091722860575922,0.05487282080594455
25404,2.1897978322397025,0.9971371661559877,0.9722063446699056
53918,0.33717635702397053,0.937425816530501,0.5723063732494998
192f13cf-9dc6-4777-8809-601e5a6e5758,0.07658105735995913,0.8047466443163445,0.4344812803658188
25038,-0.09008099739493225,0.5217490285490963,0.2795084309802801
51124,1.3880504948600294,0.9959022187010758,0.8885395827379252
1a0ff9ee-3912-4def-9749-1d30595bbd7c,2.0428015614035724,0.994869230414376,0.9410545870248642
22540,0.3143790234949008,0.7821190581715181,0.4744927122034867
73790,1.189329656986958,0.994985561608181,0.8556016004572735
c60c1607-59aa-4844-8336-437119ac4c7a,1.3451912924244849,0.9673149774231704,0.7818662474992855
25530,1.274694709665067,0.991105593293781,0.8359531294655616
16387,1.0728188667329932,0.9214329765930304,0.698556730494427
62597,0.52397620218777,0.9891752966383089,0.7017004858531009
60688,0.5968162516434743,0.9525339920599102,0.642897970848814
50653,-0.6390274666905802,0.7443941419529297,0.28008002286367534
23018,0.09347825173033353,0.38745923652120656,0.2758645327236353
56082,-0.20822436272316036,0.8183470545719318,0.3800371534724207
1ebf7dae-c013-431a-a65d-59fd241fb4f7,-0.0598987579323379,0.3155982325113952,0.22506430408688197
72038,0.2701633940245129,0.9410989480568004,0.5595884538439554
e30509bb-0080-47e8-b2da-1a0f12787156,-2.0274046362300986,0.025417494166923068,0.01321806230351529
9ee2cef7-cc54-4fd3-9a04-8fd01f8ebc5e,1.1588709795434622,0.9045471644405794,0.6966276078879681
33b4dc2d-2c34-409e-bc43-ff86c7ecd49d,-0.7569766920317955,0.44121544082049563,0.15168619605601602
51366,0.517469714787935,0.9534260560864573,0.62710774507002
11063,0.33117979844726375,0.9700538132345873,0.6127464989997142
20543,1.8724996664813984,0.9928850438810835,0.9107602172049156
73158,2.0957753689797256,0.9972990407814339,0.9697770791654758
6c2cccb8-ce83-41e0-92f6-bc6fcbe0ad99,-1.023466142856765,0.1395981271029305,0.0624464132609317
65885,0.0934744717020265,0.6962824389829938,0.3863246641897685
b88c18b5-2cb1-43e7-825c-5180ac866b06,-0.43319421653130596,0.6443350271563452,0.26471849099742784
8ec20fb6-7ad9-4c5b-9b16-13c24fd6ee06,1.3351471559989943,0.9790911947698635,0.802657902257788
46411,1.7936451557098447,0.9931545258507254,0.9063303801086025
14125,0.4523139456365523,0.8968619390721522,0.5652329236924836
5119,0.5870308133379242,0.6995166851776149,0.49442697913689626
5680,0.4902514148504902,0.5263415485097432,0.4064018290940269
16222,0.07617570977415095,0.7249401872902397,0.395541583309517
7f879180-c728-4269-bca8-b652543ab97a,0.7272551003547592,0.8284349403528602,0.5835238639611318
55223,0.2630457952440573,0.31897359273036224,0.29587024864246925
a8bd21dc-ba62-41cb-a5c2-d644b844059d,-0.09793173810136235,0.18815570925387373,0.18976850528722494
30808,1.2001565989729546,0.9928784615238866,0.8380965990282938
51375,1.4417282202305006,0.9975704379952443,0.9134752786510432
64770,0.08120321768624028,0.7043217362542942,0.3871820520148614
61553,2.047347844348163,0.9946080540376167,0.9382680765933125
1339,0.6975869520921985,0.9481512901329666,0.65904544155473
15517,-0.7325070615609133,0.44641687742346253,0.15633038010860245
9688,0.06570657325926837,0.8709107727333524,0.46549014004001144
9644,-1.102481399702108,0.37191059607779114,0.10895970277222063
73506,0.3584894664534246,0.74742643565099,0.4674907116318948
37085,-0.1148534741312407,0.8708598149795324,0.42576450414404116
15806,0.7172000878496051,0.8000411435848126,0.5695913118033724
59821,1.642660768332568,0.9970926954941841,0.9316233209488425
36229,-0.08660520837925179,0.15814204146200728,0.18583881108888253
17c67d22-261d-441f-83e0-62386d8e3fff,-1.1430093171844604,0.195580599089279,0.06894827093455272
40564,-0.4952862313242288,0.6895398267852987,0.2734352672192055
31472,1.4156862070872753,0.8821616959587124,0.7129179765647328
63645,0.14105634675722067,0.759340476229104,0.42540725921691913
74119,-1.773480291565207,0.010769217333794356,0.010574449842812233
13794,2.4456288959206223,0.880100810354062,0.7844384109745641
60723,-0.1983321548351894,0.6297329953094495,0.3000142897970849
69008,1.3078781288965224,0.9527597749892391,0.756144612746499
61347,0.5915507582206069,0.9718560773268188,0.6713346670477279
69720,-0.5499565606034416,0.8305014040232188,0.3311660474421263
54880,1.0217159224914205,0.9888698035109902,0.7943698199485567
60b74d7a-248d-4503-b91d-2bc5505c5093,-2.561868218710237,0.01986522093342299,0.009359817090597314
42403,0.22744293508462793,0.531742764729846,0.35160045727350675
19650,0.8790568217061301,0.9936281119834259,0.799156901971992
53558,1.1495929691148796,0.991914835921019,0.8258788225207202
c93515be-1a7f-4ba2-98eb-368a6cb83872,0.6702639548314684,0.8159663581880575,0.5675192912260646
25637,1.2821392445827768,0.9609589660793781,0.764932837953701
7368,0.17717063073830758,0.42247692944421095,0.30372963703915407
7133,0.43094732762904214,0.8612981572076847,0.5395827379251215
8fd01384-e9d9-46b7-8258-2356bee576e2,-1.4297034169949816,0.014579983858806326,0.018433838239497
c9b3559a-29ef-4a2f-8eec-32973352b4de,0.002279920339407382,0.39616754253133696,0.25764504144041156
62522,1.2096408440575739,0.9755765738331287,0.7804372677907974
10500,2.040775933840985,0.9951517011061182,0.9437696484709918
65797,0.10096139303812479,0.7178601234140932,0.3973278079451272
42510,-0.3446168900632215,0.7763961003352722,0.33459559874249784
64535,-0.171199855456163,0.5020032914746065,0.2554301228922549
8ef0f2cc-e15d-41fc-8c2e-3c68b9b55921,1.9676621129929848,0.9868774251714257,0.8889682766504716
26604,0.12504595463516927,0.7184085826153083,0.40282937982280653
34152,0.60777196413394,0.5322702649740398,0.43512432123463846
74529,-0.24691444312611488,0.6789430210673583,0.30865961703343814
18304,0.6320890196049571,0.7132248237975531,0.5107887967990854
72250,0.7973172489695112,0.9569821326448833,0.6902686481851957
42408,-0.5049671900310426,0.6753432193780299,0.26607602172049155
74361,0.6064652973275682,0.9970945008180454,0.7819376964847099
9484,0.6469470663991046,0.9608066535655537,0.6646184624178337
10769,1.3174298631965913,0.9784984476076297,0.7997284938553872
11892,-0.3001704646762243,0.26222278574142965,0.16440411546156045
145,-0.06581020142413196,0.8532667325242324,0.42655044298370964
40562,1.6483949143805932,0.9962174851208618,0.9227636467562161
8022,0.7859019725693517,0.9450959215646991,0.6734781366104601
40696,-0.022451836518758483,0.5761410894511503,0.3155187196341812
58273,0.3293754580790592,0.9442550726657223,0.5766647613603887
348d9ba1-4268-426f-8102-bde47d1bdbc4,1.5838146456935294,0.9468024364622615,0.7810088596741926
516,-0.606188645863736,0.6000726639080479,0.22713632466418976
aee876e9-6f82-4ac7-b399-3ec155e5cb5f,0.5704285210542382,0.5236972984148468,0.42297799371248923
11746,0.6976243830771163,0.8738560124311008,0.6043155187196342
c69bdf2f-948b-4fde-8185-07e522a46b2d,-0.2760775872297905,0.5044340459447303,0.23635324378393827
30504,2.2688924401756347,0.9983308112391273,0.9866390397256359
74743,-0.13042747382398667,0.147765354611881,0.1733352386396113
7619,0.18284403959958523,0.9242759119177608,0.5260788796799085
23273,1.026485398110772,0.986021972170258,0.7852243498142326
41716751-8aec-4cd7-a5e3-accc0a8897b8,-0.6078469422917983,0.4394063139009208,0.16719062589311232
20612,1.2816727492547204,0.993957687978069,0.8563160903115177
7d3194da-60a0-4ee8-a291-75e64671b228,-1.1815242650612747,0.6276807043080744,0.1956273220920263
e93d4268-7d61-402d-8871-9a89b01174df,-0.5515128220846472,0.007723736992719908,0.0717347813661046
55381,-0.02776479420685729,0.46203374513258727,0.27229208345241496
42869,1.5709130295570382,0.9975279692486533,0.9275507287796514
73284,0.9208509876993396,0.4148623193283372,0.4557016290368676
43804,-0.5813722353361401,0.21059619479564054,0.11503286653329522
25347,1.8546121307034533,0.9942286548305628,0.9194769934266933
49566,0.7875722832930376,0.9878720799210965,0.7521434695627323
b3bdbe30-3d71-4ea9-91e1-f29a70a0fabc,-1.793881661037007,0.005320011079551894,0.006716204629894256
d23d5af8-0de0-4e95-9649-559012b8d27d,-0.012132117312371904,0.7583006266505902,0.39089739925693057
3430,2.199628666809944,0.9963392770600953,0.9637753643898257
63644,0.33215101710170486,0.38891273762921874,0.329522720777365
00659e89-c6ce-48ff-8f6a-ad7c1fb9daaf,-1.0417292891217578,0.006326757925592887,0.02979422692197771
57fc792e-7e22-475d-af0d-4966d4ced4f9,0.1926795617568532,0.21783853528496583,0.25885967419262645
472ed990-c145-4c37-afc8-6a7ae064b243,1.437352638774474,0.9961656022507716,0.897113460988854
05265476-7f22-4230-9090-28d3224265e8,0.13990634001753915,0.8552418211254328,0.47270648756787653
70561,2.382604811276554,0.7793137764178134,0.730351529008288
59927,1.0451638893079866,0.7604525815330911,0.605673049442698
53537,0.5278263277560863,0.8960791954303206,0.5804515575878822
12299,1.3395589735529416,0.996318603150807,0.8878965418691054
802f5776-8ed5-4f41-96b9-017005f9b961,1.6520506602246616,0.9753483721126827,0.8314518433838239
25785,-0.06853133041092496,0.7794203874411926,0.3894684195484424
71112,0.059510013201672596,0.5345719596187936,0.3165190054301229
0ec3d3e8-cdd2-4b79-acd5-3ecdb3bff7dc,0.4984966719371552,0.5305451382485782,0.4099028293798228
42235,0.6940763223681877,0.9142325631596474,0.628679622749357
20982,0.26487704237018755,0.9675835256968058,0.5925978851100314
51264791-6073-41dd-ac73-d9c7594ef6f6,-1.7870709762275554,0.019624308268803382,0.01393255215775936
30895,0.7910518946579297,0.8264935553850221,0.5961703343812519
33940,1.81702380477267,0.9935623309974334,0.9105458702486424
48473,1.9598733354954345,0.9970778652913379,0.9582737925121463
8686c72d-4131-4a55-8286-2de3eab9451c,0.8262797830304656,0.9691903125846347,0.713489568448128
9585,1.0141670609247035,0.5060826323443635,0.4994284081166047
1888,1.6290946779776214,0.9936729487489295,0.8941126036010288
9f8fc5c6-19e0-4806-85c2-882cdb34bd21,1.7184787226519374,0.9976418654331131,0.9447699342669333
de0cfd2e-ebc4-43e9-9243-78c186924035,0.1439352539010253,0.5780380721838974,0.3526721920548728
27615,-0.0057014985739666235,0.37703529609323777,0.2501428979708488
59810,0.8608955289869327,0.9795454829658797,0.7402114889968563
3123,1.1571377420009057,0.5921046294079851,0.5517290654472706
25221,0.4934309893765184,0.8686714653901474,0.556873392397828
45336,1.0850838899574637,0.9142610452347781,0.6947699342669335
7a62362b-3934-422a-ae18-611bdc93c866,1.54784882857242,0.9480775679696879,0.778436696198914
22593,-0.3516267459836032,0.3066646519542949,0.16661903400971706
51499,-0.20591452749646022,0.8838141316868448,0.41626178908259504
55780,1.7778700042976876,0.9961086543743044,0.9329808516719063
41735,0.1679599121338236,0.5622514597045101,0.35260074306944844
36580,0.9067000589781582,0.9120632812183683,0.6679765647327808
2acb63ea-0e9a-4c72-904f-813c11503042,1.4101946440098305,0.45820220638494796,0.5311517576450415
21182493-8212-44c1-9354-322920b4668d,0.3054505766999025,0.4148195509059616,0.3288082309231209
defaebb3-e54f-4104-a03a-cfac4af4b98f,-0.6933423451674359,0.007554439177846725,0.05673049442697913
69be0832-f38d-48b8-b247-d3e50490a251,1.3735322489938384,0.9503675316015746,0.7609316947699343
15351,1.0072739540841962,0.9857408700388006,0.7815090025721635
f9dc7b06-7ab3-491b-94a7-64d30e42b95b,0.6798646165074999,0.8021681871536831,0.5633752500714491
7d8c7fdb-4102-4224-88eb-7c06ac0c72b3,0.9655574095850707,0.7201269304578297,0.5750928836810517
10261,1.6800458820941029,0.9808837212300386,0.84759931408974
56548,1.606711146974375,0.9930519498936472,0.8868962560731637
6410,0.8887286980919111,0.9850966225493555,0.7610031437553586
5d49fc39-4ef7-4286-a649-cd5ae76a7d4c,1.2631177730808874,0.9375006547110653,0.735424406973421
22152,-0.7139135290991667,0.47917875609387245,0.17026293226636183
e5479aea-7b1b-46e0-b9d0-fb1831d2f7d2,1.9148683556769484,0.9845773255652067,0.8778936839096885
fecd9c08-47d5-4a24-9b49-cb6905c41d79,1.5888362306434602,0.998968927371723,0.9410545870248643
17459,0.6409973035344336,0.9358713824268,0.6347527865104315
59766,0.5170279992314807,0.9838229850799751,0.6829094026864819
66359,1.3449233706220949,0.994146086361032,0.8648899685624465
62221,-0.04424600406670065,0.866795754253917,0.4398399542726493
6738,-0.4759542948229567,0.8621442203691075,0.3576021720491569
d52847e3-3a3c-4498-89a9-0d7081fa25aa,0.30108439713000756,0.9158839086230183,0.5453701057444984
11705,0.34692657506232977,0.933924860828652,0.5703058016576165
52820,0.4672604317482068,0.840865614921239,0.5360102886539011
33300,-0.6524473161133113,0.258166643605667,0.11560445841669048
70563,-0.7506394823308129,0.07861348127062197,0.06794798513861103
53623,1.8036080388805111,0.9942969870156192,0.9158330951700486
2627283f-38dc-4b46-8531-975d8125be92,2.28343626256816,0.9855614181871752,0.9002572163475279
8594,0.42435678088815865,0.5971284043026835,0.4214061160331523
2964,-0.7772871538607318,0.486615510386193,0.165904544155473
59317,0.662442321091049,0.9479702592954299,0.6515432980851672
70154,0.27767293572073526,0.5397083921720462,0.36717633609602746
26496,-0.017758624286717817,0.4589454416134602,0.27307802229208344
66646,-0.6695632864175078,0.5925468881828001,0.21677622177765074
18f3df5b-a158-4ebc-9c14-fb78c16b655c,2.236820755210645,0.9965743021472883,0.9675621606173193
44556,0.6947267793534992,0.7052695415746951,0.5205058588168048
8127,0.367210299476853,0.7651150194031306,0.4777793655330094
28253,0.2316690201809095,0.7018545257498339,0.4184767076307516
71498,0.10218659214109799,0.4759473337852783,0.30551586167476424
38107,0.8611342326218219,0.5399518742381968,0.4883538153758217
d3c9d2b1-0408-42f9-9dcc-ae3d2aedb262,0.4222633406770451,0.6911152158209006,0.4571306087453558
34076,0.3519594419849936,0.9255064545220045,0.5640182909402687
16678,0.06549411871751193,0.7832766867894682,0.42076307516433264
65202,1.7722978954038977,0.9951272325870295,0.9221206058873964
32830,0.5429293964925406,0.5278619136102126,0.41861960560160044
56441,-2.729045027402136,0.008217013115779053,0.00400114318376679
92c983b8-725f-4e3a-b3f8-ceb724fc758b,0.058310376401417285,0.874198360687077,0.46570448699628464
52893,1.2522618427100656,0.19059188456015466,0.4474849957130609
63081,0.8222876019277802,0.917219992476169,0.655544441268934
33844,1.8151164858801612,0.9299816521442578,0.7874392683623892
795532e7-2c39-46ce-93ac-c7be6e1cb62b,1.0059676573862761,0.9704205834148653,0.7451414689911403
18701,1.1464220303797577,0.9729352079652483,0.7682194912832238
d50599d1-f450-4965-b85c-3dbbd9f85b77,0.03407758421392948,0.924868377282721,0.4936410402972278
111d026f-9655-4712-8314-0cbbfdfc86f7,1.0119559494287413,0.990879189186479,0.8022292083452415
16805,1.7218039084345458,0.9972636991071864,0.9406258931123177
12086,-0.015465444230889969,0.5594368379786957,0.3103743926836239
59012,-0.4230913993608201,0.5300503130947696,0.22184909974278366
44141,1.188134950944057,0.7671735935235198,0.6263932552157759
bb0e4509-a0b4-474f-ad78-1d3f9dca7eab,1.2568162481719907,0.9790691752914811,0.7935838811088882
68483,0.5599348113495779,0.7266291241343092,0.5010002857959417
16300,-0.17462869349769794,0.3423353120107506,0.20655901686196057
8b3709f7-df2e-4bfa-ad41-42e47678ac01,-0.2221441322940908,0.8580249208800954,0.39818519577022005
004c57ff-fe21-4186-907c-4283eac36a9f,2.021199003826132,0.9897621036531609,0.9046156044584167
17454,0.38653010768112994,0.9305030331375256,0.5761646184624178
69495,1.9160884278048764,0.9618820940074176,0.8323092312089169
369e2cc5-e3ba-40dd-9b88-4994555379be,0.5027874256847124,0.9731261238216725,0.6539011146041727
98b6b3fa-0830-4c9e-8e17-87502e0a96bc,1.7576143958956176,0.9868087497602568,0.8717490711631894
58673,0.19972142780807367,0.9767691860207754,0.5948842526436124
62820,-0.3228083557339658,0.7634812225873321,0.33223778222349243
26692,1.607110133111844,0.9890658978984973,0.8643183766790512
45cbf4c9-7187-403d-9855-3cd66d707811,-1.233652570728427,0.003946224396280897,0.01986281794798514
10420,1.1267179681130197,0.9938541570194585,0.8366676193198057
14980,1.8855369318751163,0.9978785505136044,0.9620605887396398
18394,0.9044476980842957,0.8060144520085215,0.6081737639325522
29838,-0.10962103376851207,0.9249389322274179,0.4622034867104887
46cf5018-3c0c-4520-9480-185b92e176de,-0.07955743559383344,0.601140547072697,0.31337525007144895
975fce2a-81ab-4c8b-ac48-f9dc8b45c0ea,-0.9455032652789936,0.4953801528476915,0.15733066590454414
20057,0.46807332895613096,0.7957051341661155,0.5146470420120034
6f5a3f00-b60d-4b9d-b3aa-aa6eea5af726,0.13996104898297884,0.47662716364643637,0.3145184338382395
5f966896-9b52-4ec0-9c51-53484d33921d,0.6337386209123845,0.9850974727366856,0.711560445841669
57650,1.25158753015935,0.9887358460393034,0.8222349242640754
66214,-0.28529392536415754,0.3137218004298323,0.17969419834238354
62416,-0.8036662659080511,0.27705054622584324,0.1055301514718491
3949db9d-b938-4040-8f8e-9a833196c9d0,1.0437444831364693,0.9950543819025139,0.8383823949699915
3723,-0.12407689034485103,0.9491852431923189,0.48156616176050304
47806,1.3489003157124357,0.27895395518786087,0.4762074878536725
22273,0.7057001975062194,0.7729968341780016,0.55301514718491
73bebc28-9609-49d0-96ce-614513112e23,0.4998770291940962,0.8166639982563485,0.530723063732495
977adb77-4f7b-4452-98fd-9ea2a269a5de,-0.6127875989540361,0.31762792774913934,0.13453843955415834
f73ef7db-4e48-42a8-bf74-1bbb3b57bf2b,1.4286786020465856,0.6740825573615984,0.6133180908831095
23036,0.3461449496961877,0.8982733878499053,0.5432266361817663
39105,0.9775703329608181,0.8905232953818454,0.66326093169477
17680,-0.5722582911968019,0.05469620549775147,0.08359531294655616
6b3f1d31-fac8-461e-a1e6-a9a022edfbf7,1.3191008301463614,0.7261410420968218,0.6236781937696485
2874,1.7712052898842294,0.9971056875930636,0.9435553015147184
49338,1.8886192120229306,0.9938599189287399,0.9195484424121178
20059,-0.4216859502581761,0.7362939208754077,0.30401543298085165
13158,1.4551282556670952,0.99120898873277,0.8577450700200058
51404,0.2938662051430164,0.7763571197624383,0.46670477279222633
1dda635d-21ea-4d6b-916f-b4fb76342ba6,0.3724427137774223,0.6316205590366164,0.42362103458130895
65336,-0.17314565480702848,0.47748920266124917,0.24721348956844813
d1033b72-3fd8-438b-9291-428fa4aa9b97,1.0799781099250954,0.9168376505327915,0.695770220062875
42790,-0.03061593763739956,0.7849299076913269,0.4009002572163475
72105,0.6621917215012658,0.9713661283479262,0.6853386681909117
68896,-0.9836858806162818,0.5372565349707146,0.16976278936839095
10259,1.2766076871635028,0.9984731891660928,0.902043440983138
5121,0.627984225445629,0.9825615960682716,0.7026293226636182
f9521517-58e7-47ff-a9d3-52102ab1b046,-0.8280799714546705,0.5438632791775967,0.18283795370105743
58627,-0.09162686988414503,0.515590080557709,0.2775793083738211
d9cc1721-8d8f-4e4b-9b70-96e25d6455b2,-0.056069676452374595,0.7465314801695573,0.3768933981137468
12007,0.1611763132515054,0.8056877941988138,0.4537010574449843
3633,1.3760168655944325,0.9824616962210542,0.8165904544155473
666f8d9f-5ed0-453f-a10a-c277cbab6e88,2.0155202841126134,0.9550667283782525,0.8294512717919406
2739,0.8482237696755499,0.8847204014604632,0.639396970563018
56194,0.5145767281944688,0.9313093815437526,0.6046013146613318
65536,1.5358356980749976,0.9905320010936978,0.8630322949414118
c0aaefe6-50e5-4059-883a-7b56c012412d,2.5581158132984694,0.9952936501565063,0.9599171191769077
39691,-0.6822381515205063,0.6665657179088895,0.24328379537010575
27826,-0.1586508969479863,0.44383181714972963,0.23735352957987996
58584,0.5816311255108565,0.44364507806569675,0.3976850528722492
68864,-0.5835014675168304,0.4953368095035477,0.18941126036010286
d726ceb2-617e-446e-8b52-54e02da5a524,0.5230876499198743,0.9303115030063726,0.6046727636467562
29709,-0.6125214168040158,0.5565858787416745,0.2090597313518148
19708,1.634647769756511,0.981753662212585,0.8447413546727636
50284,-0.2134246654063453,0.4791410639874669,0.2406401829094027
54566c1c-7f59-4a20-961f-2eecfd285170,-0.33715688846505565,0.48654818397566585,0.22013432409259787
da9d05a6-7737-41cc-a619-55c0a09eeb05,1.2493799959875445,0.9914556890477563,0.8353100885967419
36594,-0.7359938894436864,0.9617616395641159,0.40940268648185196
61328,1.9240960881777756,0.9948434306951914,0.9315518719634182
61959,0.44727719376019903,0.4392448389784477,0.36781937696484707
25843,1.5915347336113561,0.9938484150980618,0.8911117462132038
2ab96972-32f8-4ac6-99fb-df8a2d1b8d9c,0.14800776268429372,0.37554451519420445,0.28408116604744216
c3e5ef72-9d0d-422a-85b7-2e4685ec6083,-1.1501470129607165,0.1519931207501085,0.0594455558731066
45584,1.6029418123632748,0.9928395807013581,0.8851814804229781
1513,0.4175973568773355,0.990617436623816,0.6861246070305802
5b9e9522-188b-406f-b18b-db49ccdf1ce4,-0.23798671958059725,0.7085823001684131,0.3228065161474707
3360,0.5166158457039439,0.9852977265681163,0.6871963418119462
6884,0.07231779706555103,0.9624284301983084,0.5428693912546442
54254,-0.004050744917167282,0.8952990334007424,0.46313232352100603
46857,1.6230962760414642,0.8729750901964518,0.7315661617605029
60565,-0.113087628990304,0.6875749311665194,0.33838239496999145
62974,0.5521475296524235,0.9307207362452972,0.6108888253786796
48346,2.243289105822609,0.9960266062503631,0.9610603029436982
58214,-0.34270334251524004,0.6737586919535411,0.2900114318376679
29620,-0.44966947090495457,0.37336049591793774,0.16726207487853673
55425,0.8462238497347957,0.9570684165661335,0.6986996284652758
23338,0.2038223486826295,0.7450992177345207,0.43198056587596456
31652,-0.17770596539830075,0.4663740006180373,0.24256930551586167
dbe3b5f0-a7ef-4f79-bf88-6227181faae9,0.5566531941856077,0.6589043641771658,0.47227779365533007
f61bd102-7490-4177-b707-8bfa6535202c,-0.47208441251642874,0.14671149751966475,0.11453272363532438
34966,0.28115903544588783,0.6125968543192508,0.3962560731637611
ef2bb7bf-f7db-4a43-b9d2-bb252a6d3306,-0.9701313401493372,0.04121804374714813,0.0460845955987425
43625,0.42575371522460803,0.4622592909229906,0.37167762217776507
69426,2.201766989573609,0.993575693130858,0.9356244641326094
52700,1.8007525962933617,0.9894123745383652,0.884824235495856
58871,0.8810115782519433,0.8808488398090123,0.6427550728779652
4431,0.3483588316762567,0.8916169910700449,0.5397256358959703
13614,1.9482527954945386,0.9976417372050518,0.96384681337525
13959,0.9291810329886705,0.9853459897647592,0.7690054301228922
73515,-0.8460743971437563,0.11103880430521143,0.06823378108030867
0c4d9cc1-b9e0-4f96-993e-8bb3616d4424,-1.3105004531230489,0.016947493167825626,0.02407830808802515
53053,0.2013179582666944,0.4472130388200194,0.3169476993426693
58813,-0.02857271668992334,0.5148441794565691,0.2906544727064876
49798,0.6126406572265454,0.9805015373751197,0.6940554444126893
56411,1.1260442740374805,0.9766366629736158,0.7719348385252929
46529,0.6846655860581625,0.9490136971393043,0.657473563875393
39050,0.8324140906477495,0.9623655360088169,0.7042012003429552
9752,0.34527997463152404,0.9855924678000819,0.651328951128894
63605,0.6889195491814717,0.8744068780315792,0.6031008859674192
14396,-0.9878806576437431,0.37995501024845896,0.1178193769648471
60562,0.7789591355823504,0.9582188550097565,0.6889825664475564
088968fc-07ce-4ffa-bab0-98b7ae055e24,-0.6811161060130406,0.5846199027577338,0.21327522149185482
7435dd27-44c4-47e4-96eb-48bc8e92bf3c,1.429293153368183,0.9309197114495343,0.7478565304372677
48852,1.0263474284364222,0.8380419758431369,0.6413975421549014
58739,0.6217091282403789,0.873626305832235,0.5878822520720206
b4bf3ade-daf6-4e23-8f96-d1c7f7023b15,1.6629367185190456,0.9616916090219038,0.8100171477565019
d4814ca0-5823-49d2-9b0c-b8e4b2707ef8,1.660717107330165,0.9704892729328002,0.823735352957988
79f10c13-1fec-4732-8c1c-61aefb103c70,1.3267759355234556,0.9797222388802771,0.8035867390683052
47163,-0.3560468946361188,0.3686476352692629,0.1805515861674764
24075,0.06896792876898855,0.6163089058165098,0.3516719062589311
52132,-0.012991563788084859,0.6568475728398566,0.34774221206058875
71032,0.041200962157128596,0.889932811084434,0.47142040583023725
10647,7.339631320484825,0.4158710330373798,0.596027436410403
88d13721-e257-414c-8428-2a027837550b,-1.0633980797680052,0.04635399872628008,0.04251214632752215
51421,2.3187363698109262,0.9962523505127364,0.9663475278651044
73976,1.0275357235846183,0.9770401566376563,0.7605744498428122
20425,0.7445958752398594,0.9558190047963762,0.6780508716776221
67542,1.0109610305314392,0.9496055565122523,0.7161331809088312
14469,1.6115332303386463,0.9931938134185625,0.8887539296941984
02ecccd2-782d-4ae2-94d1-dfc24c84014e,0.2018254260736947,0.6397126421638849,0.3888968276650472
5df28613-941f-4760-bd97-849895d744fc,0.5097081737923828,0.37381044151594367,0.36196056016004574
12069,-0.5780345043697432,0.5583666414345225,0.21377536438982567
71242,0.23550481201875986,0.9583260961741518,0.5723063732494998
71576035-d0b5-400c-90c3-b53bd9c6f10f,1.1781889208738208,0.9904463014697542,0.821091740497285
65662,1.2041456933467642,0.9972393126571111,0.8818948270934552
1814,0.07383311687301236,0.7373685234439935,0.4004001143183767
10926,0.7764578426886383,0.9736028836310542,0.7132752214918547
31100,-0.9065552573874991,0.2239724421501786,0.0881680480137182
cb06a984-1ef6-4dc9-b7bd-769d01cfe522,-0.2529333585958726,0.2624703385510131,0.17340668762503572
58092,0.5114478508354355,0.7022784296229867,0.4794941411831952
19978,-0.48546515311521077,0.5081091308204075,0.20462989425550157
43add997-5d4c-4d58-b31c-770a4dc33e3e,0.6551928729670702,0.8455459025580347,0.5783795370105744
ba55abf0-7c39-4f55-8426-6bd01f01b46f,0.27746433228103295,0.6156475148120091,0.3976136038868248
31274,1.0818760865951633,0.9921659906015439,0.8190911689054015
48071,0.4048505828295786,0.9410989480568004,0.5900971706201772
7723,0.9513744552188941,0.7482351678119364,0.5859531294655616
15838,1.2248946171096522,0.9519846978999693,0.74578450985996
7664cb5b-7b48-46cb-8da7-51c80d9191e0,-1.3667703906750042,0.12429518406556397,0.04479851386110317
f8789b53-e4de-4a3a-8c1e-72788d90dfec,0.6139884792343602,0.8984113166792519,0.600957416404687
b1a76443-5c4a-4c11-b0d4-fec32800419f,0.012379235563527935,0.5405379646324925,0.30865961703343814
43948,-0.2734258036763465,0.8545723211228509,0.38575307230637323
39214,0.662656275695452,0.9026844104321564,0.6138182337810802
69069,1.485244383464563,0.9934845882514411,0.8761789082595027
13728,0.6406979441871989,0.6895824766451597,0.5027150614461274
55286,1.691520665349831,0.9132915242235583,0.7643612460703058
28630,0.7502357460295377,0.9069773476223182,0.6357530723063732
13406,-0.6999564390548401,0.08562842806326779,0.07444984281223206
45937,0.4913941176760125,0.4078305800764604,0.36724778508145184
52245,-0.4846360199573332,0.5813309458677245,0.23320948842526437
69107,-0.3684537136253593,0.7439407206979358,0.31601886253215206
74556,-0.9302480996681228,0.5995167111513625,0.1986281794798514
37922,0.5258275336999283,0.8602695033266025,0.559874249785653
74267,0.12228981661689692,0.846698900566204,0.4634181194627036
1b2da473-38da-46ef-8d05-fe0bc300f2fb,0.5546834455768888,0.4473056017921006,0.3933981137467848
29990,0.13035201353768727,0.8148590789896187,0.45034295513003714
57393,0.5552290953598249,0.7259580019790292,0.4994284081166047
61033,1.0824796149336007,0.9938597368847903,0.8313803943983995
7d44cdba-d1c6-4899-9c1f-9c5528d36e5a,0.10431159768364412,0.9353533369198326,0.5180051443269506
ddef9bd1-a882-4ab0-8786-35f7ad2651b6,-0.5872512966320009,0.5089712897461345,0.19291226064589884
0a9f507e-96d7-423d-8911-7751dac2e999,-0.13704106942764127,0.45924911832983434,0.24692769362675052
24215,0.10578707177697705,0.9956346013956772,0.6570448699628465
e809b60f-4b43-4c93-b2ba-7306ca7aaf81,0.3552522719239021,0.5148773336219327,0.3748928265218634
74642,0.0693584473678977,0.9925724762743399,0.6212489282652186
38423,1.9468668169753829,0.9974377821046504,0.9611317519291226
68306,-0.33494012401899365,0.9509818403491214,0.4449128322377822
34200,1.9177238873963358,0.9860281109598483,0.8828236639039726
52347,1.7809558670431604,0.9919655132338566,0.896756216061732
186,0.4741729520796766,0.7500803298487886,0.4929979994284081
1743492b-9507-4c1f-9519-89390afef205,0.5777347102829073,0.9800923447012924,0.6850528722492141
63383,1.0539344180601968,0.9967367874301806,0.8582452129179765
a98c4a1a-ef7c-401c-a3ee-473ad61694af,-0.6262300808319776,0.10799809117037622,0.08645327236353244
47273,0.5079210497098854,0.9931706753307782,0.7210631609031152
9c154dc6-88b1-4df4-b6c4-c74f6711a3bb,0.16511278054278405,0.5977480356850993,0.3653901114604172
49332,0.35381681830229783,0.5667828875736373,0.39496999142612177
42035,0.10729510590071062,0.8817432559327897,0.48120891683338096
11951,0.6442576897722463,0.8352002249146934,0.5705915975993141
62076,0.235712640521976,0.7962698427149867,0.4644184052586453
65523,1.0973054798972175,0.9965510103306495,0.8616033152329237
35162,-1.5829274108826918,0.7737547088360829,0.24342669334095457
4117,0.8802326029567089,0.9098237799228165,0.6612603601028866
34834,1.0515074428339015,0.9961076055792475,0.8505287224921406
35333,2.2845227304708127,0.9951944760656679,0.9542726493283795
539a0636-9004-4eb0-b75a-4bf3d4d427a6,-1.2896500633961738,0.011629665623629847,0.022434981423263792
41778,0.15454701905587215,0.9177340834654883,0.5155758788225208
21143,0.2205742422084221,0.5641385918184979,0.3637467847956559
67620,0.8498265616286851,0.9166093331367604,0.6603315232923692
2421,-0.10560514734321358,0.043762398634827025,0.15825950271506145
dbb1b219-76c6-4df0-bec8-86431d1e3939,1.5456092217249262,0.994746110300999,0.8940411546156044
f099f5d2-1e83-442b-95e5-035382a887ab,0.46485838184917566,0.6818897822104412,0.46163189482709344
22047,0.07341145374786484,0.5686508316233314,0.3341669048299514
557445b3-9563-421a-b14d-f67d842052ae,1.4372501572427292,0.9979762315312184,0.9166904829951414
739,-1.0051910162033184,0.598388056688214,0.19234066876250355
176b6957-a59f-4cb7-a937-a2c049a379eb,0.46791254306396185,0.8563842705071799,0.5445127179194056
b68b3120-0593-463f-8470-c1d805477707,1.8824814394538079,0.9552598863424983,0.8200914547013431
51632,-0.6117507623099148,0.3702436245296148,0.1466847670763075
838fa2f7-7719-4a2a-882b-505a7cb3811d,2.4138195145914287,0.9909740424112312,0.923621034581309
59703,-0.21270444566923485,0.4731704760787948,0.23821091740497286
35952,0.5045864066618098,0.38604845366098917,0.3646756216061732
12d2d6b0-29d1-45ab-ad97-ddddbba3471c,1.1361343788764153,0.9975083475949716,0.8764647042012004
73071,0.5233517292328423,0.7323724557393082,0.4959988568162332
47720cc5-7b54-4046-9e6f-579cd464df1c,1.0386844152158508,0.8778492204150498,0.6658330951700486
58250,0.27478102977433294,0.5959219521790126,0.3883252357816519
22262,1.7725068327762716,0.8777987793368874,0.749285510145756
7592,1.4920373177014739,0.9919568114662303,0.8663903972563589
42512,2.091420663737434,0.9945746238893917,0.9396970563018006
41649,0.0372407768627015,0.9455528840590505,0.5132895112889397
70947,-0.32104080888566655,0.8625307050143378,0.38182337810803085
098da11f-25b4-4565-95d9-b5e1b566a2c4,1.326932044168141,0.9990186914618591,0.9105458702486424
68985,-0.3342679140333573,0.29755678163318927,0.16676193198056588
14241,-0.09967819869892924,0.3840706473985209,0.23278079451271794
2977,-0.4225830427736802,0.34187727519501476,0.16376107459274078
63480,1.896594102227725,0.9895442261401901,0.8935410117176336
52702,1.852222530803169,0.9907087670964517,0.8958273792512146
555dcb49-412f-4332-a563-78359ceddfad,0.2430412120214033,0.3075914928065502,0.2886539011146042
14857,-0.14806343197091454,0.9079987614688967,0.4421977707916548
11105fbb-96ab-43f2-a0fe-617bf9640dea,-3.0137306268287274,0.016216984851554133,0.007359245498713919
43253,0.6023530967070169,0.24483432464686886,0.35345813089454126
92db2f9d-e726-45d9-97a5-2dcba72da059,1.796537985101844,0.9901416102228693,0.8883966847670763
24291,0.6709724427763405,0.9495653230158224,0.6556158902543584
7597,1.1290636027121834,0.8704337958754731,0.6719777079165477
39630,1.1563694270511378,0.9848218416890517,0.7980137182052015
2727c69f-8cb1-4e69-922d-f1526a01d0d4,-0.6125206841064361,0.14376022998628915,0.09795655901686195
26529,0.3516372102294826,0.5490913751681875,0.38639611317519296
65826,0.13945117684710323,0.8232638268636053,0.4557016290368677
31b7a186-2a6b-4e80-882f-0c81def96e20,-1.0712815803562057,0.0631702138808595,0.04479851386110317
44179,-0.19142888569698924,0.513584067716675,0.2560731637610746
60642,0.6427754580668181,0.9156436474260952,0.6185338668190912
fecec9d5-5b8d-4644-9e0b-81b1822ad60f,0.8004478031426906,0.8584565020213841,0.6160331523292369
74043,0.7143229938077944,0.5495162104367078,0.4630608745355816
2282,1.1479858425986988,0.9757669637706002,0.7735781651900543
71017,1.0942099245281094,0.6434148550102434,0.5635181480422978
58965,0.14912412676239878,0.7719903691427861,0.43298085167190625
55613,0.2906878106185451,0.10542740754190721,0.25557302086310374
3287,1.9467023347555126,0.998105969244135,0.9679908545298657
a4e0dd1b-373a-4798-8015-3bc0215704ab,-0.6170972741492295,0.4070083611165908,0.1558302372106316
73829,-0.21621453125542867,0.8809641685964238,0.41254644184052586
c6abe8ca-6496-4653-abe0-78f9cd061532,1.2023501055965369,0.5137478120998727,0.5263646756216062
24559,1.8038583738659673,0.9942395190579773,0.9153329522720777
74740,2.1246501271332696,0.9967355797547766,0.9653472420691627
56931,-0.0036689929254140607,0.9519537733838163,0.5110031437553586
20206,0.35678939593843606,0.9445582665763025,0.5820948842526437
7873,-1.0727175906276898,0.828781266337794,0.2877250643040869
67023,0.2689591912641195,0.698818135844968,0.42590740211489
13254,0.1773658075300713,0.700876763782564,0.4069734209774222
26883,0.5870814893286712,0.876896596340406,0.5823806801943412
a72c8e81-a26a-4fee-8f10-e8e7b29c30b8,-0.5349014796749507,0.1833806710614216,0.1138182337810803
30623,0.05071476766663652,0.156287755659151,0.21534724206916261
70436,-0.4859365244662094,0.5207218897066619,0.2093455272935124
7297,0.9093661155413746,0.9979355008796916,0.8501714775650187
f6bc4c08-6fea-44d6-9c0d-5ed5722ee7d5,-1.4023467631056605,0.04245638204657077,0.02736496141754787
56755,0.3576246073171293,0.7085257545191637,0.45012860817376393
9178,0.9053865397612992,0.646416409938946,0.5376536153186625
66534,1.0111291284955763,0.9956260393481167,0.8400257216347529
68284,0.0451717782172143,0.5124592729007721,0.30523006573306655
47374,0.9196308800858872,0.947738718104106,0.7001286081737639
66293,2.498514605797884,0.9967835293333617,0.9749214061160332
b316a020-5ee9-4a39-a113-c2d16dd39ba8,1.1974713829699097,0.9537753118651828,0.7441411831951986
0cdffa90-fa9d-42dd-846a-f0e970555888,0.11130316309185878,0.8893189190460162,0.4859959988568162
48259,0.23134170997302936,0.9117754262099244,0.5271506144612746
52009,-0.5206904256261291,0.8743369119891934,0.3603172334952844
64d9908e-38a8-481e-a833-df7866a45061,0.602896484848592,0.9842788848275006,0.7029865675907403
3a0b79ec-29ea-428d-b30d-a70dad0079e8,-1.1841496387861208,0.13158334446076486,0.05372963703915405
41040,2.192939439809114,0.9962253877059036,0.9624178336667619
34484,1.417578314526775,0.995239417798562,0.8852529294084024
615,-0.251652639992596,0.36788895004421474,0.19798513861103173
21153,0.05843455797035507,0.5926663819511045,0.33959702772220635
2690,0.06041222473218988,0.5997320277720657,0.34288368105172906
929e4baa-77e0-4f4a-b706-88449fd9a806,0.3802656469377932,0.6188648777122607,0.4214061160331523
59731,0.8431245980674671,0.9848603052923908,0.7522149185481566
57753,-1.2027964108654308,0.7767844823930159,0.2570020005715919
fad34b4d-c46b-4897-ac81-a9d8a65fea5f,0.5137426836962328,0.8933240059519615,0.5757359245498714
50693,-0.07899540185178389,0.5112544353230224,0.27793655330094313
0d7d94fe-e39e-4559-b421-4bc37278f9d2,-0.4302342947043202,0.7262045737109238,0.2980137182052015
52221,-0.3771140802468884,0.5323914361451391,0.22992283509574163
16107,1.3139832733332169,0.6854370961243729,0.6054587024864247
4567,1.714164395966265,0.9983457235299789,0.9504144041154616
0542fda9-5cd1-4398-bba4-1cc11cd48ed3,0.877164308698003,0.5513847681184995,0.49521291797656475
65952,2.6844063705693992,0.9930548015092044,0.9400543012289225
57352,0.6168962163037186,0.3219136287708804,0.37346384681337524
d68d1d5d-67af-4613-b364-16e9b9595bd9,0.062162860616902904,0.8308960508577534,0.4424835667333524
14379,-0.09208107871889981,0.7436607233394997,0.3669619891397542
8721,0.6324752514047098,0.8711064139307756,0.5887396398971134
18850,0.7260394444434083,0.660141133284933,0.5082166333238068
27486,0.32654356405403884,0.8413115818751132,0.5068591026007431
32124,0.2962057866298051,0.8731149014717475,0.517576450414404
57915,-0.007759757748204643,0.5858572040347039,0.3228065161474707
0726b726-6e37-4570-9698-49c29f5f09ef,1.5844713863768904,0.9667123811410857,0.8086596170334381
345e6c4a-36d8-44d1-a4cb-7d3cc973fd37,-1.3315750730421279,0.20869850534084208,0.0645898828236639
57143,1.50858449485789,0.8847098122340911,0.7255644469848528
58382,0.30685324601789354,0.22839763056168913,0.2859388396684767
52720,0.21132327187312883,0.8845094942147792,0.5049299799942841
52583,2.8565912566267,0.9931256473084673,0.9416261789082595
9375,0.15355893486725464,0.8641348965908924,0.48120891683338096
72484,-1.2133240650266572,0.251427950616713,0.07745070020005716
42750,0.545864456797734,0.9361951818871975,0.6146041726207487
47795,-0.10022951709155192,0.40930656895049033,0.23921120320091455
df112b11-1305-4f5c-9b89-e4fd854ba2a3,2.1138639650432594,0.9708705196362473,0.8594598456701915
7b7313e9-1555-4e3c-ac33-63c1ca6714a3,-0.29010708573701716,0.0597724612429846,0.12460703058016577
62993,-0.21326581621767493,0.6807155291512137,0.31609031151757644
51123,0.8623133115388417,0.9262851973657106,0.6696198913975422
11528,-0.09918838373543537,0.9233623268108947,0.46356101743355244
11628,-1.0276574740304874,0.6273735621554922,0.20212917976564732
2320a658-e1ab-401e-91ba-af716e8df7bb,-0.5232385132905157,0.5617405848927731,0.22142040583023723
42e6ef2f-e66b-4276-89f6-9cf0f48f39d4,0.30320535182074737,0.9285117937052999,0.5550871677622178
37194,0.7731966558396772,0.7575535407018985,0.5603743926836239
32959,1.4320281826452979,0.9952001386420513,0.8861103172334953
23588,0.17712183653150043,0.9127666006974754,0.5167905115747357
42881,1.866362622287949,0.9949483512507729,0.9284081166047442
17346,0.07267335556621657,0.48420086332543594,0.3019434124035439
e321c510-cbbb-43ba-98c2-d6cc797247bf,0.260504162726484,0.7474071733151387,0.44505573020863104
72974,0.2805514735892847,0.8407624183796227,0.4959274078308088
a11cb427-7537-49b6-8cd1-6ffa38d0797a,1.1912175527288547,0.9714740933754697,0.7705058588168048
4881b5bf-ae28-4b75-8439-e0e4586101a2,-0.01222688902744129,0.7403171530099496,0.3823235210060017
68231,0.5760486496915386,0.7957131017110569,0.5376536153186625
64071,2.3664336077157024,0.9893610617880225,0.9145470134324092
14682,0.4080964880799942,0.49819483887928684,0.3816090311517576
51c2c526-eb18-4ac7-bcdb-a74ba3448548,-0.46840285139815796,0.6202868355351703,0.25185767362103456
50889,0.39756181905857096,0.37994997395456254,0.34074021148899686
6f0365fe-d7f1-42fe-ad98-84c4fb60dd8f,-2.310382057357282,0.013934214924055685,0.007859388396684767
58113,0.2874503706290815,0.31163611623164894,0.29987139182623607
31501,-0.10806514819813262,0.11001621148380293,0.16940554444126896
8425,-0.43331664879830745,0.3145623056320053,0.15604458416690484
593,0.14995567686834788,0.619578709116746,0.37132037725064304
50222,-0.10744577906583819,0.1763229052074548,0.18412403543869676
ca975dd4-1177-416a-8e54-ead074c5d435,-0.2960291094431714,0.22397283632754764,0.1579737067733638
5593,-0.21682839029741108,0.3698078732078485,0.20541583309517003
980403fa-a5de-4032-80eb-f62e09d470e7,0.7966581863608999,0.9941525613250378,0.7888682480708774
72576,-0.36497406762530915,0.7310244821518725,0.31101743355244355
8541,0.04217524367929282,0.8868998665176994,0.46999142612174905
5341,1.0804620956711264,0.5098462562823933,0.5098599599885681
79ecd955-ced7-4225-94dc-170357f031e3,0.16029796538626,0.7791311903288543,0.43919691340382966
8986cbcf-dea0-4d57-b846-04c289d16d0e,1.3698384345889887,0.9798853938012693,0.8093026579022577
30530,-0.10579772480017335,0.7655909077940647,0.37460703058016576
13286,-0.5556148960145655,0.6566538053162251,0.2530008573878251
30341,1.6992181430419795,0.9960400243903091,0.925050014289797
19715,-0.03726076689047719,0.9109296345543123,0.46884824235495853
7adc0cd2-e914-4756-87c9-b0414db79b90,1.4566364766036082,0.9807684312837662,0.8215204344098314
28402,0.20415394215296573,0.9885430497138021,0.6293226636181766
055aecc6-fae5-49cd-8cf4-dd701fa58aed,-0.8683622472974424,0.015179505603934301,0.04629894255501572
36600,0.6334878582090065,0.8897592812605148,0.5996713346670477
61705,0.3278160209896043,0.17486727911020297,0.28000857387825095
4757ec6a-0958-44c6-b0b6-0d6849cd6efd,-0.6172628995923521,0.00868223071493136,0.06544727064875679
57080,1.6904132373668859,0.9930603979789369,0.8963275221491855
16706,0.6126381281196323,0.9549298488817136,0.6491854815661617
62260,-2.654345212557872,0.08284064921479868,0.0215061446127465
38615,1.8749666485730863,0.9948659694390067,0.9283366676193199
46287,0.5810267817018913,0.5808806936777459,0.4481280365818805
2322,-0.30524129187101845,0.3125551565387784,0.17555015718776792
55502,1.3316235689887506,0.9984542114088816,0.9083309517004858
8764,-0.10552262815645175,0.9530698649225015,0.49092597885110034
31464,-0.09996036919474582,0.41616052095158884,0.24106887682194914
728cef39-c236-497e-965d-27380d07f9a1,-0.08131397023714859,0.48131686290787457,0.26800514432695055
58287,-0.11165199514206303,0.6903964694327038,0.33981137467847955
57952,1.4368311952197343,0.9894731070122225,0.846027436410403
2481,1.7674822889854158,0.9974441173096025,0.9470563018005145
8f331f99-12db-4205-b812-5fe6adc47a78,0.8338816450562755,0.9429242434964378,0.6796227493569591
73099,1.594904348953329,0.9964814636793727,0.9191911974849957
875c243d-f4a8-4ef0-92c2-f4ff19c6056b,-0.5329207693263549,0.31574670637103314,0.14282652186338954
c36bd4a0-c882-4f49-9ddc-6ae10f4448b9,2.057683738515884,0.9468916930952351,0.8221634752786511
17497,0.007741513157914104,0.9235669599362202,0.4861388968276651
12653,0.3183332799143772,0.955512295927093,0.5869534152615032
4ae74c8f-0399-4ecf-b4dd-4683e8f887ac,0.8034457402326795,0.9234891249047187,0.6572592169191197
22640,0.5410136183780949,0.35352500092535416,0.3635324378393827
1c9c97ad-d2dc-424d-bec3-7f4c54b71f03,1.3656560248078002,0.9804552690040786,0.8103029436981994
20781,-0.5296706809049658,0.6322381932415172,0.24735638753929695
a94d4eab-d669-4870-af75-784cb10b2e6a,0.6495330600550807,0.2754989715399715,0.3684624178336668
64474,0.07282231955883683,0.9947022627802969,0.6395398685338668
23063,1.5049745502281149,0.9896187522542244,0.8553872535010003
14967,1.008237467403931,0.9809247696331691,0.7677907973706772
9062,-0.8626100934413425,0.28619342282307986,0.10374392683623893
4954b447-cc86-4810-8b6f-c970434c3063,-2.0018237312863674,0.02077932272477869,0.012289225492998
30327,0.8708914319010888,0.9727945606876373,0.7279937124892826
26675,0.7085110725592535,0.9780296898383984,0.7074878536724778
48433,0.6960327318051351,0.9617671766432399,0.6770505858816804
20546,1.2921857290757133,0.9984812469489173,0.9040440125750214
34014,0.20033857983502062,0.37038860663435114,0.2940125750214347
f8984232-e675-4c69-a748-43cc21d486ac,0.7295242117961415,0.7881073788731017,0.56566161760503
65501,1.6250188194063828,0.9977121007713102,0.9360531580451558
41462,-1.3087742721817652,0.09824814791590707,0.04079737067733638
36715,-0.5268654224988987,0.6679847605166868,0.26086024578450984
51343,0.08658275652584946,0.8780191547523812,0.47499285510145756
287e8713-3293-423e-8f58-d4f449175f81,0.9435541276935662,0.9252691904715581,0.6826236067447842
33530,0.5890405683861694,0.7860790390912532,0.5359388396684767
4739,0.737451129133599,0.3929647167472491,0.41647613603886824
74f4ba3f-2b4e-4361-8301-79b91197d022,0.5093195643740553,0.8467271100383033,0.547585024292655
a25c0f0c-ee1a-43d5-8872-da31f4b597c1,0.1514797778181129,0.4467011608639315,0.3064446984852815
7990c8e5-28bf-4292-b1d4-09fab300c311,1.6212678473359663,0.9105783315234836,0.7548585310088597
34846,-0.0858148239040708,0.6177781732946929,0.3188053729637039
47945,-0.1521416128787063,0.5379249756890888,0.2721491854815662
69500,0.3316303968565958,0.9232304362949049,0.557945127179194
37525,0.5290216063264958,0.7723480406206599,0.5154329808516719
99e566ca-bf3d-4bf9-ba5f-6e608d47b10b,-1.2023252461093263,0.020842553317237358,0.02957987996570449
39057,0.9275132774415873,0.9519177076504443,0.7063446699056873
2286f7d4-2a62-4f7a-97ba-382c001e5833,-1.129419240239709,0.005713739938114025,0.025364389825664475
74142,-0.08537864798157502,0.49875178482482757,0.27307802229208344
89398201-1e3a-492c-87f4-6293d16fc454,0.1257405305518987,0.19170055485717022,0.23899685624464131
64820,0.6536729460300399,0.9001052100996118,0.6098885395827379
70689,-0.5275740818092247,0.6870118253595183,0.2682909402686482
11103432-1032-4563-8cb0-caa8f1f1e530,1.0675448477847498,0.6954576876394365,0.5795941697627893
15851,1.2534700845980273,0.9953423351398598,0.8674621320377252
20543c61-0366-46ef-916c-f38eb9b6dad6,-0.11653609063786818,0.10315826405885754,0.1659759931408974
71524,0.5859405099987915,0.7053024720457685,0.49721348956844813
1452d545-8927-44de-aa42-36241a2e55b3,-0.37771898223120326,0.5148718541581824,0.22413546727636469
b0614f98-9549-4863-8aa6-baebb061563c,1.6984603079160683,0.9923079611913223,0.8918262360674478
2580,1.0251882090222688,0.46770179875180623,0.4888539582737925
57244,1.573237330199117,0.9958561510110917,0.9094741354672764
19853,0.054033057976513366,0.9451791021203163,0.5164332666476136
c37b3aac-1fc9-45c1-b7fd-d8e165a564f7,0.9803800145175066,0.9678170749183356,0.7367104887110603
2785,0.4921280004640238,0.9525551112486078,0.6197484995713061
4705,1.6085040286392844,0.9719897709485147,0.8203058016576165
5594,-0.614736124163199,0.640661306176423,0.24149757073449557
33099,2.196282876279647,0.997424164310463,0.975421549014004
73076,0.18655157758070084,0.5835889751414904,0.364818519577022
b64887d4-928e-4615-b683-78e1afb94aa3,2.2393632311266085,0.9922589561476581,0.927479279794227
21740,-0.02910019612321557,0.5676143907056782,0.31101743355244355
c2bbd0ae-7080-4579-9ddc-49c7d9ecce4c,0.3013122846929368,0.5831808052139857,0.3893255215775936
61157,2.020179991898195,0.9974536193458895,0.9675621606173193
61994,-0.152715289416131,0.3740825277363109,0.21806230351529007
66873,0.07309170667949905,0.7042454282059486,0.3853958273792512
57412,-0.22391633003086675,0.8673979749020289,0.40297227779365535
44012,0.48854412137877556,0.7606142120994,0.5008573878250928
43869,1.0740964005965528,0.9900728945938224,0.8070162903686768
8454459e-0ac3-44f6-a6df-ed2622d819c6,-0.5241864222487864,0.1082344614684027,0.09888539582737925
48642,1.7517412396082803,0.9921121667553027,0.8947556444698486
702f0a23-c76e-4756-8dff-6d75e76e096e,-1.5053950429755458,0.031187081827977733,0.021363246641897683
15749,0.7528251449111887,0.9812355875531331,0.7263503858245213
35324,-0.54229217345714,0.857583226373719,0.3473849671334667
68282,0.9529798816452696,0.9769408082004545,0.7486424692769362
33386,-0.9523784657438368,0.4360880037306035,0.13575307230637326
23121,0.06324522385645975,0.8893042337181943,0.4756358959702772
c67e7e6b-71a8-4879-b6ad-8d8e7ab43c2c,-1.3973619661129166,0.7994426536232416,0.26150328665332956
dac6ea7c-5f77-4817-8351-57e67d1e2221,1.6252198965298634,0.9734313784145836,0.8250214346956273
7594,-0.5380008874989248,0.6769683164501297,0.26250357244927125
7485,2.235147874398306,0.9978610439629128,0.9812803658188054
17306,0.6028562001390371,0.7157099982991426,0.5060017147756501
26218,0.3143029769523371,0.49929459524451564,0.3601028865390111
14351,0.6642585173421468,0.42575279839883523,0.4092597885110032
73487,0.22742600796268483,0.6286263102807099,0.3901114604172621
13388,-0.49634838646367685,0.234221324231998,0.12989425550157188
12634,-0.22504893891590838,0.4342244418810507,0.22170620177193484
2726d34a-5a68-4377-a7df-26f13d471bbd,0.7867006341864642,0.8598138202464857,0.6139611317519291
17775,0.5066356554770257,0.8425056797461957,0.5455130037153473
09c90dc4-1de4-47e6-9261-470f6bdf2c08,0.4536031024273755,0.945707260025288,0.6046013146613318
13685,0.7452728106644436,0.9864535513653748,0.7397113460988854
16903,0.45757920699532995,0.5994796579057805,0.4294084024006859
22483,0.5109458666207336,0.9900649230918934,0.7032723635324378
e8cb3981-5f5e-4a51-945d-935fde383c65,-0.13421792135917998,0.7941045036570772,0.3822520720205773
2a117ea9-8958-45bc-ae9c-316d5730ad52,2.6535013786662773,0.9979343634041183,0.9889254072592168
43279,1.0959282817253726,0.9919894158460472,0.8198056587596456
859667dc-859a-4260-81c3-ac57656033b1,-0.6098213425195405,0.5473932456151277,0.2049871391826236
23716,1.0605935811237215,0.9828979648726072,0.7806516147470706
57790,-0.06790397917792679,0.730540402340921,0.36624749928551015
9ca924a1-1d42-469b-ae0c-0824130456ed,-0.5943200671212505,0.023713178418009444,0.07416404687053443
8a2bef9d-2eaa-4582-8870-b1b6ab86476c,0.8232878438466842,0.5866556930415322,0.5008573878250928
47330f5f-89a8-4ea2-9392-40bd56d3f939,0.07389115207823121,0.08554421605041754,0.20405830237210631
7f468e0d-27bd-4876-8053-b1320009f9dc,0.07230902703465703,0.9668928398903212,0.549514146899114
23307,0.5733007190427021,0.6826933608570737,0.4849957130608745
29e74620-9295-487e-a663-354899110c61,-1.0788129836763707,0.6766586400765701,0.21813375250071448
38827,-0.5175783223364379,0.4426420874010892,0.17869391254644185
0d3aa08e-77fa-4880-9e61-b012cbf77173,1.2484114288281853,0.8707291242625347,0.6863389539868534
30591,0.9767349716669881,0.6252093878806572,0.5402257787939411
14213,0.8021036300828674,0.9889404994178083,0.7589311231780509
44344,0.009478565250864823,0.5835972514452824,0.32523578165190054
66902,-0.6499616093248464,0.3982161119158252,0.1496856244641326
44a7246e-e440-46e0-af3c-84e9ebb964be,-0.8153163798207088,0.14097556659755076,0.07723635324378395
27354,-1.5015514812620052,0.28570657997283105,0.07409259788511002
16059,1.2331839337355421,0.9943913585472574,0.8546013146613318
20703,0.6611551820257996,0.9665353000170999,0.6766933409545584
398b95a0-9875-4486-bca0-9d8397a6c98c,0.6974077682147538,0.7463916979054009,0.5392969419834238
38945,0.3362578385311151,0.8132658171352662,0.495070020005716
72563,0.6436950507066784,0.3910733150056673,0.3956844812803658
19214,-0.11704781590706403,0.9689382827075632,0.5115747356387539
2205f3be-ead9-4e5a-b72f-a68e526b0eba,4.133634341256054,0.994825733415313,0.9578450985995999
53360,-0.7533413028732896,0.5174515115284934,0.1786224635610174
335e9f8e-1d53-4fc0-a449-c083009356ff,2.1428369973986507,0.990518591862396,0.9142612174907117
a4162879-adab-4d83-a234-9395c8532729,-0.11772337019004364,0.21228550915242878,0.18976850528722494
31926,1.3926671911298167,0.9810078133437945,0.8151614747070592
ab9897e3-6818-46db-b584-76afa52eee56,1.5615771689379494,0.9808043590008197,0.834095455844527
35147,0.43137306267837,0.7295074299268474,0.47477850814518435
20867,0.23052122862681002,0.5231948774392605,0.34938553872535005
67517,1.3322032643109787,0.9678464902256004,0.7812946556158903
41768,0.024440891520474017,0.7439097260128847,0.3921834809945699
204,-0.6864457343794421,0.05063463585380839,0.0707344955701629
37879,1.9736378978692926,0.9913751739299287,0.9089025435838811
71449,-0.36509392117156814,0.6254594528962185,0.2696484709917119
1984,0.13680413691335674,0.5764273672082455,0.35060017147756506
a1b62599-3e70-4f4b-8a30-32751bfd5d8f,-0.8313739854214921,0.05618618258151221,0.05894541297513575
3683,1.8981321167799152,0.9949093271730102,0.9306944841383252
60755,0.37812100200396054,0.8659707237577773,0.531437553586739
20549,-0.1282362132591286,0.7701747474681485,0.37032009145470135
3f4aec79-3d5f-4120-aa02-4916c3720cf1,0.8249861562137013,0.8879324506614017,0.6365390111460417
39268,-1.3625745835019138,0.6689250660946822,0.20384395541583308
11237,1.0949346902289203,0.8303819579809291,0.6454701343240925
57592,0.3833543811592616,0.3784100763037319,0.3371677622177765
547ea6ca-3095-41cd-ae8f-98d33da1d537,-0.1116526121001038,0.3810319386651555,0.22920834524149758
6f2ac4d5-9480-4d16-93d5-84bc9f6e065f,0.2756709681713719,0.6620917383370224,0.4131180337239211
28503,0.1669110691658643,0.7652446394968784,0.43433838239497
26380,-0.054796164902324085,0.7494900478481392,0.37846527579308376
e958e16f-ff88-4107-84c3-d98c5f48fb4b,-0.8624825381001611,0.03482785499363192,0.05201486138896828
460f2788-e36d-4ae7-9549-e67db4cc4dfc,-0.48051780857581505,0.6083530025416222,0.24464132609316946
60134,1.490593577604153,0.984282835643188,0.8355958845384396
69234,0.10763258347463528,0.9667253058934724,0.5573020863103744
28831,0.46973149049334856,0.9887625020497156,0.68855387253501
70309,2.0096848964665703,0.9959071054617152,0.9491997713632466
39860,0.41037659069514754,0.8361128075172861,0.5224349814232638
21868,0.40641292617075825,0.9358617974014831,0.5858102314947127
65426,0.7346748643079211,0.8674404838451301,0.6078879679908545
16618,0.0038749801805115225,0.32654672627231,0.2408545298656759
7567,0.5887108704522883,0.971888105970964,0.6703343812517862
a2f55637-187e-4786-92f4-6392e69edf8a,-0.5130092175984079,0.5747304785255826,0.22785081451843384
60736,-0.041865265383187134,0.42636832423517657,0.2562875107173478
2feca4ee-6814-47ec-b8e5-4abd8a3bd39d,0.4346291307126995,0.8848661130871809,0.5543012289225493
29266,-0.41377534450635556,0.22123207457582436,0.13889682766504716
4858,0.3736707761354229,0.7969379687731215,0.49564161188911116
27986,0.029889008883684676,0.559939638495052,0.32116318948270933
1496f158-c385-4596-9917-015148b55064,-1.5908696006203116,0.02218523868361485,0.017647899399828523
f73ae3f7-21d1-4eca-a8a3-4dba0d25a7dd,-1.4649407603635334,0.013559069622524835,0.017147756501857674
b4df30d0-b9fe-402f-b39a-5464009e84bf,-0.05982909745168863,0.7226535963270917,0.36446127464989997
40230,1.851346876513395,0.9949613376571907,0.9275507287796514
56532,0.9554976339210892,0.5438389975558694,0.5046441840525864
57153,-0.054485108096166135,0.9514474050368272,0.5006430408688196
761c0948-25eb-45d5-b7ab-205417e57311,-0.9313649621400211,0.13824108181629693,0.06887682194912832
10530,0.660977266650534,0.9752452527462588,0.6917690768791083
6df2e224-1b0e-4c2a-bdce-cc986a46c431,0.04902624436676445,0.23060687879442807,0.23042297799371247
42854,0.6660435512095376,0.4509624769489641,0.4193340954558445
34679,0.8925559282395813,0.19613885345659812,0.40032866533295225
14397,-0.3679460409035683,0.08913998859785016,0.11760503000857386
11325,-0.48391435762865664,0.6490667360196369,0.2591454701343241
55903,0.7110001002925346,0.935405119892998,0.6486138896827665
56453,1.6742703584446468,0.9956773417002757,0.919405544441269
4796e9ee-c76a-44ec-ac76-b5a8a61a5871,-0.13566299556074335,0.1265818123197406,0.16726207487853673
63430,0.7890418903785252,0.6070199817387104,0.5022149185481566
18540,1.4887329455634228,0.9929931263518267,0.8733209488425264
46303,0.49251463771588566,0.5279123594821746,0.40797370677336386
73382,0.6948499897020658,0.4298268980446733,0.4169048299514147
1d469646-e851-42a0-8429-7772a27d0f65,0.39434434957387043,0.567993002089757,0.40411546156044587
42248,0.39081673177743376,0.7203015850320982,0.46227493569591316
35057,1.208882985753824,0.989723512262317,0.8217347813661047
60001,0.6626322121301543,0.9595678289114912,0.6664761360388682
a980957c-ff97-4c9a-b217-eacfd1dc31ac,-0.2572645900644531,0.7855299148463655,0.3553158045155759
5ca27e6a-0cea-4d19-acbe-1316380abe21,-0.8220280164366898,0.1411789786790759,0.07687910831666189
47784,-0.1526270715661392,0.3159580258825077,0.20513003715347242
5904,1.3209081878823976,0.9907835628602328,0.8400257216347529
24581,1.2986244848800377,0.9926662712400878,0.849171191769077
50608,-0.8473714023708858,0.07579014036174128,0.06073163761074593
2e8cc04c-225b-4b23-a34b-d2a76d3238bc,1.0571076692489119,0.2694750674722204,0.4392683623892541
26926,1.3189013879734195,0.9978413596226507,0.9022577879394112
68155,0.6580119039707873,0.8709765396183764,0.5935981709059731
24983,-0.2609407340786406,0.9546899826524046,0.46248928265218636
58418,0.2517276692624567,0.453301481791695,0.3295941697627894
71931,0.46701462278155303,0.9407645890411284,0.6016719062589311
73238,-0.5806731533310716,0.20033169287399663,0.11353243783938269
a9e367f0-554d-4444-9a1b-81c9353a9e64,1.2351381753838901,0.957866882821328,0.7553586739068305
26369,0.6592866631883976,0.8991433004772362,0.6107459274078308
43750,-0.5959806119655369,0.7191594579751774,0.2737925121463275
32164,0.0992983193590527,0.6139349501084769,0.3569591311803373
29143,-0.30582446708292277,0.35461026399340073,0.18469562732209205
29911,2.3294992239023893,0.9967780329256768,0.9723492426407545
a485f988-7ad0-452a-a79c-5ccdb6fbe88f,1.5943430387169242,0.9496070492934022,0.7860102886539011
16302,0.9197945929326334,0.8153704469230197,0.614818519577022
34287,0.5471881653300965,0.8219803345345809,0.5430837382109174
35224,1.356919360738589,0.9971063144178115,0.8982566447556445
61147,0.5035946041938124,0.9833596241126323,0.6781223206630466
3a51ca02-7dd3-4bbb-80bc-da520acc6860,0.6609644260795143,0.8299802447913687,0.571091740497285
ee3aa135-dff2-4a26-96cb-881f00bd175d,-0.06460264898749946,0.5970592779512797,0.3144469848528151
bbfa3109-0116-4670-a966-1ea78dc1c7fc,-0.583324729483524,0.16385397652476102,0.10431551871963418
57230,0.04905901313498501,0.4457588893661869,0.28343812517862244
f13db70a-6eee-425c-bf3b-758bbb975eac,-0.7654487396842129,0.25069966677607525,0.10381537582166334
68813,0.320952610719221,0.713645968608258,0.4445555873106602
7466,0.21554586732454878,0.7671925100991215,0.444698485281509
63049,0.13537116921781733,0.5325683550760756,0.33252357816519007
a6adff3b-7ae0-481f-a0e3-01b710262a2a,0.6724957343411417,0.8910047417544423,0.6087453558159475
40980,1.6382416336969432,0.9883637576843856,0.8655330094312661
10180,0.9387162296909064,0.9513163147281829,0.707344955701629
1b089ee0-c690-4ad2-bc3d-56d8ae307c4f,-1.0364454314367002,0.02676260237698857,0.03829665618748214
8f4973d5-3ae5-4f26-a381-ca3aaa36f199,1.4087440408305414,0.988682902775388,0.839882823663904
19694,1.995066520502869,0.9952308459669628,0.9414832809374107
33e180ee-22de-4f5b-9838-3c03a67696ad,1.0497053995907732,0.956624684644429,0.7302086310374393
27183,-0.13242403377392742,0.3850334917957722,0.2252072020577308
60313,0.8162361220423069,0.9729557320500953,0.7182766504715633
12837,-0.05132165876550454,0.8910514079614342,0.4523435267219205
55505,2.010710378519539,0.9945243961472059,0.9346241783366676
71856,0.9778943240086526,0.5302781454474021,0.5025007144898542
35820,-1.3261948935077874,0.003570217367312967,0.016218919691340383
9003e48e-3fe5-46b8-a517-e8ce39f99e54,0.7941676459641852,0.690075996402646,0.534581308945413
52841,0.6551822337122198,0.9313919337105032,0.6341811946270363
2279,0.3227113741934534,0.4391656053512461,0.3413118033723921
12b5abbe-cd2d-414e-a4d2-2701c373990b,0.4474212838025301,0.9713084534328602,0.6393255215775936
65057,-0.1750583416966095,0.5135868471600451,0.2590025721634753
20605,0.18561943767215766,0.9814512144670688,0.6046727636467562
36a13c23-f00c-4e5c-8521-489691c60cdf,-0.7633883289523731,0.2857113437873119,0.1107459274078308
39767,1.404342299975644,0.9493019050964991,0.7629322663618177
3bf8002c-7390-4cf2-aa8b-7d49ce5917a0,-0.754176686711088,0.007362160396570957,0.05001428979708488
31309,0.12544442427020192,0.938560420977,0.5258645327236353
40625,-0.5871133448683281,0.5593463264546867,0.2132037725064304
74214,1.4923153360449735,0.996401928658464,0.9064732780794513
2080,1.3372935731276088,0.9943459078517155,0.8661760503000857
2609,-0.424076854189415,0.5471598209500332,0.2284224064018291
7933,1.6415890692608073,0.9970765157043108,0.9309802800800229
7531,-0.03347430090686576,0.7917011305381744,0.4031151757645041
ef40f889-2f71-4fd8-a155-4c2a70e0d2d8,0.08044539478899648,0.2166544339700045,0.23442412117747927
36632,1.1988054290793198,0.9691778680020019,0.7673621034581308
a7e30e15-c419-4eee-a844-00fab1cfa10d,0.3240001316412729,0.9670707240732331,0.6057444984281223
58648,0.42561301434883453,0.6699694013102687,0.44891397542154904
49706,1.517061279089604,0.9777686750880872,0.820734495570163
44783,2.279937332313696,0.995602504639098,0.9585595884538439
22807,0.7954900456749809,0.4470531753880261,0.44369819948556727
17056,-0.13562638912899838,0.7895537082216735,0.37889396970563016
e67ab8e2-928a-4fbc-810f-3ac67f25354a,0.7612654247538522,0.9979060912324325,0.8229494141183196
871f42ad-1fb7-405c-adb8-02d5df05c714,1.8778973814054114,0.9955227547698199,0.9353386681909117
6b6c01ac-faac-4303-af3d-81635617ce65,-0.020402127931871405,0.3059881758766349,0.23106601886253214
52323,0.0327517834590727,0.9356425348149707,0.5027150614461275
156,-0.05512874069900675,0.8475678892487667,0.42626464704201206
71805,0.4627092758588862,0.3326126059464195,0.3425978851100314
12544,1.594521922340572,0.9956676469008431,0.9104029722777937
63699,-0.35429845635493906,0.31213240550686794,0.16797656473278078
30698,0.7447709209676794,0.9299008144209773,0.6514004001143183
8329c453-9b7b-4bcd-813e-a9325c68209f,0.9588979482439628,0.9566944735261509,0.7165618748213776
e3a0a1f1-3511-4575-a9da-b35f1ac81802,1.6196865408909815,0.92364751462165,0.7637182052014861
68079,0.3764851474217963,0.8963053658946026,0.5482995141468991
56554,0.7247908302068276,0.9031734192343313,0.6262503572449272
18570,-0.07057872419118927,0.854682184858804,0.42647899399828526
29456,-0.08808403525182007,0.43775606542836604,0.2507859388396685
33332,-0.08171229299723926,0.4036985551020814,0.24206916261789085
66149,0.1528810526463758,0.5651153399619109,0.3506716204629894
66071,-1.0105226792944404,0.5911635101369683,0.18926836238925407
abb2b571-8893-4451-814d-2a361fbaa1be,-0.7238052414572012,0.1665599069319776,0.09009717062017719
31981,1.2070672762465757,0.9223781470661307,0.715418691054587
39287,1.7453307148157566,0.994251503890745,0.910117176336096
70809,-0.28603135476311903,0.08998946043335132,0.1300371534724207
63613,0.9056759783871927,0.9641643820712181,0.7209917119176907
7021acd8-c752-4b6e-bc29-b1b80660022a,1.775648942989808,0.927671268425582,0.7828665332952272
72457,0.13398598292158354,0.8768330266850999,0.48435267219205486
5185,-0.18738261446867865,0.5079758829269443,0.25457273506716205
63622,-0.9705551003511275,0.45692413894399697,0.14196913403829667
53769,-1.2640819266187582,0.04227757609970673,0.03265218633895399
69797,-0.3214272165369666,0.4732851221500465,0.21791940554444128
29463,-0.20791663728484977,0.8774406758690204,0.41233209488425265
23079,-0.49865231573006874,0.8515781318455614,0.3488139468419548
15206,1.4912750023388601,0.9970490710004649,0.9131180337239211
3304,-0.35750081208453,0.31811773389283965,0.1691197484995713
36162,0.618811234470858,0.7050957530197782,0.50421549014004
70425,-0.22336102513311729,0.11846440623243726,0.14897113460988853
a4a2b42f-967c-4d64-8cb6-c149cdd3a43e,1.621929040689728,0.9124574028115943,0.756144612746499
6893,1.1244017035813574,0.9810161977450929,0.7832952272077736
28edfbf5-6ea5-4798-9a52-5811f035eff6,0.8277226825769565,0.9698412967056368,0.7149185481566163
59214,0.49619938261622815,0.8927224063756712,0.5712346384681337
47079,1.0318400819567481,0.9820059970212527,0.7741497570734495
63969,0.42321420129016124,0.44645866634330456,0.3655330094312661
6c9e6344-4863-4652-af7a-efd439b62d36,-0.5654803521187275,0.010004910712076452,0.07159188339525578
34869,0.30660706822548545,0.48089367167501457,0.3521006001714776
45693,2.7578089048418892,0.9828559674233319,0.8985424406973421
31126,0.06005482993646305,0.8394074198765532,0.44662760788796796
1ac51cc5-f3ff-4022-9655-b1b20a3116a6,1.9185377407465118,0.9927792343299027,0.9136896256073164
22184,1.1930478159122018,0.9094664921441116,0.7042012003429552
a069bab7-64e0-4464-8474-0f6066a918ca,0.573282223738205,0.9017554126937527,0.5932409259788511
12148,-0.11391624325186589,0.28168124957306956,0.20448699628465278
53490,-0.5440655857129979,0.04840186322116202,0.08588168048013718
67065,1.962835812183089,0.9916039031430051,0.9091883395255788
d8e41501-c1ae-41d1-8444-ecb1c9d0324c,3.829671772079367,0.9773915396986399,0.8856101743355245
65819,2.0917917287922325,0.99497934526432,0.9446270362960846
dd99701d-c603-4384-8199-24981e70641f,0.10677849349317864,0.8361586064262766,0.45527293512432127
27681,0.7547690929400629,0.9298893450778023,0.6534009717062017
69013,0.27178421954216014,0.39887022529715954,0.31780508716776223
55961,0.05468866625857943,0.4745785549435653,0.29458416690482997
42329,-0.7160715340189594,0.3455179174250497,0.12982280651614747
43468,1.0559442883449757,0.9712083833796978,0.7539296941983424
72529,0.008320145289144765,0.5732472407448812,0.32030580165761646
20841,0.094610964049399,0.5480934980775085,0.3293798228065161
27deb2ed-71b1-470d-a808-9c0b4caf1e44,0.2580319012208083,0.6633832570727335,0.4087596456130323
2531dd4f-ef99-4c8d-b227-7688cc156ecd,2.986970615210529,0.9975568128724751,0.9868533866819091
26523,0.10169109010548677,0.8775360415241372,0.4774935695913118
46949,-1.443420163195142,0.30610652917714093,0.08080880251500429
54800,4.802601807765347,0.8065485990193351,0.7512146327522149
40358,2.01835642297858,0.9947574983288041,0.9375535867390683
33700,0.5483557246058977,0.7087753895666112,0.4908545298656759
1343125e-c352-456b-b46b-20b85d715f90,0.17793531092472747,0.10329989448487896,0.23120891683338096
45231,0.9753620298665836,0.933359144078652,0.6941268933981137
55366,-0.8551051302336721,0.6300753123918325,0.21577593598170908
95188d46-dc93-49ce-b976-328322b47991,2.600455473488122,0.9922169633204871,0.9334809945698771
38858,-0.13011616354326971,0.46604741594442817,0.2510002857959417
70493,0.7419344925564504,0.3744153673169331,0.4119034009717062
69845,0.7839036904032723,0.5991997206157739,0.49807087739354106
c7601eda-f4b1-4ca5-8b1c-6f6ee558a1cb,-1.9927223032571637,0.007082235945252853,0.0062160617319234075
61188,-0.4818321032438494,0.2752229543617235,0.13896827665047157
22415,-0.07926576383669692,0.7903270751678569,0.3926121749071163
49840,-1.6406606739781406,0.055946904791197995,0.024864246927693626
1914,-0.20369091310233645,0.1673789377491157,0.1629036867676479
41937,0.47193507184238054,0.6182927101431386,0.44005430122892253
20917,2.518462475064571,0.9879551050906729,0.9119034009717062
42060,0.6713673844057971,0.9298746378365416,0.6358245212917977
72532,-0.34371386824687,0.4442461735962714,0.20427264932837952
55135,0.24794132923161416,0.9778880519049459,0.6076021720491569
69596332-c842-42a7-a2b5-0db3ad7d072a,0.6241621116577317,0.9144861358479341,0.6142469276936267
4947,1.4954000794605005,0.9961371023133855,0.9037582166333238
70267,1.154144537349779,0.9959768294765261,0.8615318662474993
d0db2990-cf93-409e-8317-2b314a7c0fee,2.6652982179897204,0.898048517083891,0.7970134324092597
32363,0.7313169596252715,0.85526733558113,0.5994569877107745
67510,-0.7664611065296474,0.7276409499948281,0.2600743069448414
a188b78a-f2fa-4596-ab75-d0a1efd23a88,2.752044591048545,0.9961033130125115,0.9693483852529294
35371,0.26872796404198884,0.6276559118451445,0.39911403258073735
41583,1.6749209133048935,0.9941808613019141,0.9030437267790797
13965,-0.4740314661664895,0.6689191599274833,0.2675764504144041
70408,0.736247074494218,0.9743743272866926,0.7059874249785654
072b2f70-5e60-4d9b-a08f-781054a9865b,0.4374867321811845,0.5346009818989358,0.3994712775078594
29703,0.520391116290395,0.6455259905534066,0.46027436410402967
94fcd9eb-e81f-4ea2-969f-a9e892002c40,1.2136711859530456,0.6663680041759182,0.5861674764218349
d5af5dae-376b-43b2-a214-8ae4358bcb54,-0.1789126783018159,0.813739684893324,0.38296656187482137
42530,-0.3392552460882876,0.5924316309389733,0.260002857959417
53467,1.0322569549374243,0.9642382212884937,0.7398542440697342
68601,1.191759976293775,0.980034712631568,0.7882252072020577
10023,0.5698279528831711,0.5712675461789577,0.44191197484995715
71460,-0.3257891339144333,0.8076542698841137,0.35395827379251216
148daa5c-22a4-4bff-92ce-2dca0d48f95c,0.21160700460560256,0.8251127202886087,0.471206058873964
70769,0.20611899227904207,0.7097046451264348,0.4171906258931123
43a69157-06b1-4d01-bca4-c5c5a661330f,-0.7856723201180666,0.13671331804784934,0.07845098599599885
5aac3df7-c680-494f-9eac-e99a4d960a48,2.017121883896637,0.9878318195728734,0.8959702772220635
16936,1.1196140144454596,0.9817869464001502,0.784081166047442
28709,-0.22999765834827546,0.6142016448794025,0.2879394112603601
6d0a57c6-1837-4c6e-9dfe-b50443158a9d,-1.252583833816724,0.1299466335193134,0.05051443269505573
58152,0.22069269041566975,0.88087149794522,0.5047870820234353
40985,1.2696924010733368,0.9498682622767508,0.7486424692769362
11824,0.5595165429723633,0.8564117546633545,0.5641611889111174
6329,1.0926164023352154,0.7591939306595447,0.6108888253786796
5e7b3266-fe6d-4d8c-9cfc-acfcb5feaa6d,0.25120404028624466,0.16313494728733258,0.2589311231780509
13,0.15208798567915788,0.6770629757349262,0.3920405830237211
50167,0.8376153760259584,0.9771280029694739,0.7302800800228637
30284,1.93082741653974,0.9965884504854815,0.9510574449842812
5394,1.695374885231215,0.9953506354758952,0.917833666761932
24233,1.2833441739528464,0.8573601608820609,0.6837667905115747
ea56496b-acdc-49db-a6a0-f211f04c8935,0.38803496719013225,0.6405956123427113,0.43076593312374967
758,0.6555475030143889,0.9307226655184132,0.6333952557873679
22228,0.14883599320291319,0.7635501790211062,0.4293369534152615
6094,2.1851727387093476,0.9966900428854272,0.966990568733924
3749,0.40078489576320064,0.945280879667003,0.5933123749642755
22547,0.6865496189136342,0.5554125493584152,0.4610603029436982
68065,1.6931522639584429,0.9964191183845257,0.9290511574735638
14523,0.9667341209838785,0.989103849986086,0.7862246356101743
66888,0.5857751580521968,0.45051143083862843,0.40147184909974276
8f715ff4-c1b2-4bd5-bf5b-c3a3f4bde7a7,0.44358095738828607,0.4634358686671644,0.3758931123178051
17111,1.5895929350101037,0.99703456857198,0.9244069734209774
48337,0.2846637798592887,0.9632416940660847,0.5912403543869678
60052f45-0153-479c-bece-41d5b341a66e,1.965931623170752,0.9888782163753682,0.8961846241783367
1430,-0.5505958927857766,0.8277513212085695,0.3293798228065161
30794,-0.07827833006008755,0.7079523221040284,0.35488711060302947
55858,1.38651100298407,0.9976889589094804,0.9084738496713347
e22c6e86-eb21-4942-bda9-42f7ff5098f0,-1.5592105291112974,0.10066824376185772,0.03393826807659331
35547,1.7860755570843445,0.994417018471238,0.9153329522720777
13620,-0.98696828258628,0.9024818263428743,0.33416690482995137
16061ebb-9475-4296-9aaa-1ba20d0e1412,0.42652417598330106,0.8629583475465823,0.5397256358959703
11443,1.4458330232806829,0.9749475802087426,0.8064446984852816
36822,-1.222949762936649,0.22626721133466984,0.07194912832237782
34327,2.02525019029673,0.9912117304279476,0.9124035438696771
61092,0.09938572045045196,0.649456338411354,0.3699628465275793
27995,-1.1878879139915968,0.3928087850167008,0.11174621320377251
64313,-0.5637453605838509,0.7805378245964566,0.3060874535581595
24299,0.011754839550102092,0.5455002427535653,0.3095884538439554
6245,0.26195547164918775,0.9429463452285566,0.5589454129751358
14279,-0.04008821474885016,0.34996943943495123,0.23706773363818234
06bc0ca9-9f0f-49b4-8618-dee6321e4190,0.3767497274815482,0.8347208165878044,0.5132895112889397
2711f391-7f9d-489d-a87d-52e4d85eba30,-0.21701125265809396,0.12385350410335119,0.1517576450414404
62365,0.28132801129959684,0.583743540312566,0.3858245212917977
26312,1.5249870490067845,0.6301416882247135,0.6093169476993427
28849,0.31659591035184065,0.5266480158875777,0.3702486424692769
35376,2.5003050824806063,0.9952293211652425,0.9583452414975707
51858,1.7327133030777007,0.9886655897634377,0.8757502143469563
da2b5a7e-ebba-4721-8a4c-a1c9c54f182d,-0.07953978021987496,0.6489845278790632,0.3311660474421263
34102724-55e9-4472-a5c9-cc2bf4578bbe,-0.42532755923392873,0.03997103643974115,0.09981423263789654
2918,-0.331632149880268,0.9094643648777658,0.4095455844527008
20b37a66-8708-4a87-8a7f-6b95e025b132,-2.188785260403206,0.005816494916866909,0.003929694198342383
11246,-0.11252133686887178,0.542760536624056,0.28243783938268074
11249,1.3819844206873237,0.9967953899990791,0.8983280937410689
57835,-2.2329330088282004,0.034753377547441594,0.014075450128608174
22081,0.1201272485009574,0.6857590309354742,0.3878965418691055
30348,1.7688374496574248,0.9973545853071736,0.9460560160045728
49844,-0.24625991784175205,0.7039388380813248,0.31859102600743067
73395,-0.31771042790808646,0.4337296472133122,0.20441554729922834
2b9411bc-a6cc-4eaa-b2be-9548cd7ed457,0.5828104304554138,0.9634879046698008,0.6556873392397828
84ac6c95-89f8-43ab-9a0d-98306fc90ba1,0.5487007997855768,0.6654398516345877,0.47270648756787653
85cab904-40ad-48e0-82b7-199c60841e2e,-0.11457949139804902,0.4136013913718807,0.23713918262360673
ec8c4de6-b461-4a1b-99d2-6f205d050e29,0.7466402802916852,0.9716381754166351,0.7037725064304087
64312,0.5809601687878425,0.8555131849673835,0.5681623320948843
40350,-0.1452396135116487,0.7012964166117429,0.3361674764218348
30706,0.5144302613191511,0.8683879233371915,0.5618033723921121
5125,0.46056631779074786,0.7547796500653666,0.49278365247213485
69401,0.31865505661310684,0.7399696104805231,0.4554158330951701
70221,0.7939416417679419,0.9766681683284978,0.7214204058302373
65c20bd5-ce07-4d9f-9e9a-1469abd06b6a,1.3138947344739167,0.7750721613576111,0.645184338382395
62856,-1.7307995555693625,0.008387381833944208,0.009859959988568163
58899,1.4252115933604843,0.656680086371181,0.6066018862532152
e5967367-9276-4e05-98c9-f1e2bf255779,1.5485702446284997,0.9826522991526834,0.8371677622177764
45446,1.8631094337955778,0.9682517201251484,0.837596456130323
71639,0.6743572712409723,0.9884483519535563,0.7305658759645612
73689,1.753914342414793,0.9864493549212137,0.870248642469277
58039,0.4229422475798444,0.5091045805852512,0.38668190911689054
25259,-0.09557698528876646,0.8119601267225864,0.3996141754787082
f3c8e7d2-82e8-432e-849b-68ae7c4ce176,0.8479851937440768,0.672178478204342,0.5366533295227208
45744,1.6524484667625488,0.9793535505638126,0.8404544155472993
40993,1.0476286744464536,0.9787374998938606,0.7669334095455844
55814,1.0461653402608313,0.9713776583749703,0.752643612460703
8988fe53-793e-4f2a-8c02-41dc25ebcd1d,-0.5709254102785783,0.4293800090242291,0.16654758502429268
c271d44b-a77a-49f6-a6b3-9b3292faae07,-0.39796562708708416,0.3712569987243778,0.17454987139182626
9ff4c701-ae31-4e3d-a099-f67dc30bbe3f,1.6320951478902244,0.8345325771154993,0.7107030580165762
9cec83b2-a395-4507-a472-9a966d1ba17d,-1.166642874668381,0.12123687773049036,0.051586167476421835
bfc17652-066e-4069-970a-13050d4312e5,0.5522593873950115,0.24270381459179663,0.34181194627036293
62618,0.9718743920032118,0.9894441167764764,0.7883681051729066
22134,-0.39455774608372884,0.6308430098907641,0.26621891969134037
59725,-0.004607756021648313,0.7573454362584672,0.39154044012575023
23bafa00-759a-4c4d-9847-961eea33c1ac,1.7285109702437604,0.9871191743474429,0.8694627036296085
1116,0.24565155322163715,0.6388999579757099,0.397827950843098
28150,0.9778537320433488,0.5621967009521783,0.5160045727350672
780af83a-2897-4c46-ba17-73fc6c50e11f,-0.4330193105481701,0.16946704899380102,0.12439268362389254
69219,0.24520808136760916,0.896568253691488,0.5190054301228922
17612,-0.2280988668961733,0.1883130861702046,0.16347527865104317
9fcef5e5-a901-48b3-8936-74d3c418cd42,-0.9440164657055754,0.15215992982582383,0.07080594455558731
35625,0.7514652741817305,0.9937167127246747,0.7771506144612746
30607,-0.023783684688394313,0.5491248388052202,0.3040868819662761
65314,0.34056983790385253,0.9249879777866697,0.5615890254358389
73280,0.9941805609569726,0.9965197079598935,0.8467419262646471
10304,1.2698702166839149,0.9046821375859492,0.710131466133181
46536,0.2900006779436418,0.8209366758763679,0.4874249785653044
23616,0.7369830393508683,0.8874874146519572,0.6203915404401257
58574,-0.04497523661315239,0.2992650628532893,0.22427836524721348
32377,-0.5405964527508607,0.7601606501979291,0.29851386110317235
24564,1.4694287432900106,0.9968925092569584,0.9093312374964275
45e557a1-39fe-4703-b4b9-7d252d29ec91,1.1761117805697472,0.8755578688433777,0.6816233209488425
13063,-0.32394509298392316,0.9800712233136406,0.4950700200057159
57411,-0.8727006958211028,0.045710674371884044,0.05422977993712489
74558,0.10641742574274116,0.5760733257003726,0.34366961989139755
74729,-0.4121510209827359,0.4757921272759679,0.2049871391826236
19327,-1.1567739291931638,0.19383252194783507,0.06830523006573307
03180a55-4296-4d98-9259-7b2ce89cd88f,1.1925561040385555,0.8940898903895673,0.6929837096313233
dac382dc-cc30-4260-83d5-ffdcc2f7e8ae,-0.5039911591406181,0.682522842578978,0.2694341240354387
ed06202f-c059-4f1e-a56b-170ac42da548,1.3779972964157214,0.8579108785958431,0.6948413832523579
485,-0.6441782668445457,0.7800490425088298,0.29658473849671335
3ec5955e-7dc8-4b9f-b4d0-757d4c9241a4,-0.4723481719887027,0.7504255598620244,0.30265790225778794
56511,-0.5657673928835993,0.5814934394549451,0.22327807945127176
20140,-0.9930943329378528,0.16801665479652553,0.06959131180337239
29843,-0.06873272424820798,0.8877782612429214,0.4464847099171192
13740,1.7894157111208027,0.9928236825133379,0.9030437267790797
16472,0.21922096710405614,0.7808126821295878,0.45220062875107175
51351,0.3170410859657474,0.9069505898374802,0.543369534152615
66983,0.12873531328972776,0.7980205063258671,0.44234066876250355
30552,0.8395386642157734,0.7174617963761287,0.5533723921120319
38154,0.08643299834966928,0.8463952813985871,0.4558445270077165
0551c0be-2b08-405a-ace0-2e85c8d249bc,-0.7962900684569323,0.12852268841342354,0.07530723063732495
39334,-0.9903249451566647,0.9343152135233403,0.35888825378679623
20136,-0.6512661014507333,0.17295072675061818,0.09802800800228637
812c25ba-7c2d-4047-b294-7d2c0d358b10,1.5502841262623726,0.9905091712799503,0.8646756216061733
00689ad1-d398-44ab-8048-92065f5d6498,0.6310438700889548,0.9788902019191066,0.693126607602172
30605,1.216015412813001,0.9942466595005033,0.8508859674192626
18188,-0.4084272089424389,0.6210376338064995,0.2612174907116319
44058,0.7958535254480901,0.08183806929194667,0.35788796799085454
40793,-1.2070238871291585,0.33825142651765666,0.09681337525007144
3211,-0.5862424263612114,0.3288562568648686,0.13982566447556444
3874,0.26609200372642283,0.9333341189367325,0.5520148613889683
32664,1.2525324935870175,0.9962223080268761,0.8768219491283225
27496,1.6776272256340623,0.994439501704079,0.9058302372106316
029b97e3-abe1-462a-92f3-a79204f2942e,1.039341552823735,0.8021993367414446,0.6264647042012004
48838,0.16808388528749812,0.5076219986838216,0.3309517004858531
9c3754cb-8c20-4891-9e2b-95adad7f1355,-0.4287785974582884,0.20711218251799104,0.13375250071448985
3840396c-6223-43e6-a5f3-b873f32beb48,-0.474956579705739,0.7477840510525889,0.30094312660760214
10573,2.030098374508408,0.9978348639829027,0.9725635895970277
18302,0.3839192364088599,0.4766631526822578,0.36817662189196915
dd89c487-c4c9-42e1-8118-3ed398250664,-0.27614482788320427,0.37455477810967,0.19541297513575306
7788,0.9971467044841302,0.8002616361859453,0.619034009717062
27347,0.039853216114929146,0.8562028740087918,0.45120034295513
37909,0.1569639946370464,0.8905806831367764,0.49728493855387257
806,0.7555186511418843,0.9955373314941786,0.7962274935695913
59290,2.1047106036561263,0.998667594368655,0.982423549585596
1283,0.1298830406031387,0.7259308603655402,0.4077593598170906
30743,0.41977629534326444,0.4268070187464451,0.3573878250928837
36530,0.16988997025171376,0.4305408775117336,0.3040868819662761
12976,-0.5700094147704842,0.5700000849318122,0.21870534438410977
51586,0.272292586225396,0.8996696424340405,0.5277936553300943
70412,0.2812428645993764,0.8602240850199969,0.5068591026007431
c7c019fc-f3c9-48e7-8d01-a8c363bca092,1.1409553365631109,0.9128347404395454,0.700843098028008
35635,-1.5968749744909345,0.008053192431510222,0.01178908259502715
7825,0.9957532192716718,0.991529638533707,0.8032294941411833
22160,0.16432437360649427,0.8357325240630092,0.4678479565590169
56809,1.2575140903491662,0.9906531223282999,0.832166333238068
12589,0.7716081842373557,0.8506471870054116,0.6058873963989712
4215b8ae-2ffb-45e7-99ca-c83dc271b1c3,-1.3767176087270192,0.16865127508336603,0.05337239211203201
9b075b8a-958b-4cf3-91ea-09fbd239edbb,-0.5438703587062934,0.4258224853126998,0.16861960560160044
17752,1.0314599400298614,0.9874943928045448,0.7901543298085167
15048,-0.8540264444428036,0.16780963576020413,0.0799514146899114
54435,1.1509700708943065,0.8068804303002363,0.6428265218633895
36027,-0.02549990929408663,0.35343225308240483,0.2406401829094027
f0a12c4b-0093-4769-947d-a01438e82204,0.6484515337292336,0.6346097290880397,0.4832809374106888
b3099a5f-3d77-4019-ae26-698f05b7745d,1.3171525291447286,0.9796927550297287,0.802657902257788
0f39d365-3fdd-4132-adc7-d97da92f47e7,-0.6171358070296666,0.1914222311981971,0.10681623320948842
bfc4a806-4e56-4dca-8976-7a0bc508dbf0,0.3418950229087245,0.9444726969916254,0.5791654758502429
43067,2.0810194350301323,0.9933344219571283,0.9286224635610174
37761,-0.10399133064080135,0.23889551186152921,0.1988425264361246
12864,1.0125557574901305,0.9157422565019043,0.6859817090597313
3363051c-1e0f-43ac-b0fa-54af129a42d8,0.5531718329728637,0.9645932069279074,0.6509002572163476
59368,1.268226820931989,0.9956355927652137,0.8724635610174336
52905,0.47390521594784557,0.9767073377337684,0.6542583595312947
87253399-1c03-4d4b-a28d-9d6f0180b3e2,0.9709473203506765,0.9363396054545995,0.6961989139754216
db99a9de-a891-486a-9ce8-bba481b677ff,0.3800350330333837,0.6039832917261768,0.4149757073449557
44028,-0.6910287765744076,0.6155966985804036,0.22420691626178907
c363eea7-ceb9-495f-92e8-fb58b591827d,-0.9615172350284733,0.09927129071768423,0.056873392397827946
65184,0.28040924891337726,0.4874191908280355,0.3488139468419548
22792,0.9741559506592148,0.9628798171716547,0.7282795084309803
5967,-0.07329604014772118,0.5039049444133253,0.27650757359245504
42887,-0.7389380684770173,0.6805424940052754,0.24249785653043726
31081,-0.8766665801880134,0.36324471964005756,0.12124892826521863
9a59073d-a10e-4218-8dd6-c33ad7cd0771,2.115462393286083,0.996557668047127,0.9630608745355815
29e3e32a-802f-468f-a048-cd74199c437c,0.9785263887135445,0.9896388812135231,0.790725921691912
14264,0.2668266569339788,0.775945931762676,0.460488711060303
1a970b21-82c8-4e22-9111-25d525802d0e,0.5089902885771401,0.9795633244027947,0.6688339525578737
28899,1.7674412738057574,0.9119907882605349,0.7705773078022292
5535,-0.25286420424651035,0.6907838966759101,0.31273220920262934
3443,-0.5329495061688376,0.21737487077372875,0.12146327522149186
27587,0.03346313477234514,0.3691355038427874,0.25743069448413836
2a2c332a-33c1-42e1-9d29-d4303053f457,1.3782154234926267,0.9846338439454105,0.8235924549871392
63737,2.267846668656655,0.998238352159814,0.9858531008859674
47078,0.2689959530731535,0.45195994186796856,0.3338096599028294
21659,0.7341300833246367,0.7034864355470124,0.5270077164904259
39004,-0.0712163804323499,0.5804409350888589,0.3065161474707059
29d59b19-2281-4187-a44e-0b227a0a9122,-0.05830259376031133,0.3938339915274409,0.2447127750785939
870ef205-0513-451d-9f2b-34e38bd20b18,0.42710980242998187,0.7806894810226682,0.49835667333523864
74437,0.7373157536531867,0.9896985526049484,0.7497142040583024
27841,-1.4052961968463757,0.0914822066501998,0.03543869677050586
2140,0.8076649529495599,0.9357150543321461,0.6681909116890541
3e03497b-c1b7-49e0-a5c2-0578c223bbd4,0.6431831319582069,0.7797696384769559,0.5435124321234639
8032,-0.021351958132546756,0.9634459502089032,0.5243641040297228
49655,0.6832071942279391,0.9960383795124752,0.7858673906830523
38412,1.7546222100379014,0.9843603144928296,0.864104029722778
9852,0.8211235426205212,0.7818244281542899,0.5801657616461846
69058,0.7736639447054788,0.7517857511635927,0.5580880251500429
7319,0.5395927595621692,0.9514279831871434,0.6286081737639326
5629c984-96ec-463d-984d-a596994c73dc,-1.0926691476718742,0.04036425231832157,0.03929694198342384
8701,0.36434984558451233,0.9054269909861568,0.5523006573306659
23233,0.7974641333893855,0.9125906580547793,0.6488282366390397
73130,1.2500709008392397,0.993724198569301,0.8506716204629894
36141,0.27433993782033816,0.7628163004341766,0.45634466990568734
7066,-0.5397033427472337,0.7553291891165543,0.2963703915404401
11150e23-85bd-4c56-9616-74cf3b157ba2,2.267552232270752,0.9723348198010164,0.8678908259502716
110c3c20-78af-4cda-a4c5-c491dfe15922,0.2639566556635293,0.4969845764183565,0.3480994569877108
36320,-0.22122246679244295,0.4530701630992,0.22963703915404401
5901,0.8267910720495095,0.9489127316198565,0.6845527293512432
61713,1.6264509553793203,0.7485936265610147,0.6691197484995713
3993,-0.3664198793684973,0.37951551074169304,0.1826950557302086
36504,0.49238568386601234,0.6356540358556916,0.45005715918833955
2fbf707c-3873-496d-af10-6c86708a7445,-0.032185523860449594,0.5931866430609412,0.32030580165761646
32327,1.2432821321175629,0.528540665186038,0.5366533295227208
44718,2.41223634701365,0.9948822135885382,0.9529865675907402
17283,-1.413075075234025,0.1296485871977898,0.04436981994855673
72201,0.0629302264808494,0.4915498345840818,0.3025150042869391
13409,1.8508880800283325,0.8778365836058419,0.7562160617319234
09c2e861-b5c5-489f-ab1b-6c39da08f944,0.6332982696748441,0.6640003211110201,0.4906401829094027
48217,0.4778742696516963,0.896323534591298,0.5697342097742213
25912,-0.41315281635515655,0.7950597794384667,0.3336667619319806
175f64ee-719a-4ff7-bde5-55aa4b83a1f7,0.414162119127977,0.7470380652371413,0.48006573306659045
42556,-0.3992812890636549,0.6833457593433563,0.2850100028579594
17238,-0.7093856544598636,0.2546924835820719,0.10995998856816233
40132,0.5417191525969933,0.9802446297420196,0.6774792797942268
58712,-0.16538252689476662,0.2008343292171652,0.17847956559016862
588e4952-61db-4145-8e02-4f369d8e7d80,-0.04768373456406938,0.4058302355122979,0.250357244927122
945323c7-e341-4424-9873-cfceca830821,-0.1618118320715718,0.7061229465154393,0.3358102314947128
23266,0.7354548500429909,0.7668540559509534,0.5570162903686767
23556,0.015473293211722472,0.5487841387161699,0.3122320663046585
eb858399-dbfb-4da2-b9ed-0c8eec24f3dc,0.873192874596453,0.7105426865742731,0.55723063732495
16924,0.6348902255650796,0.5377514574563558,0.44305515861674766
46338,0.731669538856784,0.9145790905901385,0.636396113175193
66173,0.5721981254751021,0.9749218112069818,0.6719777079165477
5840,-0.7905540863834957,0.6895557113626727,0.24206916261789085
4563,-0.038750144665156416,0.30468074002857004,0.22706487567876535
64027,-0.8216358522209657,0.39798476806169153,0.13410974564161188
49708,1.1628958255469333,0.5922523414372609,0.5525864532723636
20297,1.4540298560669256,0.9934338656185455,0.8718919691340383
64900,-0.6310106502429682,0.9146350952765805,0.37232066304658473
2221,-0.08913145818972945,0.6882994985049242,0.34409831380394396
51795,-0.11036296221217412,0.2880841953438594,0.20641611889111172
500253a1-2838-46b4-bca8-32d1223347a8,-0.6047574763884966,0.9395195171523938,0.3964704201200343
30163e39-ba74-4a06-8a42-39f33f640f5d,0.9686732872893546,0.7930329879147767,0.6104601314661332
61001,0.786589594436061,0.7828400752784342,0.5752357816519005
10624,1.0180012586281315,0.9899707976677762,0.7988711060302944
41419,0.04477139270217678,0.5658559747642918,0.3268076593312375
df2efebf-437d-4bc6-b154-d67b90ba9575,0.26266627903148176,0.8039141617305511,0.4739211203200915
6415,-1.3137506877008316,0.1096152559661057,0.04329808516719062
73631,0.6928680876723868,0.7903833919080984,0.5597313518148042
34731,-0.593371667096739,0.0823597403310289,0.08545298656759073
25112,1.4412125115701384,0.9713900380881297,0.7995855958845384
e11c3489-bd66-4ef5-81a0-9c93c01d0fc8,-0.7179082259695926,0.5112943339227869,0.17997999428408115
42874,1.4154444495383172,0.9833134553328337,0.8235210060017149
50384,-0.2772696173327879,0.5827586328804569,0.2669334095455844
47457,-0.2605288929760573,0.6283115949710085,0.28743926836238926
3181,0.0034261317514799328,0.968247097645501,0.53615318662475
23416,0.03616977118982995,0.9308521683612923,0.49949985710202915
81019cf9-3b6b-47dd-9789-b1555b0d4211,1.9346550333014365,0.9471538365586074,0.813375250071449
35218,0.04876465654851514,0.377308097843749,0.26293226636181766
4d9c611a-997d-4c99-b233-e00c131e7baa,-0.7108629211100199,0.22650716005532728,0.10438696770505859
69079,1.6586354446829377,0.9949826892542647,0.9106173192340669
54790,0.9162869977385502,0.945009667911089,0.6963418119462703
4051,-0.16199999222904493,0.8469454977146342,0.40225778793941125
17389,-0.056134202377833065,0.9801238632434643,0.5480851671906259
25859,-0.3364679842188135,0.225514338553942,0.15190054301228922
62426,-0.5146679876869467,0.7046469680010964,0.27736496141754785
3229,1.4463773007794558,0.9138443736382686,0.7367819376964847
65919,1.0276721317553696,0.9684415621122064,0.7452843669619891
54519,0.5439134072846361,0.8697224204618541,0.5680194341240354
75,-0.0287518911644562,0.9568219361629406,0.5124321234638468
69724,-0.4548335334944431,0.6285532671291719,0.2563589597027722
58e7ce73-db22-4628-8e4f-5ce96125d3ac,1.8348661899981968,0.9943214548113676,0.9186910545870248
0ba64ac8-9ac8-4d18-8186-045018294269,0.7525617095141199,0.7065908982843752,0.5335810231494713
58394,0.4361563491751437,0.7444307539429951,0.48263789654186906
16272,0.7647626783345765,0.9818160556166009,0.7292083452414976
61776,0.07078103132842539,0.780325123656534,0.41976278936839095
35102,-0.2357518672190233,0.43431890119134253,0.21977707916547584
0832359f-19c5-4bc3-a50c-8b88f74abfef,0.06062766709719797,0.9616798275809301,0.539154044012575
7816,0.24881810993125672,0.4170626637749603,0.3166619034009717
39067,-1.4631144133198664,0.2932408779026402,0.07666476136038868
33845,1.5668866887544457,0.9922721540108432,0.8770362960845957
232c7dcb-9cb8-4702-826a-57fa1e3fc66c,-2.325282282824144,0.04178907686414832,0.01579022577879394
6436,-0.13620291339271506,0.5547952805420336,0.28143755358673905
30338,0.046705324976699825,0.607176001312525,0.3430265790225779
31705,-0.34394957367694257,0.6407735558962969,0.2780794512717919
5867,-0.49336147349057824,0.3299755820763941,0.15082880823092312
27784,1.3189904943002242,0.9054551325296871,0.7167047727922263
58857,0.38337272482530615,0.43408956189596337,0.35245784509859956
29278,0.6221930633773145,0.979563857202475,0.6935553015147184
17445,0.43635912595933246,0.582781095936584,0.4186196056016005
20553,1.3542909611041551,0.6892011352906738,0.6113889682766505
74058,1.168427551430895,0.5636144147281003,0.5420834524149757
00459ab0-a7b4-4d6d-ad13-e29ecff31e12,0.5019016934332923,0.4448251732978962,0.38103743926836237
7790,0.6556444871270454,0.897474393287498,0.608673906830523
17252,2.154616455220644,0.99307166651811,0.9306230351529008
1609,1.4011602750186405,0.9926450344578258,0.859531294655616
24276,-0.49794927175916714,0.5516696321937792,0.21999142612174907
c3b64ef1-be43-4766-8479-a7fd64c4df4d,-2.253773544670743,0.039523360568581814,0.015218633895398686
34210,1.1345955772930525,0.9959595162730182,0.8588882537867962
66824,0.22112928902735968,0.9553168655733061,0.5648756787653615
48692,2.0070837745108454,0.9973583359789568,0.9652043440983138
60521,0.852063849665003,0.445752951200337,0.4532723635324379
43261,0.4829118543182052,0.8444227135113346,0.5405830237210631
10176,0.721242837830439,0.8834186119403731,0.6137467847956559
36906,0.07084103577193912,0.3817094570517689,0.2690768791083167
52949,0.274200690467149,0.9339977052367213,0.5544441268933982
3451,0.0008454388131312052,0.943596831467497,0.5023578165190055
8859,-0.8604008086795312,0.12710360544090873,0.07116318948270935
5396,0.1741724817603511,0.845424311537561,0.47506430408688194
c2a33660-a7b3-483f-b8cd-d2b00af926c6,0.9583334783965103,0.9958283461310841,0.833738210917405
10780,0.20803987811729818,0.8992658315740076,0.5129322663618177
23932,0.457423174216381,0.9033356212876037,0.5700200057159188
79718ee0-2794-44cc-ad4e-9e360253ccbf,-0.18503343350412005,0.46291594601134084,0.2406401829094027
70237,0.9732852492659936,0.978778671481785,0.7558588168048014
23490,0.9969407929175683,0.8798115483311435,0.6600457273506716
31545,0.37285014335040484,0.47353161082833306,0.36424692769362677
55324,-1.8357120136347256,0.03930060075099859,0.017862246356101744
62783,-0.9293041848143224,0.7847962578110037,0.2762932266361818
60499,-0.30071911153614883,0.8473967627553196,0.37660760217204914
40931,1.6596411146651253,0.9951597821689779,0.9122606458988283
20640,1.3182578760647505,0.9893747662309121,0.8325950271506144
9b14a80e-2843-49a7-9254-4a413914b971,1.657090175015641,0.9992656052846531,0.948913975421549
34a9c189-e378-4275-a662-2f70760ee13d,-1.159628197790664,0.7925145148838452,0.26686196056016004
d5329676-31e4-450a-9df1-3902becbdfb0,1.448067527145016,0.9842316798738943,0.8300943126607603
25869,0.12851180273136487,0.1973508663097046,0.24121177479279796
5dd26970-2f4e-4280-a98b-941592f9d391,0.467540758095382,0.8656214325005105,0.5498713918262361
284908e9-1ed1-485e-af9c-254762bd5442,1.148099936611879,0.2841798860794786,0.45384395541583306
569d39d1-f4f5-4673-9630-12a2af512692,0.7024439166962526,0.9567683646902528,0.6706201771934839
38975,1.1100534765853842,0.9966486047970534,0.863603886824807
8d0a5f39-a121-4fd4-92d4-fe91cd951d6f,-1.275661293413439,0.38327524759774595,0.10567304944269791
48970,1.0533818137175883,0.9656204249748959,0.7440697342097742
65963,1.5238562028559184,0.98959318033889,0.8567447842240641
30142,1.335624098939054,0.9956147672192831,0.8798942555015719
255,0.31438137679381306,0.7595313985918372,0.4630608745355816
13593,-0.5918361345735055,0.14565985738754167,0.10031437553586739
58807,-0.25843836032536405,0.4362948318038131,0.2163475278651043
12298,0.5932845401097981,0.43592762378072936,0.3982566447556445
76f53dbf-e1f1-4faa-889f-9f963c56cb24,-0.05904829193714067,0.8644329077176182,0.43476707630751643
57878,1.1219538586064315,0.4169259690102699,0.48313803943983996
54598,0.5972067325182332,0.945027169161313,0.6344669905687339
23783,-0.6417286064601675,0.6870746862153785,0.25550157187767936
f86022a4-a2c4-4ebb-80b1-f83cea65258e,1.099030603500516,0.7709770643888075,0.6173192340668763
79a2721a-8268-4471-a6c6-5ae32a40ef5b,0.5665366037744141,0.8239408430316558,0.5479422692197771
44204,-1.097235673288362,0.3810701092899792,0.11246070305801657
10333,0.8804785962246375,0.9440484532408395,0.6889111174621321
4460,0.1572322809281279,0.7504093560699268,0.4249071163189483
12806,0.7775198773616658,0.7205220348505706,0.5442269219777078
176739e4-1b40-41e0-abf1-090d1fdb8829,0.5483121590117392,0.9359054880398634,0.6147470705915976
34950,1.6227312856856027,0.9972838496659595,0.930480137182052
36235,-0.22249418761227335,0.25841830741280203,0.17855101457559303
3402,0.1956775399461716,0.5850184009122187,0.36724778508145184
45667,1.3778256304580392,0.9798245531309799,0.8100171477565019
49825,1.341614423742851,0.9839758558645046,0.8171620462989426
6200,-0.7137684827178048,0.4249658951080799,0.1504001143183767
68670,0.5121863077416934,0.9637038560832762,0.6412546441840525
36012,0.5464617290763335,0.7732041863536278,0.5190768791083167
37286,1.0011383718846187,0.9876243199487651,0.7862246356101743
39458,0.5246270120322969,0.9929857605313699,0.7237782223492426
17291,0.7324742525294252,0.9158968039523953,0.6378965418691054
12805,-0.2423027434913957,0.5052115161048412,0.24292655044298372
10657,0.14219994459552565,0.31270604715456946,0.2688625321520434
d99ae1e8-1936-4c97-95b0-1840f39a412c,0.8602474332530143,0.8646956289720037,0.6293941126036011
14917,0.2374869424081026,0.34046257668155333,0.294941411831952
71915,1.4264011322494412,0.9929748633239955,0.8651043155187197
52791,0.7703333496882748,0.8667388117304838,0.6151043155187197
49271,-0.38552217344210227,0.7569414675560963,0.3188768219491283
3120,0.20290236344481555,0.5315273456271226,0.3463132323521006
fa2fcced-3bed-4290-9460-99da804b5f8a,-0.461786888644515,0.33491422503127244,0.15668762503572448
67988,-0.0804126860306068,0.7737159001248333,0.38360960274364103
a705d801-fa7f-40c0-b905-c07633e3c1b3,2.5259280421306745,0.9841981991787947,0.9001857673621034
27711,0.4474667904596808,0.9442531028630679,0.6013146613318091
46884,-0.12087459648779719,0.8957134992347432,0.4377679336953415
39462,1.0344563578476975,0.9733953828036308,0.7549299799942841
68595,0.22843908435961818,0.3326909658094791,0.2912975135753072
51407,1.2726448043670435,0.9941860556146269,0.8568876821949127
55751,0.27655682409758375,0.9609606716963556,0.5858102314947128
11025,0.8349065849306437,0.9630306280100274,0.706130322949414
70574,-0.5319726409367067,0.7374462052839993,0.2889396970563018
55385,-0.4035613016350329,0.7017461334698716,0.2910117176336096
30873,1.2645281227325076,0.99356568377947,0.8510288653901115
7257,1.4740606002062628,0.9783754319530253,0.8173049442697913
56883,0.062474096612555374,0.9371939285280401,0.5112174907116319
06d461ca-b28c-4863-bec9-b3293a9ea460,1.903228422592557,0.9556745598659451,0.8220205773078022
38920,0.7236775467298509,0.4450139443974335,0.42812232066304656
74026,0.001364172416331022,0.2582095577414361,0.22413546727636466
48223,-0.10589277112715767,0.8025072549734636,0.3933981137467848
10938,-0.7356929807720787,0.2211284663050418,0.10088596741926265
49155,0.4693686233647211,0.3629493647354619,0.35088596741926265
a6ca49bf-6a07-463e-9e6e-c93dac587c96,0.7668792685729716,0.8624703528772514,0.6111031723349529
30949,1.1896854899975466,0.9934234669460128,0.840597313518148
0e6c2133-fcbd-4388-bb19-d512bc95fe5d,5.557676263401645,0.8813790681658491,0.7905115747356388
4c0818a5-16ac-4bd9-aa0c-6cb63a70aff8,1.5952133430730906,0.9942501315055776,0.8953272363532438
54144,1.5386759483953223,0.9940616806091042,0.8866819091168905
a05c2fab-6563-40cb-a640-342bc51bd8d7,-0.9203728915172438,0.2828173356826143,0.09924264075450129
8f93010b-e816-4885-ae2c-3694a3997ab7,-1.0881095644311318,0.3092564780998451,0.09567019148328094
55462,0.9439824689040985,0.9693469875381582,0.734567019148328
68535,-0.11603533095703067,0.4768373162529776,0.2582166333238068
31430,0.39422042838823584,0.6510873731768659,0.4353386681909117
50565,0.17497015744358985,0.20670533964241142,0.25357244927122036
63143,0.43461718715334813,0.9490183443111085,0.6038153758216633
14725,1.7538388985001652,0.9963504918719657,0.9336953415261503
a9c729ab-6a8d-4af5-acfb-cc7ffa86cc4a,2.288033263153789,0.9852476121968611,0.8995427264932838
26072,0.41987558485073856,0.7834848751016033,0.49864246927693623
8d4e539d-adea-4ea6-8a5b-1fa710d51c89,0.14032047146652438,0.5643805670348905,0.3472420691626179
43789,2.0167340822580133,0.8693842295851073,0.7632180623035153
34976,-0.27588588050926455,0.38785837999801653,0.19955701629036868
51913,0.4497399847778022,0.6669744912297529,0.4532723635324378
69940,0.4352233799106933,0.9118560183263325,0.5718776793369534
b7af9988-15ad-4769-9758-f8a2b086a1bd,-0.3305572361576642,0.48734513628124776,0.22170620177193484
48931,-0.23225894663449054,0.9714220647235426,0.49371248928265216
53824,-0.21505580286582826,0.1853661990464599,0.16576164618462416
43978,0.037331217035384,0.21428374975256453,0.22427836524721348
990a7e94-2961-4465-84f8-d8870d63b27f,-0.37489902706474654,0.1919670773193156,0.1394684195484424
4857,0.00918409139617865,0.9856272201466494,0.5770220062875108
15202,0.12758531640724685,0.44206652165057075,0.2990854529865676
73914,0.6632877852133997,0.9921961483972382,0.7475707344955702
2938008b-f10f-4b80-b31e-427e66fd518f,-0.47161436307783033,0.4075270450383704,0.17326378965418693
39273,0.4915062483333484,0.9402381222157511,0.6063160903115176
c1bacefb-99ca-4ca1-a9de-8fcf1894d387,1.1639421388050242,0.9403024949397297,0.725778793941126
8a4586f5-6b4e-4f27-af7e-d7226bdb46d5,0.598048964517762,0.9292802606262839,0.6201771934838525
d1869af6-cb51-435d-bd31-b7a01cb43373,-1.232826214533613,0.030982244951328834,0.030723063732494997
06e2d400-0ac8-4323-9c28-7dfc95ab7102,0.5427443412826995,0.7723953631637335,0.5177907973706773
31310,0.4815581720122952,0.87380757626708,0.5577307802229208
20384,1.6380184030452556,0.9977284481689663,0.9380537296370391
50122,0.24547401267002558,0.6147498078963812,0.38896827665047157
66438,1.6603107838066131,0.9965550843536813,0.9276221777650757
a44ae10b-9815-4626-8d70-49d92a42c6c4,-0.46293040149537,0.23317808983195962,0.13439554158330952
49544a1e-f4e8-4f54-b7fc-3b47c6319198,0.81848747920796,0.7382745367504242,0.5583738210917405
30944,0.6129777229678304,0.8818711577479658,0.5910260074306946
4935,1.139925914935645,0.9839941113433688,0.7934409831380395
1b9f6082-9c69-4873-8fcc-9b2bc239cdb8,1.5317473237208825,0.9946802741097747,0.891683338096599
6ba6f504-8342-4564-9b7a-ca67f3a29f84,-1.9934267461718578,0.0033078482502322095,0.003715347242069163
21632,0.8154716333867575,0.8531341271057618,0.6138896827665047
70650,-0.4498370247062041,0.2913435982685376,0.1476850528722492
51145,1.2035638136112838,0.564822417777657,0.546870534438411
b872cfcc-e315-4fb0-a5e6-e3f607ad1324,0.8187315622612621,0.5113984323938429,0.46899114032580735
47812,-0.024253949334892777,0.45887319405377613,0.27186338953986855
7963,1.5461536691842406,0.9962508899123661,0.9109031151757645
0b4b7a72-0e40-4369-9831-26d04a055107,-0.10425861070032694,0.1295089507459355,0.17555015718776792
48600,1.5575629010104475,0.9921994673644904,0.8756787653615319
52476,0.13471707899222352,0.7267663805661335,0.40904544155472994
380,0.6604915930458679,0.9295183028009596,0.6331094598456701
61ed2365-4897-4bc7-8947-340fecc53828,2.164136643980326,0.809454541063693,0.7402114889968563
70e3d1c7-57bd-4231-9264-04e9d0d66daa,0.40257312156749064,0.8125420751950808,0.5092883681051729
5fee99d4-ec26-4f23-ab52-783e58abddfd,1.2315562704197176,0.9700353712573725,0.7736496141754787
10296,0.503264350142514,0.43902862967317763,0.379394112603601
0c0212b1-569a-43d6-b3b8-4ce7f6b64f13,-1.7373317502185859,0.0876547433760407,0.02800800228636753
38dc55d0-adbe-46b3-8cd1-973619796ba4,0.503131384467457,0.7054672106678196,0.4794941411831952
27129,-0.7470551433758739,0.9262866204138434,0.36896256073163763
16211,0.5697480771335289,0.9045568839850384,0.5947413546727636
56166,1.2498224697812979,0.9976887236462347,0.8923978279508431
36848,-0.24582601689503603,0.3612059298384987,0.19805658759645614
32284,0.7677343086511892,0.9536990452553564,0.6799085452986567
5638,-0.4596264890812699,0.2882021043600636,0.14561303229494144
33979,0.2476797482555661,0.9649360506421824,0.5846670477279223
25640,0.941120942191419,0.994776241155843,0.8203772506430409
19271,-0.07744630086511317,0.9216874618599309,0.46777650757359246
71165,1.7381957583834486,0.996270566943045,0.9314804229779937
6529,1.0395063384822798,0.9172095399890973,0.6911260360102887
51615,0.779911053660229,0.8358763736338026,0.5999571306087454
4093,-0.0381845199029861,0.8544357654555041,0.4332666476136039
d3efadb4-255e-4aaa-a862-35aa540cc67c,0.6526684309564579,0.577315879263093,0.46198913975421546
82224565-f62f-47e4-995a-ca30f6021a4a,0.8271766328127144,0.7774220355912455,0.5786653329522721
52275,-1.2192650969870382,0.13214168087819245,0.05244355530151472
2511,1.6367200376985642,0.9784490778772669,0.8363103743926836
36612,1.8234909334121097,0.9974782507362271,0.9524864246927693
87241c67-027a-404f-b047-3a672ff28c9b,-1.2103064325148445,0.10355065718447007,0.04579879965704487
526adaf3-f3cb-42e2-8a06-30e5b2236022,0.5869453767655464,0.7523630287508211,0.5185052872249214
771d8476-a546-4da1-bdb4-7ac520f8bb20,1.523119921914279,0.9761450694088533,0.817590740211489
6408,-0.1379116330712703,0.34598261392725305,0.21377536438982567
68843,0.9072465695376803,0.8962941979877614,0.6562589311231781
4369,-0.2663735706858871,0.07264291506218042,0.13160903115175765
9bf76748-f68e-49bd-93d7-0d6963939cee,1.0177789035631695,0.8355374787909113,0.6385395827379252
39852,1.2171901244297358,0.9974142997404077,0.8854672763646756
47781,0.9985112962206998,0.9512018070498923,0.7151328951128895
34891,2.082399593275087,0.9973087439474343,0.9690625893112318
62330,-0.15422206883617307,0.10021879674959672,0.15733066590454414
4414,0.4797182888749775,0.553999518597232,0.41590454415547295
1a0d26ac-0c55-45f1-9e20-6d15441233d9,-0.04560686930394697,0.552806806347499,0.3015147184909974
53442,0.043072658985335244,0.8453279635405728,0.4457702200628751
36233,0.7731585304957824,0.9731835871356015,0.7118462417833666
10834,0.872512212700646,0.7478763364769444,0.5732352100600171
8f8138eb-d31e-41eb-a0c3-d8d1419e12e8,2.8988961961832427,0.9959126997466619,0.9680623035152901
22518,2.110870628532117,0.9980592776744854,0.9787796513289511
17839,0.5461490811580877,0.24641649971101473,0.34095455844527006
2069,0.3387780954029369,0.5146056175591794,0.3718205201486139
57487,0.32730499360247445,0.8574074643641839,0.5159331237496427
320a54d6-a957-4838-964e-7558d6d08666,0.5854132727849778,0.35364959291340015,0.3733209488425264
24104,1.4754393841222067,0.9978238185965641,0.9197627893683911
2134,-0.06947397900698071,0.5886896137698736,0.31116033152329237
3206,-0.003785086330738152,0.8464925768729326,0.4353386681909117
71985,0.1526905479061098,0.8647671354190822,0.48156616176050304
56870,0.05862693118244944,0.6203145413506492,0.35088596741926265
48562,1.0549294358097268,0.5804300844960036,0.5341526150328666
29279,0.5893342557428114,0.9451445755261905,0.6326807659331237
72772,-1.031976249664804,0.09439759881120344,0.051228922549299796
16760,0.5049206215939313,0.9157254389322519,0.5893826807659331
70351,0.4143395708080709,0.9479222517464739,0.5990282937982281
35855,0.22845396734822976,0.33030127173803014,0.2906544727064876
3e73aa3e-55c6-47d1-8b2a-cf480cc90c49,1.301695249319553,0.9986976913097563,0.9070448699628466
46041,0.32197081866561866,0.991399641703259,0.6703343812517862
49634,1.4995156098998015,0.9952544995018209,0.8953272363532438
2f771ee7-3285-40e3-bdac-a197f8255f93,-0.4980883716992216,0.9104756192393334,0.3852529294084024
62067,1.2110482139125522,0.8315355178637681,0.6608316661903402
33f693b3-89a2-4dd0-a3cd-6e824f763077,0.6610086170348065,0.35811725987788795,0.3906116033152329
59575,0.6378609131548619,0.9362104329714983,0.634824235495856
73330,-2.186017993261089,0.024200117481234035,0.012003429551300373
31933,0.18617806862469644,0.9432643830690551,0.5435124321234638
52439,-0.09073010260544556,0.8349265173249264,0.41118891111746214
5555,0.4734685366500787,0.4615131789845635,0.380965990282938
54896,1.3900934482266443,0.984578515888428,0.8245212917976564
38682,0.68647898800349,0.8933796292081698,0.6126036010288654
63123,1.8651346798885753,0.9952043135903468,0.9311946270362961
43486,0.5737595424429165,0.9893669146849278,0.712775078593884
d49145cc-3e3d-4db2-adc4-c6c88b1e4333,0.6995937773760124,0.5369790342353858,0.4562732209202629
7655,0.806856195316992,0.9663922324266956,0.7054872820805944
4002,0.4007200984354414,0.9563589051126719,0.6066018862532152
4b43d7eb-5d63-4969-9674-8baedfa72934,0.6020262119920265,0.4840787023921013,0.4169048299514147
b20a79af-4d73-4c10-8128-1660a59b6634,4.356612606063097,0.969994622517413,0.8721063160903115
40573,0.5379397611261008,0.5516838801969646,0.42733638182337813
4587,0.4961710003505129,0.4749756358439174,0.3906116033152329
33595,-1.7426844058974,0.17951908247726364,0.048085167190625895
69439,-0.3852276841013913,0.8818049098886528,0.3836810517290654
26073,0.14036197471917866,0.1689031900771354,0.23706773363818234
11374,0.37629886719544803,0.9164992534675661,0.5625893112317806
08a550aa-e02a-4187-9a6f-ca020334cd79,-0.6462701064692782,0.06763106910313801,0.0768076593312375
14209,-0.847261894698454,0.27100842100491,0.10138611031723349
2650,0.2482397408048209,0.3699283504560328,0.303729637039154
35770,-0.699117913669711,0.27313164760586045,0.11431837667905115
960c2c66-1772-48ce-add6-4c064550ac5f,0.31497487104920996,0.5570411335969108,0.3821091740497285
58898,1.1007731540078747,0.9905855932773308,0.8123035152900828
29412,-2.0810776617385756,0.010365438727894463,0.007430694484138325
4be28131-06f6-4633-b2f2-6d78bf609844,0.8961489994010655,0.988142282928949,0.7722206344669906
19262,0.09571871833117723,0.7077553706077495,0.3919691340382967
36550,0.93418669343594,0.9922235472322076,0.7990140040011432
34505,-0.7945116123782947,0.10248869053155119,0.06930551586167476
62883,0.3863165744288761,0.7135445625872439,0.45884538439554157
54d7539d-48b2-44b3-a3a7-73b8db4ae95c,1.2920689182128822,0.9067612023858096,0.7144184052586453
2581e15c-6d76-4a6e-b4b1-e6e8745c338c,-0.6360132358551307,0.031051903191550097,0.0706630465847385
376043e9-0676-476b-bc2a-956208c9ffd6,-0.5136244476044478,0.13459837884439257,0.10717347813661046
fb1bb4c3-87e4-4d5b-85f6-0ff4645f6945,-0.6651455250762777,0.8262955341611188,0.3163761074592741
23975,-0.0548436462181362,0.3525042009952807,0.23470991711917694
727d7ac4-c5ae-46be-978b-c3bebf2970f0,1.001747553154754,0.9945409042993086,0.826378965418691
50196,0.7341498196031371,0.9524475838183256,0.6711917690768792
58688,1.1839258897148397,0.9905600754849971,0.8218776793369534
52273,0.8723937200827097,0.8470756578709571,0.6213918262360675
46954,-0.053507860900382065,0.9130592111088773,0.4671334667047728
59899,0.06754549824793271,0.5625097907771697,0.3300943126607602
35060,-1.194173244983812,0.3271183634745837,0.09545584452700771
51481,-0.1958297096335554,0.5361119982499752,0.26371820520148614
56126,0.6324360925282224,0.6379019824097064,0.4817090597313518
21086,0.9858294944566012,0.8908256772285813,0.6647613603886824
36113,-0.2676678011531982,0.8420023826082498,0.38082309231208916
27241,0.9000284366228504,0.9881855213457301,0.7728636753358102
11586,0.2836609295765087,0.8870457449159858,0.5229351243212346
31399,-0.23589068574211347,0.12574880624225876,0.1484709917119177
61139,1.847107940405176,0.992435490302455,0.905544441268934
40719,-0.2459563286277917,0.9263644454641309,0.436981994855673
67744,0.6218153093438515,0.9535880531259334,0.6492569305515862
28873,0.12272136230868175,0.5338926820999553,0.3303801086024578
34980,0.07617613042051785,0.8110740181214842,0.4366961989139754
28045,0.2917345118471757,0.9490410985063437,0.5730208631037439
45785,-0.412856881022555,0.9148735124853618,0.4005430122892255
a8a29392-d21d-45b8-b49d-7dc8342d1566,-0.30416029509206643,0.2389720424226139,0.1596884824235496
51515,1.0580357340235813,0.9874380774263589,0.7937267790797371
71185,2.278703709378159,0.9846707628429358,0.8973992569305516
6621,-0.17310924493736135,0.8973824981431658,0.42983709631323236
37549,0.16012567774404046,0.9144269729849255,0.5140754501286082
67945,-0.40095777439302105,0.8480920131761199,0.3615318662474993
98286b96-dcdc-4c87-9743-52b9a75c5694,1.5510103756841143,0.9608590419307418,0.795655901686196
5fdcaee1-35c5-450c-b830-df1c1662fa16,-0.06857719780183835,0.7134679086009751,0.35910260074306943
12683,1.6349015603854324,0.9903317164079358,0.8737496427550728
74598,-0.9881347348501721,0.23458124206416975,0.08473849671334667
4f425fc7-38b8-408f-92b4-496de90c0b43,0.9613469077457772,0.994067976051436,0.8155187196341811
3dae9c31-c40d-454f-b046-41abd2b1b74c,-0.6739395352529751,0.2034721072987033,0.10338668190911689
28860,0.7500270866418528,0.2638147063862414,0.38768219491283223
31729,0.011993405196410178,0.37919798559180884,0.25514432695055733
67001,-0.6328550488918747,0.33488838113144836,0.1353958273792512
19312,0.6183792630718699,0.8574468337359274,0.5778079451271791
16495,0.8470869871771552,0.7410013285441375,0.5653043726779079
70912,-0.12507859031632906,0.632685623954896,0.31408973992569306
63176,0.6468791162511187,0.7303354934365303,0.5207916547585024
1b950a26-1812-48da-9f6c-ee90ec057fc8,1.5742551271538987,0.9902149950643688,0.8665332952272078
70367,1.5269348332743666,0.9987438474260151,0.9326950557302087
39875,0.02577182378049664,0.5310826591734806,0.3075164332666476
17440,-0.26928543470314326,0.6699921501728032,0.3013003715347242
18120,0.09644023213405717,0.8055715682381736,0.43883966847670763
17782,1.9043282004745095,0.9972004231788547,0.9564161188911118
9286cfef-6d38-43d4-9dad-9e18526dd98b,-0.23877099447129957,0.3634291545098562,0.1997713632466419
73093,1.0185679771993896,0.7214519766157395,0.5842383538153758
99b1ab8a-93b2-4e08-866a-b5b210825b94,0.33196108371908195,0.4763875687538178,0.35695913118033723
71646,-1.3654695648402924,0.37773705451547834,0.10052872249214061
af92da58-2d37-4415-8927-1cbe335a9b40,-0.8598198229042986,0.05072299551744605,0.0563732494998571
1034,1.226500762702659,0.9848180490841624,0.8066590454415548
35193,-0.539678442415758,0.7497764274702616,0.29386967705058586
99f18dc2-a9a7-42a0-8ec4-b42956711e62,0.38157754595883614,0.9862399320272999,0.6615461560445841
55389,-0.012173736576688743,0.8252231829260432,0.4225492997999428
8676,-0.3465555319149244,0.36880352642987013,0.1813375250071449
39498,-0.2582080843942157,0.31910402662941384,0.18626750500142897
7a856fdd-e58b-4bff-9ed8-9a65427b018a,1.2168130631313048,0.9724749627015856,0.7759359817090598
77516460-8578-427b-a5d5-776575b12b99,-0.09931403365923819,0.14548584433306067,0.180480137182052
68429,1.0380168472164255,0.888658806993366,0.6713346670477279
feb99a07-65de-4ea9-82cf-70d65c599914,-0.32664280608541996,0.359791729883733,0.18262360674478423
19240,1.1009697416557356,0.8792600873056946,0.6745498713918263
28983,0.21623032706784068,0.694134817375989,0.4121177479279794
39092,1.576249842943148,0.9873092377513639,0.8547442126321807
30430,-0.3805874492836613,0.3559123536187313,0.17347813661046013
69417,-0.28158036092872507,0.5626033243207992,0.2581451843383824
aba5e238-442d-4eff-8585-d85f3145e9a1,0.4984518064988654,0.7935682948938477,0.519648470991712
0578bc17-517c-4213-a6e0-b7feef462cc0,-0.05429142723900415,0.7294861122964749,0.36939125464418404
73911,0.6876765043979571,0.9845763211390332,0.7214204058302371
ad982a0d-4b85-4844-8846-28e5c413b39b,0.09713753592514707,0.7307173271180014,0.4019719919977136
19145,0.6447452948793746,0.6400963387058116,0.4849957130608745
26506,1.7018613535373743,0.9927384355360671,0.8949699914261218
15010,0.8237116966213021,0.978119489374122,0.7299942840811661
47055,0.9409994381194393,0.6969932706480305,0.5623035152900828
3b7ee7e0-b9ed-4207-9b09-f5c52f110ca8,-1.7298252600073203,0.11623683100268688,0.0348671048871106
63718,0.5335087191566676,0.991848556913587,0.7174907116318948
66198,0.7197726103588147,0.8620688681875368,0.600242926550443
575e33e0-40db-4103-9929-4e5c03db715e,0.6305216728410017,0.9622075608016932,0.6634038296656187
65189,0.7314541256980227,0.7316377757283802,0.5388682480708774
3061,0.39836508376182245,0.9301061208467993,0.5783080880251501
55023,-1.1811743595000037,0.4125667520033766,0.11724778508145184
70922,0.9960336229495096,0.9353391178752192,0.6986281794798515
58957,0.5774321395605795,0.32425074297140327,0.36510431551871964
3257296f-3026-4cab-9f2e-67f368a5d116,1.0694061789093103,0.6795617486956834,0.5735210060017147
45933,1.6351161951269428,0.9956589982279203,0.9150471563303801
2213,1.5521830600563462,0.9972337600094409,0.9227636467562161
17653,1.141182613666404,0.9268767771788512,0.7111317519291227
58345,0.675218369814912,0.9836659591446838,0.7157044869962846
62207,-0.5477181697855138,0.45702323555165125,0.17926550442983707
9faebf19-6955-47d1-99c9-99b069a1befb,1.678863058683606,0.9875147929644695,0.8666761931980566
17209,2.1499000774394204,0.9913672873287362,0.919405544441269
69654,2.1242387465823067,0.9967595085902649,0.9654901400400114
68100,-1.0091405620235825,0.1132770082949175,0.05687339239782795
22865,0.8194993289345994,0.9791413226895807,0.7309945698771078
4143,-0.27794077332670586,0.15436252908971643,0.14725635895970277
49268,-0.49932009093877194,0.6149832956857605,0.24507002000571593
7895cd11-e351-4072-ba4d-c1802f9e6354,-0.920026234371009,0.03925749206872518,0.0492283509574164
137c74af-0207-4019-9ba2-e3998cffc8be,1.8736046924164615,0.9897781803236552,0.8931837667905116
41392,1.0370833621931643,0.9741464357258142,0.7565018576736211
f09d9a5a-8f34-4008-a472-77a8ec59b9a7,2.480345975448996,0.9797002468699714,0.8868248070877394
26008,0.4068454991172074,0.42648347152412686,0.3553158045155759
25847,0.3521953787974837,0.5065505079048441,0.370605887396399
47488,-0.6377352307338777,0.49366283775082115,0.18212346384681338
866,1.7632683811338927,0.9872368973907598,0.8733209488425264
a1265821-5539-4ef9-a192-cd445b1028ce,1.5282242702336646,0.9968354578840123,0.9154758502429265
14782,0.6309023639262812,0.8452482479653515,0.5730208631037439
63746,0.01193361929072001,0.713728288880985,0.3760360102886539
c72ba0de-d485-4ba8-977f-9eccf2832148,0.9763507878294948,0.8606818482105478,0.6456130322949414
882132bd-eb89-4d61-9cba-a0b05142fa75,-1.11570205443532,0.19778163275118738,0.07066304658473849
50660,2.3980369016106646,0.9945674060259049,0.9486996284652758
31059,0.37093043334471304,0.8549349727207146,0.5231494712775079
31851,1.7376523314480423,0.9922420064881027,0.8941840525864533
12328d6f-ab0d-4437-9bd5-16ec147e2997,-0.9798993210821201,0.008625543460104856,0.03522434981423264
35006,-0.7726446126180258,0.5727134188996948,0.1987710774507002
69762,-0.4632630209782591,0.09627528320252089,0.10381537582166334
16264,0.375820688849857,0.642384570766288,0.428551014575593
3831d8ce-215b-4e0e-afbe-2a792582068e,1.3314745182396126,0.9858122320599634,0.8220205773078022
69384,1.4549083425603513,0.9981580143189663,0.9202629322663618
28266,-0.22900958520086168,0.12044492099999124,0.14804229779937125
45017,0.6960532671353742,0.5280466330747119,0.4519148328093741
20359,2.0034200945574003,0.9971337831548105,0.9625607316376108
13990,0.1072168026615985,0.7958472777755514,0.4364104029722778
49225,0.33639998462210374,0.8151978798008693,0.496141754787082
15648,1.396859195490308,0.4334654068245342,0.5200057159188339
2380,1.9873789194332336,0.9898686231396078,0.9018290940268648
18860,2.0454262750571246,0.9964501588619727,0.9580594455558731
56735,-0.7948506206656047,0.37679155360025124,0.12967990854529865
c9589fba-af01-441d-b941-1909dc3c233b,-0.9551213079880265,0.005976092565840528,0.0348671048871106
15104,-0.7678397644967776,0.7954654211107084,0.29251214632752215
64602,0.2764971791750317,0.8894476859549149,0.5229351243212347
33395,0.7225576733787167,0.3344147733302497,0.3976850528722492
34942,0.38850867344890827,0.9775393285642399,0.639039725635896
57334,-0.3561197816477052,0.8592769576866028,0.37525007144898537
501,0.6224575978439131,0.9611335452385023,0.6604029722777937
fc7a914d-7022-4bf7-8ec1-6cfda80440d4,-0.5179921463357102,0.6117722233742097,0.2414261217490712
31c3e4d6-5b82-4b4f-b8b5-bba16db423d9,1.1169139619311328,0.8547922412143093,0.6610460131466134
38340,1.374826843763556,0.8471554170737491,0.6880537296370391
66503,-0.5235273522060799,0.639594300632091,0.2512146327522149
12679,-0.15511022557362952,0.31147784752005725,0.2029151186053158
73960,0.8427946439283989,0.7995576287389229,0.5937410688768219
43479,-0.0931760983636305,0.2009130968054223,0.19384109745641612
27a39b7b-11a9-445d-a133-51a3ac1ece9f,-1.0727507136412002,0.2666305599861076,0.08645327236353244
bc08ef22-47d4-4702-bca6-8465643ae882,-1.632752191848102,0.091083329417797,0.03043726779079737
3a0afc7e-b5ec-4c58-9b45-a59092ae602a,1.8187964795017066,0.9467110254293428,0.8036581880537297
d923bea1-8be5-4bce-a170-79fe6e9c5746,0.3882331198374546,0.4672396673395977,0.3656044584166905
99b1253b-00b6-4c71-b407-2c8696c21d0a,1.2900273364362738,0.9413921523687354,0.7420691626178908
368b7bec-7561-495e-83f9-6c24caf7e40b,1.661012498027238,0.9919755906672265,0.8859674192626465
49637,-0.1041139908931249,0.9730317242531636,0.522292083452415
b914a29a-31b5-43bc-8852-f05cdc07e8e0,-0.4891197326645652,0.7698167064611644,0.3088025150042869
61366,-0.1229657648393031,0.9362845763791693,0.4690625893112318
13375,1.958166638788754,0.998155231893026,0.9694198342383538
51250,1.1481373085904212,0.8749418564914226,0.6781223206630467
80d77d28-b145-41ad-adf8-8c0a552b9569,-1.3549395529911643,0.01747624334339898,0.022577879394112606
43814,-0.1871898306460461,0.9818753368002036,0.525793083738211
11099,1.6794138701857908,0.9961830592171871,0.925550157187768
65747,1.9575877205729708,0.9958965042327075,0.9451271791940554
52317,-0.4386140745870797,0.6935364441595879,0.2828665332952272
1011,1.7280666211215587,0.9948440474921394,0.9148328093741069
366f2470-1064-4962-a9e3-f065ac172770,-0.4550549963461754,0.039422510276072215,0.0952414975707345
50328,-1.0873499720717843,0.7213774725511406,0.23628179479851386
fdc1b906-497f-45ae-9ddb-5ab20660af19,1.7382375195405138,0.9607751326669467,0.8147327807945127
24490,1.4730320155579986,0.9957646954750052,0.8968276650471563
48195,1.9363261413733268,0.9976327382080861,0.9629179765647329
7b6b1af9-12af-41ae-b72c-bed2ff6f40f2,-0.7507040268531116,0.6093444080058723,0.21477565018576736
27084,0.46230007654605915,0.9900168160170318,0.69276936267505
32387,0.04043293881101373,0.5503210688905404,0.3186624749928551
49365,-0.3669536748979374,0.32463014720077105,0.16933409545584455
45202,-0.3786186019866856,0.5796521375467266,0.24835667333523864
9b68c3e2-55f5-4b38-8f1a-e7e00245591e,-0.157729176449801,0.68550764384459,0.3276650471563304
43461,1.5391679658903412,0.9965966508310923,0.9141897685052873
b8eb154a-465b-4876-9416-b4306ff27627,0.5964744460004447,0.9082554160886029,0.6041726207487854
22165,1.1628219376666893,0.9833029941165056,0.7941554729922835
3b261fed-42f3-45b2-8d15-52fbca3da39b,2.205399603450493,0.99000357099633,0.9142612174907117
44331,0.4859123439714757,0.7815575591094414,0.5107173478136611
7be5155c-3044-46b7-8e3c-81057427e52e,2.171728633202029,0.9777404112331027,0.8748928265218634
67588,0.627717711192164,0.6065975786943103,0.46877679336953415
94514c31-cc35-4d0b-9318-3597ce1bd9dc,-1.3146212167567017,0.14712296987852944,0.05244355530151472
68832,0.09794040585633895,0.8045264749701864,0.43862532152043443
52761,1.615980584420532,0.9951194132719138,0.9062589311231781
b3ec10b0-feb0-46c5-ae5b-a028e396a0cc,-1.9142897533323373,0.1302398910786582,0.036010288653901115
35554,-0.6858985531667174,0.011944698185568568,0.05994569877107745
18062,0.7464953296560511,0.8575460277082645,0.6051014575593026
32375,1.3167353176586682,0.994491072378773,0.8652472134895685
37000,0.44819186333378813,0.343927950864247,0.34188339525578737
69913,-0.1273967835914539,0.6451201510170705,0.31823378108030864
9296,1.4652892363628909,0.9966877868462313,0.9061874821377537
b3b65463-c0e5-4dc3-a1e8-b6d40b4c8a0b,-0.5196920092133783,0.10559685388274534,0.09909974278365247
3293,0.8785612895315718,0.9913794067170266,0.7845098599599887
3313,1.4131344966406703,0.9947102331162757,0.8782509288368106
51222,-0.3803358044548506,0.13013117656213757,0.12489282652186338
70101,1.362301882775411,0.9929175993443659,0.857959416976279
19213,2.3899492382544345,0.9977850299539671,0.984209774221206
284a26b3-c5e2-47ce-a522-843f778d9910,2.0712986612039836,0.9750723226634134,0.864818519577022
59463,-0.7866046475683637,0.41460329921631384,0.14104029722777936
6986,-2.167980367079438,0.18019489475650965,0.04465561589025436
20343,0.31370337810416093,0.21561710884151528,0.2848671048871106
30bb2af1-45c3-42dd-8cd8-f187dfca1878,-0.300695815454024,0.26358285676186727,0.16454701343240927
974,-0.22217222014344518,0.3225449832093122,0.1935553015147185
26116,1.7059465121359758,0.379410907422522,0.5409402686481852
36138,-0.23784499531668535,0.5580986200378831,0.2644326950557302
13711,0.0013040860732381754,0.42306242940212413,0.264218348099457
30175,0.9546105909974134,0.8554244202486563,0.6395398685338669
92bc7b63-6b2b-452d-8675-3952544baf64,1.0046478434082058,0.9797613209377071,0.7640040011431837
28268,-0.2252611713219147,0.550400196583137,0.2634324092597885
54515,1.898983367199564,0.9971429917239032,0.9554872820805944
cd5f6b41-bc6c-4d25-afe0-5fc3a295b4be,-1.2863363600921713,0.059290357819241336,0.034938553872535014
56043,0.5916284346618244,0.9565176094613532,0.6472563589597027
e460a6bc-38ed-4600-8885-30d96bf58d02,-1.778989284720754,0.04530052822507761,0.020791654758502427
60880,1.5826223831744002,0.9924642787660843,0.8801086024578451
84088169-5e38-4df5-914b-3b41a9731a4a,-0.8505967752149561,0.31765255422458527,0.11288939697056302
27148,0.9291900783350284,0.5331979817622664,0.4975707344955702
36997,-1.4896846491636244,0.14956742546641588,0.046656187482137755
62142,0.3681862537470551,0.8581547411555711,0.5249356959131181
e1f72101-dde2-445f-aaf8-31afbe95839d,1.4910848024606564,0.9962635573393959,0.9051157473563876
39482,0.4049800497692017,0.9839845302164375,0.660117176336096
21636,-0.10718931503815898,0.7234291106984533,0.3543155187196342
9308,0.6188920294700091,0.9590544249894414,0.6566161760503001
7192,1.3647255744586526,0.9850026927133883,0.8229494141183196
67889,-1.0545753764701327,0.6169374138620972,0.1977707916547585
27396,0.23755002857502897,0.23758140602879876,0.27286367533581024
349af8b9-b2a7-4a1d-ac7c-27d8535ba79b,0.7227211842408547,0.7250244962066215,0.5343669619891398
bdeed0c3-52ec-42a9-a790-cd81c4676822,0.07637174585932599,0.5800477151265213,0.33859674192626465
58556,1.6754671147835525,0.9971802388762567,0.9361246070305802
50438,1.314534113866333,0.9719092731765032,0.786510431551872
073cca90-0b83-4074-bb81-a8cc49acfa77,0.5606418509709828,0.9917253015386133,0.7228493855387254
2bf955fa-b98b-4b19-b68b-67d70839af9a,0.7450361765482747,0.8945662710320115,0.6256787653615319
58364,0.23927660966108236,0.926886691041774,0.5402972277793655
2426,1.0869227874045935,0.9885210028856997,0.801086024578451
46943,0.8533954934752463,0.9951088850555536,0.808802515004287
03687351-4cdf-40d6-bd1d-dd61f4d9a50f,-0.14865295960900204,0.5467357456382689,0.27572163475278655
73771,0.17215606966497693,0.9628495757864199,0.5661617605030009
63347,0.17022469324965678,0.5303873051294526,0.33938268076593314
ed2f5198-a430-4dc9-bba7-0fcfb33ec2cc,2.431169742283828,0.9752636435571269,0.8758931123178051
15116,0.6430549182787527,0.9737178349104737,0.6854815661617605
50516,0.4371929592673857,0.8217452312537379,0.5198628179479852
7809b078-f89d-4302-bce2-b98a030c9491,0.36435329118007365,0.29544808517544424,0.3123749642755073
3138bd0f-35f1-47a4-b613-9ec055078b29,0.7029418611263755,0.9684079888825464,0.68855387253501
25033,0.3089223745719353,0.7963979883691427,0.4807087739354101
37025,0.5483514158614103,0.90707425268323,0.5923120891683338
36742,0.41405920368422805,0.5849647161560497,0.41583309517004863
72982,0.3144818128002091,0.4619821452980129,0.3473135181480423
11454,0.22937324718916613,0.8875519955395149,0.511074592740783
29035,0.06681239413657503,0.3003562964038041,0.24835667333523864
54300,0.9936910888934388,0.9887934795337079,0.7892969419834238
b9e8e254-9302-4fb6-9c65-2faad72e12dd,1.1117466987797997,0.9735755516709993,0.7646470420120034
de0e850b-bee6-41fe-afef-f3e87de3ce21,1.0482443062003215,0.7782332615984701,0.6144612746499
36436,0.2672976738600507,0.5793399845945105,0.3797513575307231
ef39412e-181d-4c68-a4ec-be33dc62d3b4,0.1315981027800699,0.42024156997356993,0.293012289225493
59342,1.2176638036871004,0.9434475476519857,0.7349957130608745
1850,-0.32000857031915386,0.7428285617975842,0.32223492426407546
26280,0.2485489225073611,0.43228980475191725,0.3206630465847385
6891,-0.026744019965008747,0.626734506622968,0.3342383538153758
16811,0.28747142663676595,0.7581114183581377,0.4567733638182338
22010,-0.7753436063917667,0.6623682861507972,0.23213775364389827
37631,-0.1296757002969915,0.88551635202028,0.43112317805087164
25806,-0.3861418927911461,0.756770390599635,0.3185195770220063
13790,0.7083828789022892,0.9565836826891692,0.6712632180623035
25343,-0.6695280327915456,0.9377322631896228,0.3877536438982566
24004,0.3261335221148071,0.5582460643478127,0.38589597027722206
15061,0.024136075851132033,0.8581043508977997,0.44934266933409545
65444,0.3962531685392043,0.948656769389713,0.5954558445270077
30583,2.21254616400166,0.9958563012651306,0.9586310374392684
658859e1-7c86-46f9-927a-b59e2d64209c,0.45259739178531,0.5034627071230077,0.39154044012575023
20241,-0.6400971448801887,0.12335079171054678,0.08902543583881109
37625,1.6481296613997405,0.9971817065825992,0.9334095455844527
c6631e27-a45a-433a-8029-bdf20f24e651,1.2967834108186493,0.29974811267723644,0.475778793941126
a69a0710-e69b-478f-b376-8573273c15e7,-1.239145272436365,0.023559291048820315,0.028436696198913976
30323,0.03857560988467562,0.9676461737242891,0.5437267790797371
797be505-a8ef-47d3-8025-213bd9f3e0f9,1.536221082045666,0.8748128031862988,0.7229922835095741
56278,1.0326177761816582,0.7849264457717867,0.6166761931980566
15861,-0.4151265277556375,0.5794540892285959,0.24249785653043726
45bdf971-4d55-4bd2-aea7-29fa92a8b881,3.9612958882838463,0.9771583347700606,0.8851100314375535
73298,-0.08811965671900668,0.7393018302063155,0.36581880537296374
20672,-0.03478947552736372,0.9405290732552172,0.49256930551586164
13352,-0.6722378294990494,0.3328561426137274,0.13132323521006
148c774a-dc93-4e79-b3c7-f1e5134a6459,-0.23157933582605694,0.6657776660561289,0.3060874535581595
65955,0.508992149904326,0.93228884140327,0.603743926836239
e60c815e-c302-4767-9548-8a08b5d56c81,0.9198622063025368,0.9821227996433023,0.7583595312946556
64049,1.2793020934103283,0.8772256178816993,0.6949842812232065
39379,0.06848850741560414,0.6818589417655636,0.3752500714489854
6861,-0.15142039254597506,0.8626690154097922,0.41326093169476996
4758,1.505996550352686,0.994529949781503,0.887825092883681
f0248555-dac2-4e18-ab99-c0311317651c,-0.1271587314172825,0.6059969365510105,0.3040868819662761
43ef5c10-d93f-4ac0-932b-18e672713272,-0.9425237171870036,0.8354411059103972,0.2990140040011432
70303,0.681363055675024,0.9387158424560051,0.6461846241783367
8899,1.5467113107797288,0.9937710478996794,0.8854672763646756
70352,0.9110619948150105,0.4495489650890771,0.46541869105458705
53862,0.22004433944872404,0.660577406235753,0.39932837953701056
4acf0666-215c-43e7-ab1d-7a840d122d94,-0.3861022594996295,0.2849335110480204,0.1558302372106316
38804,0.6474641078377263,0.787793990460123,0.5487282080594456
58434,0.5808247435583018,0.9855090206133416,0.7009859959988568
39828,0.8306364136500632,0.44952424686432413,0.45091454701343237
29050,0.6801933046966027,0.953862251887557,0.6620462989425551
66841,0.7159839243083748,0.9705178230361808,0.6941268933981137
46306,1.0371696495155625,0.8016829080722249,0.6259645613032294
07a0f0b2-baf9-49a3-841e-0af5bdedaab6,-2.2435705802999184,0.02223343430099577,0.01086024578450986
50236b7d-30ec-494a-b08d-50a3f8f1ee5c,0.7484866566643313,0.8662641073779906,0.6105315804515576
4af45152-6a3b-499f-9f4c-0f6df915baa1,0.6659834610658885,0.9249427686732933,0.6308230923120892
70838,-0.5317649279006795,0.6527335888462312,0.25457273506716205
72422,0.8731742091952309,0.8257248185370771,0.6103172334952843
13cf2473-9298-49f6-8c8c-a75fb3d819d7,-1.2825346749689592,0.011487201848128271,0.02264932837953701
53c7b773-a45c-4229-9e9f-dce6ee1b0539,1.0614524401499192,0.555116940519333,0.5250785938839668
62289,-0.18587719307027406,0.8582908363796136,0.4054729922835095
60d4516d-6ced-4f84-a1d4-3149d141c320,0.13097906078403548,0.27341170444682367,0.2563589597027722
1766,-0.21528302032822533,0.7431680895457966,0.3420977422120606
75b22b72-9196-4f22-883c-abfa7bc2d37c,1.0081178987166766,0.6724409446747803,0.5625893112317805
9479,1.4037740540443795,0.9925898612282036,0.8596027436410403
5370e06d-0df7-4035-b7d0-78a9707a5974,0.2768628071882167,0.985808493358115,0.6373963989711346
10447,1.0501720175863558,0.9730176282220084,0.7562875107173478
27386,0.1286769932549598,0.9013032238734168,0.49742783652472133
36081,0.8458471303606485,0.9648572254813204,0.7107030580165762
44251,2.3288024387822066,0.9951540469512037,0.9544869962846527
70b5fdab-fdbc-4ce0-a332-cc033905c3d1,0.43116756739016937,0.976495164293588,0.6448985424406973
24613,1.155742194876711,0.996673662090014,0.8698199485567305
edd384c7-6ff3-4f2c-89d4-bd2c32130378,0.20799213362461616,0.4211989745431134,0.30908831094598455
58961,0.1553464108540203,0.784096461951921,0.44112603601028866
72380,0.4725472867947096,0.4722483777951168,0.38453843955415834
73144c17-57bb-493b-8b0d-8515958eff3f,-0.7196777450491472,0.06809231847837159,0.07023435267219205
17624,-0.524554128149787,0.4447259020997988,0.1781223206630466
2063,1.2845946345569192,0.9908645194116015,0.8365961703343813
a73c713c-528d-4ff3-ab8a-e1ea7ad26e2a,1.4476493133002855,0.976502723506642,0.8094455558731066
28516133-ff71-4f91-a6b2-ac4325c71390,-1.894923711303014,0.04244016280793128,0.01864818519577022
21580,0.7279086611806842,0.533286755682248,0.4599171191769077
67487,-0.3731879534231418,0.6025224968477066,0.25921691911974853
e1a0c678-f916-41e8-8367-a3f93caae527,0.3482937058915162,0.2793456346275709,0.3054444126893398
71adb2dc-1c03-4d5f-98d6-800eb66983f5,1.220700388280855,0.978070845512891,0.7875821663332381
1883ea29-631e-43a2-819f-055961f470d6,1.4591686990659674,0.6919453238719876,0.6251786224635609
0b8ba036-c982-4349-93ec-ef3ac1f568bc,-0.17202487638782993,0.7971308900734276,0.3769648470991712
39533,0.681846939408463,0.34773507436362083,0.3928265218633895
55804,-0.44223846085719953,0.13060682910359134,0.11531866247499287
74616,0.6203980304883151,0.5051419525861086,0.4274792797942269
621a95ee-18e7-4f17-9477-006e800e1376,-0.9334397492335071,0.02026556367416324,0.04365533009431266
11334,-0.7765681372950806,0.17580509693299212,0.08681051729065448
01fe32ba-30e5-41ed-a483-0047922a534a,-0.5973478440406976,0.6999648552838745,0.2652900828808231
32512,1.7499455856557629,0.9920618626003858,0.8941840525864533
067a6e8a-bc84-4b45-9af7-216c6f976d3b,-0.8589383801442476,0.19506455081238527,0.08631037439268363
5851,0.5577010665415273,0.7730504440580287,0.5216490425835953
40737,-0.35993536979775365,0.3782096494865843,0.18305230065733066
11231,1.0741920165036642,0.9949805680128342,0.8419548442412117
74477,-0.40346783653228513,0.30226464016768684,0.15747356387539296
29683,0.06475873939734145,0.7504568832804154,0.4045441554729923
24208f85-b6ae-4fff-84dd-8bf9fbd1b9e7,-3.0074382154270056,0.002300449317103685,0.00021434695627322093
4104,1.0108222113056873,0.9947820030239912,0.8304515575878822
29252,-0.2503864531223299,0.46253506890704515,0.227350671620463
04e5bba4-3f53-48c5-884b-4436bf4e26d8,1.3673843511606956,0.8012590958311139,0.6656901971991998
162eaeab-b37d-4a11-ba86-8ea7176730d7,1.0538136880722586,0.8461413154168933,0.648685338668191
12470,1.693947963877403,0.9790362713599059,0.8430265790225779
42173,1.3300043989929136,0.9948017901889704,0.8701771934838525
47043,0.47828125511624153,0.5358552845166081,0.40840240068591027
2633d11b-4511-4df9-95df-b5ec321df5dd,0.23392765804090399,0.6023636738630173,0.38132323521006
d50a0511-632d-40d2-a283-e9882a72b9bb,-0.5253222700720261,0.8003918341151316,0.3215918833952558
53720,0.1969499534496218,0.5452473477704944,0.3503858245212918
458f9832-0be2-4fc2-a3fd-8ddbb53fc8ac,2.684457505776056,0.9927850642314237,0.9380537296370393
14855,-0.2134816897242876,0.7365722597369806,0.33938268076593314
63328,-0.02680942303017131,0.09863689236145233,0.18440983138039438
12236,0.11572929761680156,0.31060159008382365,0.2618605315804515
14001,1.0005046379773948,0.9937721123289973,0.8193769648470992
23610,0.5565986950402428,0.9969827894633613,0.769148328093741
13305,0.8290957605620748,0.986187797754185,0.7539296941983424
59495,1.9992918298709597,0.9942546778142283,0.9311231780508716
67978,0.041083254312596074,0.9572129850714087,0.5285795941697629
b9350629-9a30-44f7-91b5-2fc42b0e51cd,0.8764253086811764,0.9655079946298682,0.7164904258359531
8efe2560-a2d5-4d9f-a330-cbb3810b821c,-0.0038144988109524713,0.7561643225781122,0.39104029722777933
1cd5b98b-e4a7-445e-8c3a-4e2c910bacfe,-0.563257987413891,0.3424993113500463,0.14496999142612174
17786,0.5824654137827386,0.7841180615978077,0.5332952272077737
29845,-0.45395211721476136,0.9629888594328828,0.44398399542726497
65199,0.7375061147937466,0.5488354537047907,0.46870534438410977
1851546e-1932-4e63-ba5c-ebf41ff2f292,0.07668512906654451,0.4108168823751479,0.27857959416976275
12880,0.23656948780186407,0.48219493411239206,0.33723921120320094
72326,0.15589448433272618,0.9897844357298438,0.6253215204344098
53895,0.8441605748908316,0.9917421698076468,0.7802943698199485
67668,1.1730545649121176,0.9855117593210915,0.8020863103743927
30634,0.026237447045192985,0.8998139169171593,0.47399256930551587
df8e9012-0993-48e6-af21-7ad5720d3c68,0.6876195421158258,0.8497594535966798,0.5881680480137181
6620,1.1391540893752605,0.9886768547753394,0.8085881680480137
61384,0.36981186689480644,0.968994890693646,0.61867676478994
9f664721-053b-4243-82b9-1c530dc561d9,0.9210253656320218,0.6028827997138275,0.5243641040297228
68304,1.5323933201465516,0.9915288691332639,0.8684624178336668
3364,1.4637422749525486,0.9854924614393488,0.8357387825092883
48221,1.1830306862866777,0.9479942699286331,0.735424406973421
6301ca84-ce55-44d9-b972-0c5ed23f1612,1.6405100408345952,0.9915407661081154,0.8816090311517577
15807,0.07211253927174549,0.9624625082997352,0.5429408402400686
e2d75179-519a-46b8-b9c2-7db5babb7177,0.7322161948382888,0.5458859881513688,0.4656330380108602
28014,-1.427421168017797,0.11953263322759408,0.04122606458988282
57730,0.3009573326233387,0.3051746518526799,0.30087167762217776
60029,-0.8662860320791621,0.2803267368361848,0.10238639611317518
de2fc04e-a808-4780-80a4-6aa3d8c9b67b,0.21198603287829337,0.5113998584323531,0.3406687625035725
19666,1.6110544789060883,0.9915037777520115,0.8774649899971421
2825,0.16297231681849417,0.7740358779048028,0.4374106887682195
72275,2.088508178321665,0.9959340088608188,0.9540583023721063
54859,1.1043575280160596,0.9597568663161821,0.7412832237782223
1b34dbf7-0a18-421b-809e-c95fc38c8f6d,2.1596841800561712,0.985519384797297,0.8958988282366391
b2ac4426-911f-4cc0-937e-95e767d94d0b,0.05930437167582964,0.9617940061641495,0.5390825950271506
28497,1.689637220035328,0.9954674125490395,0.9183338096599029
43724,1.9842644207579112,0.9932886357016459,0.9219777079165477
26568,-0.25516184808350495,0.30517661220788145,0.18333809659902828
57945,0.9859753661688518,0.9937467075677381,0.8170905973135182
33178,0.7860105854073207,0.9864105193269954,0.7471420405830237
73412,0.4450641735738991,0.6844113496752403,0.4582737925121464
64948,-0.09803871670368547,0.7632686021344562,0.37553586739068306
58221351-affb-4730-a2ed-a8eceb716b35,-1.0989606428465937,0.015286891532024378,0.03165190054301229
09bf7365-8af6-4bdc-96ce-4d4cbc5d1e11,1.1973436429075013,0.9600246201464293,0.7529294084024007
28629,-0.9367054906075443,0.10427312344055009,0.060445841669048296
61378,-0.19971753537804338,0.45343339953098805,0.2335667333523864
adfe54e8-b5d5-489d-83b7-fb9b238522c3,0.6290560003393437,0.7518929765533279,0.5277222063446698
20189,0.06981849140559326,0.847859691042681,0.4529151186053158
72882,0.9595654888109917,0.9837199641223949,0.7677193483852529
73170,0.05000189358947754,0.7654190642049403,0.40847384967133465
43960,1.3793246254936933,0.9932074942308475,0.8623178050871678
43899,-0.044507698657277106,0.968615637993054,0.5277222063446699
39371,0.12065845435105704,0.8636876333903586,0.47284938553872535
1c613ee4-b7ef-46a3-b9a6-c9fc453e6d13,1.1349738649023502,0.7330036091346741,0.6041726207487854
0981f32f-b778-479b-819b-d130903bf009,0.00018577037394823526,0.11185907537596244,0.19284081166047443
23654,1.8656280518011275,0.9808378372070702,0.863603886824807
10409,0.07279387173925977,0.8629840147870766,0.46248928265218636
56512,0.5031114059054953,0.9285975362353186,0.5982423549585596
26328,0.6875027984894628,0.9559411165562796,0.6664761360388682
7a1c4c9a-6f0d-4de3-b30a-a3e974a15d94,2.400053894064296,0.9936877313156758,0.9410545870248643
25897,1.0928105756221955,0.8704137906494684,0.6672620748785367
11434,-0.28984176310238763,0.6303053493817674,0.2825092883681052
8296f1dc-868b-42bd-a1a1-a1c3ded97189,0.9901066753273474,0.9477290653571014,0.7097742212060589
55743,0.8359133748761307,0.953744296068198,0.6923406687625036
22cbfd79-d49d-46c9-a8f9-ac23d857959a,-0.5175795022093386,0.7749554734575969,0.30887396398971134
c9b67ea4-5ea4-4709-bbf3-b18d2594a207,0.1981613864658019,0.5833221263549953,0.36681909116890543
53907,0.5277074962316928,0.40005680905372387,0.3736781937696485
25773,-0.25952571584024675,0.3806882001918673,0.2007002000571592
ebd03e9a-88ca-4e20-b343-f926ad5b8367,1.4147902311996934,0.9837817974857958,0.8247356387539297
eae72f80-23ef-4391-890b-a37e3c8acfba,-0.3636222790652385,0.13563228878493053,0.12967990854529865
62554,0.03372338599854291,0.9176393836185236,0.4887825092883681
64304,0.08470338214447004,0.7986359679453648,0.4329094026864818
23000309-c182-4c90-bb7f-2b443ef73f6d,-0.844607776157307,0.008608932662399546,0.04494141183195199
22e4111e-0d23-4d71-a1f4-cc39250a5ff5,-0.11889332740917236,0.8347189686277451,0.4040440125750214
bb110f78-c81c-4be8-a708-4e3282db1205,-0.8604185689525508,0.18695243682161128,0.08388110888825379
16383,2.1165013133532673,0.9982105399500677,0.9801371820520148
d605e419-a962-486a-a766-07d160007d70,-0.9873063640617863,0.0995000055087005,0.05515861674764218
34686,0.7352946558454783,0.9876095367683435,0.7404258359531295
31447,0.9723161601511899,0.796282241456804,0.6130322949414119
50569,-0.20823336271698556,0.2905957759035097,0.18812517862246358
48301,-0.7883620408172276,0.27126013735024646,0.1054587024864247
44229,-0.22717100293282233,0.7627908949725224,0.3490282937982281
30336,-0.5216471623262666,0.5091746673850075,0.2007716490425836
19728,-0.32763046655480565,0.6161790593850309,0.27129179765647327
63743,2.1182635778766405,0.9918976588308517,0.9206916261789082
8b2851a9-becd-4a7e-82cc-960493e8e151,-0.8579106170706452,0.17447323006798113,0.08123749642755074
11110,0.3580107974098159,0.9060262390468933,0.5513718205201487
f0f75c76-a64a-4a3a-9055-40f60203726a,0.9840794153466621,0.8351317607727855,0.6326093169476994
12351,0.3697899622380519,0.43374094536397373,0.3490282937982281
12633,-1.682912511967803,0.5862193650642595,0.16626178908259504
3523a9f4-f4fe-4e32-b4cb-49de761ac61c,0.8377464796132645,0.9781860356961588,0.7328522434981424
72634,0.5736152789510505,0.8391259049461962,0.5580165761646185
30260,-1.332977236450285,0.3303949379235884,0.09052586453272364
50900,-0.3933458699916814,0.15250900833953684,0.1281080308659617
21938,-0.12038769161517615,0.3252656261317696,0.21341811946270361
32000,0.5995727705230041,0.9547495669721986,0.6464704201200343
65793,-1.8812484645866523,0.04310699997981949,0.01893398113746785
69048,0.8610897266571237,0.8308515731783496,0.6110317233495284
60494,-0.6738840562513617,0.8098913527982563,0.30901686196056016
73546,0.8450005513116083,0.9666207971145656,0.7126321806230351
58603,-1.3455796726874276,0.2591700502988288,0.07387825092883682
51813,1.996715701284717,0.9982219411544758,0.9729922835095741
25039,1.041819054036273,0.9839073353047835,0.780723063732495
7fd3cbc3-9b27-4344-b26e-1f1de9fe7a9b,-1.1668444363600174,0.010207832459369678,0.026364675621606173
c74bcc97-baee-426a-996a-200944dbfd79,0.2072556438677241,0.7620051820782286,0.440482995141469
0ba60dc4-4f21-4593-a9ba-f444f596c013,0.1265056410196143,0.5347481023414288,0.33166619034009714
72151,2.090461262154097,0.9975640116008899,0.9727779365533009
dfe33be2-cc10-4566-bf2c-b8d4999e8e1a,-1.4016958084246562,0.005177861758141958,0.014146899114032581
47066,-0.8156637869916352,0.4453678528627896,0.14875678765361533
73234,-0.7203212334341038,0.19891658897163508,0.0982423549585596
49511,-0.267764276567133,0.6015685369389672,0.27615032866533296
12526,0.194530201751698,0.4293979960824268,0.3084452700771649
35791,0.6538340030723626,0.9907478309114647,0.7366390397256359
72673,-0.4204889986719962,0.7083024430381846,0.2921549014004001
41070,-2.18786392324799,0.009317319745816286,0.006287510717347814
c5c02a99-5bb9-4e81-9c27-b5a6cacc3ccd,-1.5195492266945625,0.007988265436492871,0.012932266361817662
7048,-1.1838193743379686,0.10102937330443658,0.046298942555015724
75672d18-3f32-46b5-8fe3-5a46b2c421e0,1.4737883875006443,0.9868526005275791,0.8410974564161189
39525,1.6013705803758824,0.994958060719851,0.9036867676478995
c4b1ce8f-cfcd-4503-8d81-87ed73f3f263,-1.1026432556515517,0.025889252180704835,0.03479565590168619
55166,0.6558171255728927,0.9533989259864439,0.6560445841669048
5331,0.2206955191310716,0.4498703772369966,0.322163475278651
46234,0.3493781792712748,0.6049088906521634,0.4087596456130323
73246,-0.19336797002621364,0.5202780670178273,0.25821663332380684
bb92039c-6a8a-46bc-afab-3e6dffae1889,0.03435925355604158,0.7238478989994099,0.38575307230637323
60617,0.40137157958905856,0.9894522211768192,0.6776936267505002
46635,-0.21695434100016475,0.5212208216843872,0.2539296941983424
d3dc877b-0659-4d8e-bd03-381c4e551acd,-0.17944639624038838,0.8004432701534763,0.37760788796799083
21743,-2.531270334582147,0.07024046822052113,0.02007716490425836
8485,0.5208696549709156,0.9542963770367562,0.6288939697056302
65008,-0.13982528527783822,0.6656901329752992,0.32287796513289513
0936b1fc-7e46-4396-90b2-6679aac7cb56,-0.5606883638351337,0.9175016228945941,0.3828236639039726
62176,0.5597458053797049,0.9005636050214654,0.5901686196056016
9dfe59d7-27c3-4bcc-982f-6a6417aa793e,0.12182846439200667,0.6996485668686712,0.393612460703058
d4e61c7d-75d3-4001-98bf-579bbb44c737,0.610164320841056,0.8621617940778132,0.5785938839668476
5034d750-901c-4aac-b19b-d49eb03ed078,0.5477175710068087,0.5360146299159724,0.42304944269791367
17279,-0.9301905570107343,0.9268351744224559,0.3568162332094884
53511,1.7078739348341279,0.9914729719164512,0.8876107459274079
54269,-0.4598171615907084,0.7186552849777206,0.2904401257502144
53310,1.9339345877605336,0.9956837744712659,0.9415547299228351
53024,0.4057206347439238,0.901001117548415,0.5586596170334381
64621,0.2531412560017226,0.8498775417735468,0.4937124892826522
39664,1.129486244323569,0.9776718104438362,0.7752214918548157
23976,0.28438275098383714,0.9577518556068808,0.5827379251214633
40789,-1.211206478089521,0.1799043941143457,0.06237496427550729
10501,-0.01941598630091801,0.9417790378775344,0.4968562446413261
32176,0.27493210076268404,0.8723182040394994,0.5125750214346956
52917,0.6485073836219746,0.9469143927286554,0.6468991140325807
42746,1.100901528118266,0.9846880793596452,0.7907973706773364
19804,1.880263191446017,0.9929156378779684,0.9117605030008574
21830,1.5502950111931368,0.9772145169579564,0.8235924549871392
65374,1.8605642694773765,0.9859129121925533,0.8777507859388396
c07803e5-1c01-4239-849b-ae5ee16a383f,0.3795885053673339,0.963372154451088,0.6124607030580166
32117,1.498414201587052,0.9943361341368548,0.8844669905687339
9bd7cb06-f010-485b-80cd-afc0feed3bf7,-0.44920567895891184,0.500369319369127,0.2079879965704487
12c55237-0fb1-490a-8e86-2a9eaf524543,1.2063322578011781,0.9709819877555698,0.7717204915690197
7177,-0.09912488426456967,0.8205760081623954,0.40261503286653333
67077,0.45787480741656983,0.9764060289310759,0.6503286653329523
d185fc70-c25e-4200-810c-389ab6b9f245,1.1732271402641072,0.16555422328674174,0.432052014861389
41078,0.8415980349840007,0.5224882813679262,0.4776364675621606
df4158b9-f0f8-4bf0-b6fe-4085f904b4e1,1.5747752870189624,0.9736090601200277,0.8198056587596456
5092,-0.324424568833394,0.5963952120439263,0.2635753072306373
21090,1.1138045543907347,0.5824933927823186,0.5422263503858246
9a64117e-05f4-40c7-affe-36a6f86e6de7,0.7789725796080395,0.9360589440880508,0.6642612174907117
47741,-0.18640175198300968,0.38566756271285635,0.21591883395255784
17734,0.15133369300705224,0.6987285051445951,0.4003286653329523
46222,0.28746237927391316,0.9782736651376159,0.6181051729065448
01057222-46ef-4eab-b082-8b2aa936c9d1,-0.35554221727926594,0.0652733535779455,0.11546156044584167
34747,0.6861218256435727,0.8873979603308187,0.6094598456701914
24449,-0.25899751237995783,0.9289059081736903,0.4367676478993998
16434,0.5785829582911076,0.3036146116231192,0.36024578450986
d8fa95fa-ea5b-4c6a-b0b1-3f6d0956c94b,-0.07360873233663312,0.8918817986705925,0.4473420977422121
42598,0.2983597339291429,0.46989877075262376,0.34674192626464706
21779,-0.5354616251255409,0.18912229902365124,0.11517576450414405
58510,-0.3238071477365273,0.49919665885079545,0.22692197770791656
53577,-0.6286777184860919,0.1501977400506231,0.0963132323521006
45344,7.098632676528246,0.956036555562342,0.8508859674192626
1238c2d3-ed7c-4fa2-8806-1210743cf7f6,1.7334634753627327,0.9979808223409375,0.9496284652757931
5a2b39f6-84bc-4d85-9abe-5791ca28ed22,1.360501081300924,0.7560625285267425,0.641326093169477
61117,0.6023556111301699,0.9038822341186593,0.602172049156902
59405,6.093390430400225,0.9219879491898543,0.8175192912260646
65108337-f2f0-41b3-a764-61c85e137813,0.11201991896783164,0.7451373204209778,0.41233209488425265
5b02b42a-708e-4101-ace4-ce5920babea8,-0.40257338301973644,0.6181290845939271,0.2605744498428122
45515,-0.3088328930890103,0.18398685187214647,0.147470705915976
22038,0.8418906815996552,0.38414193546639586,0.43298085167190625
23167,-0.3452694759701538,0.9747571932595414,0.4794941411831952
26564,-2.06461188999548,0.11530959544422485,0.031080308659617036
4b6aeffd-23a3-4da3-96c2-fcb9e8f5e18f,-0.6063726125392026,0.033298385937875354,0.07516433266647614
23531,0.6031259494873753,0.2055754148059528,0.34609888539582734
ea635d7d-c345-44b4-991d-d3cf95736e8a,0.8127810510458684,0.9841967081064718,0.7441411831951986
28145,1.328764640691423,0.9944768746184142,0.8662474992855101
0452cdf9-153c-494d-b6d1-6f2a1fb0fa99,0.9946024340708172,0.8375541761742807,0.635895970277222
7d1bbd34-0389-4ac4-b4d7-81d7879173c3,-1.3653360926029214,0.0472325686930143,0.030365818805372966
65553,2.1823039889627136,0.9931952652847245,0.9324807087739354
73705,-0.18781770354891048,0.566870984496152,0.2780080022863675
057bc51c-7bc5-4147-80a8-82485cfdd674,-0.873454046869863,0.30798395841348514,0.1086024578450986
45993,0.6586723101747715,0.9488818053786646,0.6514718490997429
68879,-0.7233390182720365,0.4508152292367972,0.15940268648185196
60895,0.7823714302754349,0.9266798675601894,0.6561874821377536
56329c6a-a20e-4266-b302-9d2a2271941c,2.193486734287422,0.9741428665520302,0.8685338668190912
b5c896ed-8451-4171-a4df-b089ba30da16,1.329094440215581,0.9827426452267723,0.8123035152900828
75566ac4-f696-4597-9d7a-567f2f845e13,0.17064210879368025,0.4799746051683995,0.32287796513289513
59760,-0.8906669480970522,0.35595887946780097,0.11810517290654472
83737e0d-3577-47dc-ab9b-00a6cbfba65a,1.510451681330405,0.9789619837201001,0.8225921691911975
11637,2.483897885920129,0.9916382858244934,0.9284081166047442
10957,-0.3746124726310196,0.6406165365740448,0.27364961417547873
c95e09c7-dcc4-4d3a-b0c4-eb9c763f1146,1.058004814108624,0.9636733784528712,0.7424978565304372
f99301cd-d1bd-4550-b977-e0dca6da6778,1.0685498551695343,0.988546085018814,0.7988711060302944
270,-0.1287797160778581,0.6187258106835619,0.30901686196056016
41826,0.3775912396640564,0.4881935239468757,0.37053443841097455
74105,0.2762522963915057,0.7775929413383069,0.4639897113460989
21359,0.7953887403489566,0.5342422094443897,0.47420691626178907
8624,0.27108992506717544,0.9508924446573044,0.5703772506430409
ac1affdb-c162-4eb3-b508-fa1e6f5bf0f8,1.595793425449297,0.9948908209573913,0.9024721348956845
28123,-0.4707081299111323,0.8648030131957511,0.3606744784224064
67247,0.205179947839299,0.7645046462118108,0.44155472992283507
54329,3.840795214511415,0.9744477808361344,0.8796799085452986
21248,1.904768145688531,0.9960829161139756,0.9434124035438697
55805,0.5337127776622347,0.987922714470747,0.698913975421549
4d5e9004-551d-47cb-bc85-b0912e689108,2.0849840922599343,0.9720147958324953,0.8600314375535867
49070,0.6048548155938316,0.6034529430531733,0.4629894255501572
54534,0.35555237560157754,0.7166373115546959,0.4529865675907402
e09542c3-3169-488c-b87f-6f239173c8f8,-0.4795709730416926,0.04413452679370929,0.09288368105172906
3c5bd7f7-114b-47f6-8f4c-c12b82ffa0b8,0.7365234054841394,0.6174330279350461,0.49635610174335526
969,0.1374364014049802,0.06685234592071303,0.21484709917119177
26960,-0.8894662548322971,0.6452194342418668,0.2180623035152901
28776,-1.1389076640429205,0.40637826049485803,0.11717633609602743
e2e7f4f3-710d-4701-aba4-dfb3563898e6,0.42454685603848213,0.7923190900396426,0.5036438982566448
3cf8c4d7-ea2c-4e7e-999d-f0ad73241dc6,-0.06427025360178507,0.9035258299161507,0.456987710774507
41d6bda9-1ead-4447-bf8a-875dbdbd0946,0.5798705460491163,0.9638317920120404,0.6557587882252072
27339,-0.33345311798289357,0.47158252116607796,0.21570448699628464
f02b8715-ebc0-4609-aa30-fbdfe1fb60ed,-0.013348316285149597,0.9005881333330874,0.46527579308373823
14165,0.41724407579047484,0.9303843408153696,0.5825950271506145
52343,0.4027097917253457,0.5149080222983683,0.3862532152043441
63955,0.6520283073410015,0.9143442058791452,0.6197484995713061
46275,-0.9804798791588971,0.20841666134641396,0.08009431266076023
7426249d-b469-4b86-a578-80d07363bd57,-0.6262559336670543,0.09373445501250337,0.08338096599028294
41639,-1.3260431341556242,0.3461534280540436,0.09438410974564161
58071,1.636785499414237,0.8729750901964518,0.7333523863961131
72417,0.1674091862946676,0.9485035907631238,0.5453701057444984
24808fea-d8e2-41b5-9bb6-77475c050222,0.7440218426213858,0.9068772497208339,0.6340382966561875
60324,0.8885128365585546,0.7466272137078006,0.5755930265790226
28113,0.8610396834251105,0.9322822124107313,0.6751929122606459
56155,0.8654724019629778,0.841841025408486,0.6178908259502716
39016,-0.7813743134616711,0.62121008018433,0.21784795655901684
34275,1.678451195275608,0.9938878599473476,0.901328951128894
14112,1.0706520203412921,0.9372211035109271,0.7117033438125179
95b96272-89f3-487a-b085-89cdb2bbbee1,1.6286448951314774,0.9209384082485118,0.7633609602743641
24916,0.23731926606614995,0.4100999617563064,0.3128036581880537
62950,1.9228711771751854,0.9924601458202861,0.9114032580737353
29745,0.2206088828365289,0.4947611361222288,0.33745355815947414
10881,1.4957596124782104,0.994699071570858,0.8881108888253787
41110,0.6807972813085048,0.7812112149462197,0.5528008002286368
50389,1.2014932896405295,0.9600725197913784,0.7537153472420692
70646,0.2024856532234663,0.5855206201402735,0.369034009717062
88b77a84-84f2-4912-a795-33e0f237094a,0.6790729053250348,0.53152651001655,0.4491997713632466
4952,0.8280760433501506,0.9675945073057451,0.711203200914547
10206,0.5164424122042148,0.8662281514377994,0.5611603315232925
52963,-2.4020847739128213,0.07992268906163674,0.02179194055444413
37632,0.7214898573471655,0.961626588158766,0.6809802800800229
2f91fa44-aa72-42ee-aede-f4b494faaf94,2.017990842085549,0.9865494003031158,0.8918976850528723
8245,0.1556406245548554,0.9169464751050966,0.5150042869391255
42868,1.006087672858531,0.9872710239883004,0.7857959416976279
47659,-1.2815107698741948,0.44491230535364557,0.12360674478422407
49116,-0.4121577920825119,0.6907949100796428,0.28629608459559874
66272,1.3906153188562835,0.9712768565597784,0.7937982280651614
43316,1.0489734033760274,0.5865229864705007,0.5371534724206917
15911,0.9091287020974466,0.9908278976518141,0.7868676764789939
73634,0.5618616324101386,0.6338053333676645,0.4644184052586453
30433,0.6297058119780102,0.6899841479641984,0.5006430408688196
33059,0.366819344685588,0.9892548333831421,0.6683338096599029
34773,1.2417624079489868,0.4096284014146011,0.4960703058016577
18119,-0.3072576631115539,0.47791032227820046,0.22213489568448128
14455,0.8058110109740163,0.8826615244718435,0.6308230923120892
62205,2.2328883859359903,0.9940967589343674,0.9404115461560446
e8e2e83f-93c1-4479-8958-4004419a6880,-1.288748607821428,0.3906019856486775,0.10717347813661046
18274,0.21616438943955615,0.7058946875549573,0.4169048299514147
83a5d870-cf57-48c6-8912-ab436de7c38e,1.903062618798786,0.9782151387529033,0.8599599885681624
5e9f3e26-2961-49b3-91b6-f12844c6a67e,1.1278662862325053,0.9749025798842488,0.7692912260645899
71134,-0.8369039404637697,0.6639083544255557,0.22835095741640468
1344e6e3-c4f2-4bf4-a505-05829a6fe674,1.239863046567093,0.9508877266784275,0.7458559588453844
ae53871a-f244-4449-9667-0a183924a26f,0.8503320792424105,0.886559857994979,0.6406830523006573
12778,0.1280233173047644,0.9616721213251226,0.5540868819662761
6535,0.11237505932843672,0.9136525954054489,0.5028579594169762
29022,0.5963317600281718,0.9399743385261137,0.629394112603601
63824,1.7203412727540373,0.9967738850362233,0.9353386681909117
68df04a7-6260-4964-b0f8-758f84717232,1.2341586150255557,0.9883763535464319,0.8189482709345527
42720,-0.6836191839527741,0.684484225276146,0.25
e4695a11-e914-486b-8f9b-785323132b6f,-1.7664844991911528,0.006491667225842971,0.008216633323806802
f0e50ef0-1210-4519-b107-07bd86c492b2,-0.8806439951661793,0.12237793601967707,0.06794798513861103
69475,-0.7422728322604888,0.9188441111790188,0.36424692769362677
a8cf9595-ce29-4e8f-865a-9c50e243486e,-0.11567606722619461,0.8285893901726404,0.4017576450414404
37468,0.8168981773848579,0.9779665895974035,0.7280651614747071
13421,0.47504076684527213,0.6041092300512648,0.43498142326378963
24830,0.1341668406059302,0.9711509020037851,0.5705915975993141
1818,-0.18011399380992987,0.07005992839156833,0.14704201200342956
13880,-0.7567497731392034,0.13447358376492557,0.08002286367533581
34108,0.010839991274115501,0.38531913671624685,0.25664475564446987
37198,1.5443684783638203,0.9888861235032465,0.8568876821949128
53014,0.17965709619157072,0.4181095325654367,0.30322949414118316
58594,0.4993241753486442,0.6623126556153673,0.46084595598742495
8dce295a-c21a-45c1-9f86-21c913b6a39c,-0.012243040109043535,0.26651435952096897,0.22299228350957415
6bc35c28-3b8c-4dac-bed6-eed2d213ce6f,-0.7891368607167968,0.00518488076713754,0.0461560445841669
34393,0.645057073994219,0.9209507712240996,0.6233923978279508
1a324297-fef5-4d36-9112-39c02e6c9e2d,-1.8637564596292793,0.09728299295404128,0.028150900257216345
24394,-0.16784305829802604,0.7507722658497444,0.3546727636467562
46064,-0.7391756067902056,0.5842217953370238,0.20655901686196057
c70ccc66-3c76-4009-a525-7f437711c316,0.2644123236024034,0.7795102009516427,0.4617033438125179
52812,0.867235772692476,0.4815271462492329,0.46877679336953415
61983,0.26253417996530365,0.8369456349472343,0.48913975421549016
14503,0.6549024536348992,0.4572751682908896,0.4182623606744784
20572,2.0902905033485784,0.9894975325397025,0.9063303801086025
30749,-0.4259042220445638,0.2493546661599167,0.14268362389254075
1d01e474-6a17-4d17-8d0a-f5f3e83b7ef6,1.7533655221556876,0.9953584654160404,0.9229779937124893
36210,0.4911687834924546,0.7749055610576513,0.5079308373821092
56796,0.9599578155006001,0.9815607523346954,0.7618605315804516
21625,-0.05378240304427939,0.3733724468315145,0.24014004001143185
c336a879-ea0a-4af3-af1d-b42e38c2d62f,-0.001096638663665217,0.1527640658272891,0.20248642469276937
74055,-0.9419886021032948,0.2681468918885993,0.09431266076021722
38220,2.254226434815733,0.9966893898519408,0.9692054872820806
27085,1.2243595298083059,0.9825294355307549,0.7993712489282652
19241,0.08788783387300214,0.7878428465269808,0.4279794226921978
c14286ee-a8ef-44ab-aba3-0e638f6eadd7,0.20942542954685966,0.7082826926169961,0.4167619319805659
2469,0.021239856147964475,0.9381370691439302,0.502643612460703
162def53-59a6-4d7f-bc5a-b296bd870342,2.3523529942156363,0.9975204056692183,0.9804944269791369
e1ed4cb4-fa24-43aa-ac24-04d0365939e2,1.409538516415675,0.9985058977160501,0.917333523863961
e103c2bf-0296-420c-a012-d7a0be8d71f2,1.2275450534082784,0.8345786376438147,0.6641897685052872
60797,0.2883252031984652,0.7809184505892048,0.4682766504715633
43090,1.080186718758172,0.9693290741660863,0.7536438982566447
56257,0.3248541459070673,0.9654449053326454,0.6036010288653901
56816,-0.33272981055492934,0.6113315376191443,0.2682909402686482
46163,1.5340770905885999,0.9945860517309407,0.8912546441840525
61481,-0.47131641664558543,0.7269327808869825,0.29244069734209777
28068,0.7324333914183171,0.7052640946165043,0.5280080022863676
519a7db5-bf8e-4977-810c-6437c8cd726e,0.45189579202933594,0.6779256945733814,0.45777364961417544
21268,1.206565963646254,0.9960974031660564,0.8692483566733352
7953,-0.6007434061602277,0.0765979891112399,0.08373821091740496
c14e72e6-c8c3-413c-a018-89d5e3c6c61f,1.779247160889441,0.9929234552490499,0.9034009717062018
56182,1.1994636062493806,0.9706839359527584,0.7702200628751071
51265,0.044622996376200263,0.9662452541328036,0.5422263503858245
24751,-0.6903955031809381,0.22764029060233576,0.10695913118033723
7da2ab58-59b3-4962-8ed5-d2cbc0b8e8b6,-0.044546118998855966,0.9875601177990001,0.5722349242640754
11082,0.3811606337421104,0.8389625847582443,0.5174335524435554
73933,0.9300916033478599,0.9152560030134772,0.6739068305230065
3298,1.9521114466704506,0.995583663320387,0.9416261789082595
41545,0.3784309110834716,0.1913403724176483,0.29451271791940553
71774,0.7450709493188442,0.9770357578667325,0.7132752214918547
69419,2.0199758379714554,0.9988633759762698,0.9789939982852244
19014,1.0930570074092634,0.9879741605442836,0.8002286367533581
69147,-0.3147442598260407,0.3400059840910662,0.1802657902257788
111eb2a0-bfe7-4b3f-860f-8dcdf691751b,-1.6408285719487592,0.19690298783744012,0.054015432980851666
09ff4dfc-7e54-4b36-93f9-5b486635364f,-0.554222521729397,0.12483757213444217,0.09924264075450129
59197,2.129968987973893,0.9958407611740456,0.9555587310660189
46675,-0.6206723577090463,0.6626405908617848,0.24742783652472133
65225,0.675962406011766,0.5008004594120561,0.43826807659331235
491,0.010802665827113922,0.5760626211064771,0.3221634752786511
4fc401eb-fd79-4641-a7a5-3c8e6b86df50,0.23025775104925367,0.11475245283490157,0.24435553015147185
55844,-0.09072785635512814,0.6172119306222632,0.3175192912260646
27162,-0.3758453914415596,0.13556131798777005,0.126750500142898
b7979696-97f6-4578-b2ad-767d8728105b,1.2928754226495398,0.9395021929301403,0.7405687339239783
04fa8eee-7989-4ab0-aeb1-8834062e8a13,-1.2507796337269939,0.11735605016524653,0.04751357530723064
fb72b8b2-3288-4012-aeb0-2a49d1edcb75,-1.123171945614744,0.25261151278739397,0.08123749642755072
45257,-0.6811818829756098,0.43364733305716024,0.15647327807945127
9049,-0.8073662429477548,0.15489822103686074,0.08080880251500429
4d2da6c5-1ed2-4805-b545-04ac4b407fae,1.0662660601726253,0.8712774430346817,0.6650471563303801
19776,0.2964811593573423,0.7451015121656472,0.452772220634467
17482,0.7862286364422764,0.9760762421294954,0.7192054872820806
4733,1.0132532763356155,0.9149119355018293,0.6855530151471849
10506,-0.40938653254976576,0.4674407832330962,0.20262932266361816
50615bfb-4269-4ed6-a7b3-7e4505591191,0.9989377003743836,0.5978469095722964,0.5327950843098028
2955,1.4742155923220268,0.9985813509046657,0.9256930551586168
fc4337bb-12dc-4e4e-8036-ae147e7a48e4,0.6540575264193261,0.8685615248658937,0.5911689054015433
20864,-0.2678419114574385,0.3553354893846834,0.19234066876250358
1828,0.04721666157043358,0.6838046831723895,0.3716061731923407
26303,2.105717777205778,0.9986732421011674,0.9825664475564446
4972,0.24078164396750695,0.19993486924033735,0.26600457273506717
36764,0.5961515156691061,0.40225423293852103,0.3888968276650472
27794,2.0269903400311207,0.9947094982663854,0.9379108316661904
25442,0.44532755242754557,0.7902615958764836,0.5062875107173478
41353,-1.6545989431147075,0.08740449301835064,0.029079737067733636
9df5d1b1-688b-4377-93a7-b916cbe90204,-1.5123086045278862,0.019600758423140185,0.018362389254072593
64401,0.9185666965315322,0.9825925462334236,0.7590025721634753
49198,0.18374878645904175,0.44273177731877117,0.3120891683338097
39203,5.5908402528784515,0.7735799604485422,0.7340668762503573
bbed155b-7f70-46e3-8f6f-70891df68a88,2.6031170390303577,0.979239101442377,0.8868962560731638
c2e6e00b-f57c-4861-b3c4-504986ac2eb1,-1.5553237172154148,0.11115354287165087,0.03643898256644756
14290,0.4841761161271713,0.9022154068402274,0.5743069448413833
1700,0.9353588628244438,0.8533573181443024,0.6361817662189198
d8f82be2-e8e1-4dbb-b5a0-f3a1cd3fa8c4,-0.8130109319724266,0.5627313352284861,0.19234066876250355
28598,0.7726977575387721,0.9448962109509539,0.6709059731351814
73693,1.6691281551040784,0.9984233347260142,0.9468419548442413
6686,-0.22210412312166494,0.4182607341156678,0.21763360960274364
ee5d4bc9-516f-4b6c-84e1-acfc8afbcb28,-0.3872935499762634,0.1876170628334948,0.13596741926264647
47481,-0.7958017068209335,0.5703552976960402,0.1959131180337239
b2d37af3-785c-4afc-99f4-402659226d33,-0.5444046708632002,0.2652728046626849,0.12932266361817663
41188,0.04708417310836721,0.5740058664782137,0.3295941697627894
55034,-0.5903888376445274,0.42821512906571957,0.16440411546156045
40029,1.0670795001355486,0.9844891328882046,0.785653043726779
0c8d2010-8604-493e-8824-a3f5f36119cd,0.9245917204301544,0.7770910013943297,0.5965990282937983
58619,-0.650735800120388,0.9792926366338536,0.4487710774507002
31032,1.0452903822944766,0.9754747180909105,0.7597885110031437
01ba4b18-fcbc-4244-947e-259ee89837ca,1.276660881100917,0.9483989753745939,0.7475707344955702
66748,-0.4796069543636018,0.5047873365483478,0.20405830237210631
32932,0.12076838940096946,0.7848489452105533,0.43355244355530154
e496dbea-23ac-46d4-a2ed-7ccd12deae12,1.6355127030580328,0.8849410915831591,0.7403543869677051
876,-0.2755354113344053,0.30566129023066646,0.17947985138611033
69146,0.35689754798214857,0.6208991306609867,0.4171906258931123
c24321af-10a7-4774-98c3-29c41d5cc2eb,-0.9915256765235645,0.0702252020094379,0.049156901971992004
7085,1.8213858652850345,0.8035841232621964,0.7151328951128894
42205,0.5700171305899011,0.8381046161684187,0.5565161474707059
30832,-0.1668029525497341,0.37728262453962846,0.21684767076307515
35367,1.8360319756973076,0.988969091956222,0.8864675621606173
34785,-0.2951813141595382,0.46687696060981765,0.22034867104887113
30811,-1.0014712801909502,0.5595620707110549,0.17755072877965133
faa51e3d-939e-49f2-8112-01f1004ced99,0.5168324357908792,0.4977730916767807,0.4038296656187482
69081,0.34324681442248056,0.7800926192965152,0.47992283509574163
41100,1.3850454308462956,0.9868467004990042,0.831094598456702
59968,0.1715581506410056,0.5400945956813014,0.3441697627893684
16183,0.5657588647848192,0.8958730215229913,0.5876679051157474
35092,1.975490202639029,0.9975725911151443,0.9656330380108602
33633,-0.25210707839176616,0.14224489952230188,0.1496856244641326
22813,1.1754563213917995,0.35695361039763346,0.4742069162617891
41517,-0.1959272301448437,0.3215248634826573,0.19848528150900258
db9308f2-2986-46ec-adae-48ce01a39b37,0.6516875261968926,0.9901627135226672,0.7337810803086595
dfd687d5-05f7-454a-9cc9-5f1062482af5,0.552888748226112,0.9770016872976409,0.6716919119748499
70833,1.4990389488738385,0.9966172146683179,0.9097599314089739
1408,-0.597485227408791,0.2048008484749684,0.11231780508716777
d0278168-973f-4bcc-b730-1aa3b6ba680d,1.893119223089167,0.7004387507478775,0.6716919119748499
e041936a-93c6-41dc-92ed-a126ead41ca8,0.8646541278930531,0.9571375454352717,0.7021291797656474
97062130-3c0c-4e9a-9422-0adab70d79f2,1.5257834570639797,0.8309754264651761,0.6966990568733924
c8d56f1c-ab0b-4343-b8fd-ff28d7cd8ef5,-0.977628935373952,0.44525003538389707,0.13775364389825664
65092,1.5052408853329489,0.9946488701296735,0.8888253786796227
26103,1.6078596773402272,0.9978813737675798,0.935910260074307
faea5e8a-002d-4c2d-8f1b-1d33998fdaf9,-1.0778888188198104,0.019219690679398365,0.034581308945412975
15704,2.0788150472580917,0.9970601078172303,0.9658473849671334
46473,0.23549220540462423,0.9630459158353756,0.579522720777365
69968,-0.058419511143334324,0.15800479071941997,0.19169762789368391
38986,-0.40495747713917984,0.8373014850279752,0.3553158045155759
11882,0.4784337745604287,0.7782910404137352,0.5076450414404116
10883,1.4748041431202628,0.9988456917551501,0.9270505858816804
41379,0.7484954555781852,0.5277687551210628,0.46291797656473277
43700,-0.07389744510316931,0.825018000311459,0.40947413546727635
5780,-0.04749364267565903,0.8808235715289767,0.4472706487567877
47668,-0.0016833197384120147,0.6975249046748312,0.3653901114604173
69944,-0.4010189818344424,0.4920742555773843,0.21241783366676192
19f48b24-8409-44b5-b527-82d55eb4c9e3,1.6946726391847495,0.9692495786121814,0.8248070877393541
bd3fcf3d-5c3d-4459-b503-39c7f2504ec3,-0.42516483891909707,0.203940698125123,0.1340382966561875
15177,-0.03364119638618035,0.8308356484996746,0.4214775650185767
0b3928df-fe34-4378-a228-581e2d0e80aa,0.1423945069908047,0.6826610165400875,0.3922549299799943
17534,0.012812647402591804,0.3859754625724061,0.25750214346956274
62690,0.4126541593867,0.7034290853306189,0.4597027722206345
35884,1.7627319728162951,0.9932746485028836,0.9044012575021434
4b8d551d-b296-4f26-a8b5-1c0b5717b620,0.39117380606850793,0.9938692373202169,0.7017004858531009
5551,1.4684857422749984,0.981600500322784,0.8250928836810517
36846,1.7856457471874059,0.9977335056635774,0.9517004858531009
16732,1.508679968814372,0.983670218040963,0.8357387825092883
24603,-0.0008972649202665384,0.6764840351408326,0.3570305801657616
74396,0.48081719595842654,0.8675536849594364,0.5539439839954272
34341,0.10260441359916433,0.9698760104342835,0.56144612746499
61735,-0.10070675602668555,0.8156161955918815,0.40025721634752787
62030,0.5600114002886056,0.9835836620075995,0.6906973420977423
32495,0.31493315768520747,0.9942140112030964,0.6876250357244927
ecb33934-dd36-4745-a7cb-ab9b080280f9,-1.933955547941453,0.004296209431433573,0.004572735067162046
73001,0.32375472526927784,0.8757118099105105,0.5260074306944842
60609,0.7287127765879049,0.9077946146145344,0.6310374392683624
d9fc7214-ded0-4177-8dc7-e3da696c1b0d,-0.6802981065908313,0.4780288611027651,0.17340668762503572
27143,1.1366558088143144,0.9657795822555745,0.754572735067162
43953,-1.7124534109027707,0.19841667525982548,0.053372392112032006
73342,0.26287103347437135,0.4040594687519311,0.3167333523863961
36558,-0.4441701452143082,0.04384742485969198,0.09781366104601315
bfe8b8ad-b88a-41ed-9ece-3a538c1eef22,1.5223304946623741,0.9879281457561693,0.850242926550443
54924,0.40207256936100566,0.16275532277450797,0.29351243212346384
29700,-0.022414990825784742,0.9704736503312753,0.5350814518433838
65091,-0.3242705091248136,0.7308063009862564,0.31623320948842526
33665,0.5559307260530928,0.4224656315296483,0.38489568448128036
12157,0.6754501931949408,0.8540542783347873,0.5875250071448985
74223,-0.30624006258751624,0.5848484379562231,0.26250357244927125
45374,-0.03993253918343459,0.17691346007255762,0.19941411831951988
38374,1.6259108931147026,0.997987713132692,0.9391969134038296
43053,1.0220108145579037,0.8711395340616844,0.6591883395255788
43732,-0.2898070317868323,0.49157793630388014,0.22963703915404401
35795,-0.42315846194115614,0.09055103584524493,0.10895970277222064
42519,0.3964625076931933,0.8945870267417094,0.5515147184909974
16742,2.2785757355115894,0.9935883757723538,0.9381251786224636
61443,-0.03751391249691971,0.49084079262797486,0.2805087167762218
6b34c7a0-b604-4e61-813a-37b9812ea291,-0.6969815114205398,0.22692122862495726,0.10588739639897113
24761,0.30935256654664633,0.4542878974029115,0.34288368105172906
6422,0.658832494432248,0.9857786337358913,0.718919691340383
43660,0.12900791383414745,0.8715129207082097,0.48020863103743927
58212,-0.9230439644670523,0.4645067272336026,0.14889968562446412
bccd8905-b766-4d75-94d6-aa5058ce1513,0.5421882262321575,0.8320066763832946,0.5469419834238354
39479,-0.3647148566772942,0.27728445028440113,0.15861674764218348
0af877f3-4dc7-42e5-a81f-9a9ca1dc5754,2.0252215168473198,0.95325524184504,0.8280222920834523
2b5588ae-a6b1-4f69-b0f0-9778bc88f6e9,-0.8088729006978219,0.12187877734989894,0.0728065161474707
10871,-0.3429208322880949,0.9188215363510324,0.41468991140325806
29784,0.8032645357688187,0.8744817700336869,0.6259645613032294
ab500c6a-0264-4781-a1cd-3eac00266539,-1.1625700076893137,0.010474122278959122,0.02686481851957702
66842,0.6454128474562498,0.9861499504864403,0.7172049156901972
3383,-0.2516881370007834,0.49501671686905685,0.23835381537582168
25306,0.43328534195781077,0.6457023631578579,0.44176907687910827
51399,0.5104283871379057,0.8639213691951046,0.5578736781937697
69163,0.680645058687058,0.9508859981851007,0.6583309517004858
7786,1.8167813755056885,0.9977795767091562,0.9548442412117748
33380,0.006812978648909507,0.8352740067944432,0.43198056587596456
33827,0.28215598395811126,0.6859421706397403,0.4241211774792798
f5155827-8928-4f6c-a178-55b986d7d44a,0.9601638554476676,0.9764406861703054,0.7487139182623608
12930,-0.04281933218611744,0.722120769868874,0.36824807087739353
9187,-0.23151918041692032,0.8395359074165614,0.3860388682480709
5478,-0.16223441472666522,0.2813160264937382,0.19426979136896255
6786,-0.935862926172359,0.8527564250617347,0.3085881680480137
14891,0.8279757344843597,0.9023979460609937,0.6456844812803658
17950,1.4492080195842294,0.899911212940465,0.7274935695913118
57911,0.486551218148783,0.9525705294026177,0.6185338668190912
bd225646-fc7f-4d58-9879-36b130b7189d,-0.2501837075457114,0.4307147663970834,0.21534724206916261
68964,1.186129518423754,0.9913751827143621,0.8270220062875107
43464,0.14547078632176486,0.8027334533227476,0.44841383252357814
fa162ed5-a8cc-4983-998a-6287e5a06abf,2.4990310999736964,0.9885482443154644,0.9134752786510432
cb90e1a5-fa0c-4523-b5e7-d0fda5abc262,-1.1501702530274218,0.12444667176162809,0.05315804515575878
ff4e6c83-165c-49b0-b27e-2e4c36954a66,0.6896375387728955,0.9393722731250236,0.6486853386681909
7549a66d-4efc-4e7b-bdd0-1c09435458b7,0.617509303665239,0.9828516654194693,0.7016290368676765
42627,-0.5606727187478768,0.6386360642308962,0.24635610174335523
51460,0.04010652833453249,0.9572467459622018,0.5283652472134895
62671,-2.1938460118605922,0.002767115018159157,0.002072020577307802
7fffb156-36a9-49c3-84ae-0bcc68b7cf5d,-0.1695881490740272,0.511251453829846,0.25843098028008005
3800,2.1409027735808923,0.9972885323646622,0.9719205487282081
35657,0.7600090330100882,0.9856308837865887,0.7397827950843098
dda8a500-05fb-4b56-8f19-00717150bd0b,1.2200882418847603,0.6401770365232109,0.5780937410688769
15223,0.3044134729188339,0.864936719332827,0.514218348099457
10174,1.0727970904567325,0.9952466614710694,0.8447413546727636
19920,-0.08837298138756455,0.7461041741031622,0.3691054587024864
18617,1.864025291049588,0.9913362784861386,0.9004001143183766
9bb84517-514e-4263-8964-c9526729202f,-0.16781414297607733,0.6289170433728283,0.3054444126893398
69169,-0.3203047989706832,0.8838390364588553,0.39489854244069733
10099,0.7464605320987279,0.8817022579804848,0.6189625607316376
5b0e16c6-0aed-4ee3-878e-9dc9a70cfeea,0.4789525717821957,0.9690097690035266,0.6418976850528723
29222,-0.19865318671758792,0.2841730476711806,0.18819662760788797
25f4935a-fa5e-4a62-814d-2b6b39741f24,0.792475529112404,0.9705235234605452,0.710488711060303
0184f0fb-8c0f-446b-9850-771bef086ed9,-1.9048664110565012,0.18523085454041374,0.04772792226350386
549edf80-69ca-4539-adae-10038a651980,-0.21616792399478602,0.8344535477543927,0.38568162332094885
69837,-0.28577878248747157,0.6455956499713865,0.28858245212917977
e8378b5a-3718-449a-bbd2-f59f30653bfa,1.055915885881565,0.9984984830467818,0.8754644184052587
3ffacec4-bb35-4997-8065-028ea976fbdb,-0.08828749794162838,0.9737367181096567,0.5272935124321234
55363,-0.15661118464225565,0.25573306868036766,0.18998285224349815
bb939825-0f2c-48bd-95b8-1d339c5da5ce,2.580265431733195,0.9988877755845533,0.9948556730494427
53978,0.12253220960101868,0.4014874230237123,0.2857244927122035
10252,1.7555451745868367,0.9963732168612439,0.9342669334095456
69515,-0.7383897140227882,0.5552641829986875,0.19498428122320666
2865,-0.6602351352790301,0.2312318342003343,0.110603029436982
38776,1.3807310140287095,0.9964838973570174,0.8946127464989997
29494,0.9034636149752947,0.9794886293244306,0.7478565304372677
39292,-0.06582699990192353,0.46782539197737594,0.26657616461846245
3919,0.39487616941183046,0.9747663795419463,0.6343955415833096
35777,0.4525898628849437,0.9041655744529958,0.5704486996284652
53130,0.7285550898491668,0.6580126864007275,0.5082166333238067
39542,0.39224972279994774,0.987142049824141,0.666261789082595
39514,0.36801007941016634,0.9264394089370294,0.5680194341240354
11018,0.014906708603088625,0.8425649979616704,0.43855387253501
7487,1.6620465826120627,0.9907276147399828,0.8788939697056302
7e82bcdf-499e-4187-874d-9f1013e5a269,-0.10335179022749641,0.12045779611510303,0.17347813661046013
55307,0.4747226387010341,0.9688714795122839,0.6406116033152329
10141,-0.7244742509290398,0.11861132269153989,0.0798085167190626
e2280968-0eb6-4685-9920-81b5c587db21,2.765077296306461,0.9932074975866247,0.9421263218062303
4944,-0.624244804762754,0.6156685658832279,0.23063732494998573
42284,-0.4476156237038982,0.35085099285321786,0.16233209488425265
62505,0.3254069683496977,0.9153426898124986,0.5513003715347242
33787,0.1128242221040947,0.4776924703952473,0.30887396398971134
51262145-255f-486f-bbe9-4b7721e1c483,1.2926525953899106,0.9808667192424219,0.8033723921120319
32469,0.49678708046755443,0.967035791640184,0.6419691340382967
7084b0c9-d011-4fbe-9f15-9302c285ab89,-0.9539339100691859,0.02735587650499895,0.04372677907973707
57506,-0.08801896533308684,0.13075891594364625,0.17976564732780795
30129,1.923753929215409,0.9970567252735805,0.9552014861388969
52208,0.5136335354727279,0.9359110324323161,0.6080308659617033
50248,0.5415051122640522,0.9402738097344814,0.6171048871106031
369ec398-e879-4070-9906-16e6226b5f04,-0.2209964763526563,0.6814014486728303,0.31480422977993716
49663,0.6101052691350232,0.9809277672427883,0.6949842812232067
69520,0.6579099761548634,0.8762428621556394,0.5970277222063447
35973,0.47505835697132975,0.9770912765718106,0.6556873392397828
d9c3fb10-f5c7-4162-88ee-4244027f622b,-1.4343113195875887,0.04765373101929475,0.027722206344669903
58501,-0.21003346936818668,0.5182006460614793,0.25435838811088884
0f274b93-5105-48d3-a99f-43a56d073cfd,2.084741200330659,0.9832130918879612,0.8852529294084024
42402,0.6119397707666562,0.9838603660879947,0.7032009145470135
24633,-1.435467394671251,0.06283393768414543,0.029651328951128895
64585,0.6446558854881055,0.9818998277882088,0.7046298942555016
ea0ce49c-170e-4cae-b8c7-19bc58b41fb0,1.1281281142648587,0.8550720505194459,0.6633323806801943
41495,1.2945062887632846,0.9929209940935092,0.8507430694484138
1891,1.8521291890905105,0.9966966234186584,0.9463418119462703
41584,0.33248753657638436,0.9626642975495668,0.6016719062589311
45791,0.5507959974645404,0.929062446872294,0.6088168048013718
35f01bc2-9bdd-4487-87eb-bed8d395308e,1.138539529573972,0.8061129068885046,0.6407545012860818
29926,-0.0912455398498564,0.6799652452978674,0.3400971706201772
63f330a5-0833-4fc0-b1b4-ec676185981a,0.5887432070598113,0.6904732437069167,0.4920691626178908
16301,-2.5527972731593627,0.09967103712161063,0.02529294084024007
30308,-0.2741955114689171,0.2760528854575055,0.1722635038582452
9f4660d8-0c3c-418b-a643-f8cf4eba5a37,0.8928531022189332,0.9844038216603318,0.7597885110031437
64999,0.2813979493608456,0.860050595871302,0.5068591026007431
50770,1.4297746589270728,0.9894482466623061,0.8450271506144613
32966,-0.2103168714315583,0.7985407453809382,0.37074878536724776
30707,1.9569352186766862,0.9936210856288544,0.9222635038582452
58940,0.8278710104430705,0.35661004348536146,0.4231208916833381
53409,0.6541719837991606,0.9086757847165715,0.6162474992855101
4ba80a55-7f4e-4e00-9dc0-1c7abb0ddfdf,0.09556064036851758,0.16889775619973407,0.22670763075164332
2770,-0.13351782538651302,0.9205224205486036,0.45334381251786227
5ec14449-629e-4bfe-a89f-2513e3f4657d,-0.3941119653043458,0.2637644919622082,0.15004286939125466
60628,1.6305006906892432,0.9961705385427311,0.920120034295513
7aa3c990-1046-4b21-85e6-e339d93b2867,-0.5434438281168912,0.5492058612888897,0.2129894255501572
5430cb01-2cac-4193-9f67-f09c8cdfc0e2,1.5855525418219507,0.995577562633539,0.9084738496713347
56c0cbd5-0ccd-4476-b6f2-73f41139f6e7,0.10715549459993995,0.7162189902707199,0.39839954272649325
1141dd1a-5bbc-4b21-85a9-1b840a01a196,1.3144481449596026,0.8544374633337749,0.685052872249214
46437,0.7803636425842722,0.9716621909021205,0.7105601600457274
74526,1.1476504444242774,0.9931201789807702,0.8341669048299514
f57464b2-8572-43b5-88ce-90fbf4e2e265,-0.13433451667307117,0.43826131805928614,0.23978279508430977
b1fffe7f-2a51-4d61-8fe8-c7ceb9245409,1.700207395183321,0.994706975777458,0.9109031151757645
10064,-0.4065032402955089,0.33417081730546006,0.16454701343240927
35552,-0.3432404437094828,0.309418390343742,0.16890540154329808
8167,1.0000079972296794,0.7008327977897851,0.5717347813661047
48836,1.3268043354139767,0.9965487195594509,0.8888253786796227
8115,-0.11565214040236793,0.2765136174217246,0.20284366961989142
67846,-0.11544324498925318,0.17080306980697268,0.18090883109459843
cbac993f-89f0-4246-a8fb-a34d37c0f6c2,0.8766680773408958,0.4369182386857851,0.4539154044012575
f47ebaa4-3859-44c0-9b47-c1a8c17561e0,-0.503846294546241,0.10088769021394967,0.09995713060874535
45805,-0.7238525764877333,0.3096985422960564,0.12110603029436981
20577,0.3976504798014072,0.8273463858130331,0.5141468991140326
7283,-0.31479717613409997,0.8636146189208966,0.38375250071448985
22104,0.5579455165046375,0.9474906714727401,0.6280365818805373
18392,0.3845475450845036,0.8778427293759701,0.54036867676479
40518,0.12843781826414635,0.9596962781076718,0.551086024578451
9338,1.5150606397260578,0.9913295341074773,0.8654615604458417
52758,-0.0407359160542784,0.8054870302058902,0.4091168905401543
b568668a-90eb-492e-8c71-6c3c83593c74,0.6056005342255897,0.998837989946732,0.7967990854529865
73205,0.12453762350088038,0.4257552953358625,0.2921549014004001
b1c2433b-86f4-4895-bcde-78e0cd34de96,1.3143198126573252,0.6181725529652157,0.581094598456702
13447,-0.17808520322289723,0.6204540504814473,0.30087167762217776
30905,1.9949261908666531,0.9978867073631544,0.9700628751071735
909d1844-bbbc-4471-a0a7-b3933be06a7c,1.172648879605082,0.9168743907750044,0.707344955701629
82abd86f-c760-4f62-bf42-db5e8ba94811,1.3382811889809976,0.9168396124071921,0.7269219777079166
11311,-0.23740533005145048,0.6751738328311354,0.3085881680480137
29606,0.0005443929131831449,0.9809372496638501,0.5616604744212632
57809,0.9461817189030673,0.9649415785170199,0.7278508145184338
f912ae69-7569-404a-97a1-d57e8395c9f6,0.5350522247575287,0.7705608693554503,0.5152186338953987
46718,0.5734790498301422,0.8003431312994824,0.5397256358959702
32358,-0.7016367375358208,0.2739023553387088,0.11417547870820234
58666,-0.2821625410667695,0.7542779299633732,0.3345955987424979
5844,0.0904278714074116,0.4587616911151593,0.2970134324092598
18671,0.1599548383077996,0.5914715277235216,0.36196056016004574
9158,1.8221906123148996,0.9975875979567574,0.9539154044012574
15328,0.3107987637726023,0.5913145921862392,0.39425550157187766
58473,0.9936049006895089,0.9212632419670783,0.6864818519577023
20626,-0.07139565834987682,0.9119291809022035,0.46163189482709344
37112,1.5509174233328529,0.9584566869520834,0.7925835953129465
39038,1.6505921227215412,0.993913741002643,0.8988282366390398
6dd76e79-f082-48d6-9b13-d55a9679465c,0.39009635681241456,0.8979688780427331,0.5525864532723636
7885,0.9305646062305877,0.8926996940489774,0.658188053729637
71614,0.2910234343583223,0.722547162696521,0.4409831380394399
14018,-0.8595150964740808,0.6227234270300016,0.2130608745355816
d4c9d2ab-3ad9-4215-b068-8a6ae889ac0a,0.6433950391178695,0.961099670823675,0.664332666476136
74172,-0.7089310869156835,0.797438356375419,0.29987139182623607
1d5ac1e5-111a-4c3e-9efa-78d095b7d057,-0.603731932019667,0.13562282811556373,0.09681337525007146
894bf74d-847d-4b4a-ba65-ed395f95d327,0.7341044017840203,0.8398907813841928,0.5923835381537582
6ff6bcfa-ce49-4e81-8a1f-133daaffe2b4,-0.052239338131683466,0.18540052791544195,0.19934266933409547
7ef4dcd0-75d7-4ea4-872b-ddee13d74479,0.13586270897752112,0.5272418408326055,0.3303801086024578
62593,1.994878214248131,0.9883426650000402,0.8954701343240925
69402,1.2805911480228267,0.992585259503263,0.8462417833666762
55975,1.66746201097172,0.9973109730243026,0.9364818519577022
22995,0.21729625860616525,0.720033870228224,0.4229065447270649
9772f2ce-44c1-4996-86c4-b46457d5d7bb,-1.384684861871048,0.07040212452860388,0.03265218633895399
bed455b3-190b-4eac-836b-77fb6680fd45,0.894935656448681,0.24196045188148424,0.410117176336096
59439,0.3361218829824008,0.7937105822973874,0.4859959988568162
6688,0.3080588615160548,0.4407172193267179,0.33766790511574735
11332,0.23867109889956403,0.9621135946179784,0.5788796799085454
55725,-0.33985895807942745,0.6383318744127061,0.2774364104029723
629b9a1c-c07b-4756-bd2e-03f3714f4de7,-0.5899653150232433,0.16417588595645347,0.10367247785081452
49181,-0.7082459784679762,0.21835590607312447,0.1034581308945413
53991,0.5839124713073869,0.9037154587593432,0.5973849671334667
f3a9ab68-7013-4466-b147-9dcaddab40ec,2.6784990400603244,0.9861880496835573,0.9076879108316662
40593,0.6142409260569585,0.991203517864749,0.7315661617605029
8949bbe1-d59a-40a3-921e-b215aaf8bfde,0.12250281659559703,0.7174153779146998,0.4017576450414404
35058,0.3655374804507129,0.90505041820358,0.5523721063160903
23608,1.8053775868202409,0.9979432277120297,0.9557016290368676
36102,0.08559539493106638,0.8874872196047194,0.47985138611031725
62040,-0.1073187914503897,0.7366173735468028,0.36017433552443556
55733,-1.138320858116947,0.6283636186061379,0.19762789368390968
24460,1.489506238442951,0.9949066367075062,0.8901114604172621
b8f6f759-da03-49e2-a7bb-2e35ca4c92ee,1.2435788443568194,0.9028404561920077,0.7052729351243212
62605,0.594515783899804,0.7543035338825701,0.5216490425835953
2740,-0.8042493043402039,0.31041755179058483,0.11374678479565589
8aa9a21a-a60e-4ffd-86b1-11f15030a5c0,-0.24811096543039224,0.5147374963295289,0.24607030580165762
29098,-0.12456622369187031,0.6415764961363054,0.3180908831094599
e70d5a2a-4f35-40d1-9beb-ce32d298f69b,-0.40061991160159827,0.8529099414863756,0.3639611317519291
41756,0.325999567490058,0.4163684245965788,0.3348099456987711
097bc025-02d6-49ba-8546-bf209c985857,-0.4312960834357329,0.10742966119351437,0.11074592740783082
52656,0.8781388851069416,0.995390340937074,0.8163046584738496
51517,0.009306079727025629,0.7974987146669861,0.41511860531580447
8fb94565-4552-4dc1-b1c7-a7b0fb09cd32,-0.9025598931435426,0.14933912361816315,0.07302086310374392
1333,-0.477012263098733,0.4418500413681595,0.18283795370105743
f225811d-b55c-47fd-816c-108cfc91c596,0.48937778305347673,0.715709951094751,0.4808516719062589
bed4442b-a514-4d7f-90d0-2247dc0e62d4,0.591995482898177,0.7656884089711272,0.5267933695341526
72755,1.7784204450606995,0.996660575064361,0.9394112603601028
46095,0.23265103594419156,0.6979847052869939,0.4170477279222635
41652,1.0760820735976306,0.968360858298791,0.7513575307230638
3392,0.18122634802389131,0.815199275675247,0.46206058873963995
26810,0.7978122295742855,0.8778231189861326,0.6268219491283223
74542,0.5056120493622023,0.9596666612654522,0.6326807659331237
23244,-0.24614471745777022,0.5235844464664893,0.24892826521863387
bc069074-b164-48e4-82bc-7c7e78c188a9,-1.60621548740957,0.14673887455807658,0.0440840240068591
8e3fed9a-e227-41be-a662-283a659d18c2,-0.22713161836088835,0.2730564884116279,0.1802657902257788
58368,1.24844781576417,0.5448538073692849,0.5430122892254929
14640,0.22432395518136983,0.8910700300361063,0.5117176336096028
bfe1a863-f71a-4b4b-bb7a-c866f643f6f0,0.8176288318824596,0.9831179498636394,0.7417833666761933
17157,1.5954738449707733,0.9919611550146812,0.8784652757930838
7def9cc1-e1a8-462b-bcd9-8370aa5dc141,-0.7253436278879708,0.005616813304653252,0.052372106316090315
43947,-0.4889180141354794,0.5331679311850033,0.21334667047727923
432ec464-cf68-428d-bbe0-5d25567d26cb,1.6263413016206778,0.9364762897771194,0.7765075735924549
0756aae4-1980-4f41-a29a-24976b2aa0de,1.2322460428633049,0.9514824090696313,0.7462132037725064
669f87a1-c0ae-4677-a33d-a44341fab6e4,-0.3179952053241305,0.20024746571269345,0.15011431837667905
21282,-0.8412880059194254,0.5530697764246645,0.18619605601600456
a8ea8766-051f-48dd-9f93-3afdfa6f4972,-0.39760988762655125,0.8314879175798826,0.3533152329236925
20611,1.2184764122521332,0.9907479602678192,0.8278793941126037
a1a7db4d-0243-480d-94f3-3243fce41ad4,0.5889804214356682,0.9253705404456464,0.6144612746499
55227,0.14245202405191315,0.835740533216932,0.4632037725064304
18131,0.9349060905380465,0.9856193144490832,0.7710060017147756
69606,0.3527033348922667,0.5901501916561592,0.4038296656187482
28306,0.3817997987987782,0.4594450818324226,0.3615318662474993
10893,1.096739690473671,0.987210349750113,0.7977279222635039
2dc02656-7654-4b65-8bbc-f3e9fba6083a,0.016065102354229754,0.8832546388049065,0.4619891397542155
26935,0.3015119419282774,0.7782756373913825,0.46913403829665623
47491,0.27340413465067515,0.9744395923638817,0.6068162332094884
61be99da-553d-4aa8-ad82-98f0a0067d48,0.006179108944325384,0.6070686760561318,0.33338096599028294
35160,0.2589516529226336,0.9413498541406905,0.5568019434124035
47033,1.749945832532913,0.9982178302178037,0.9528436696198914
49820,0.6613882580682425,0.914745388300828,0.6225350100028579
45904,0.2706633131084891,0.8986973478949081,0.5269362675050014
61123,0.06145627677420368,0.5581886154972001,0.32695055730208633
ca1f0179-4413-4bbc-92bb-6522dbdee43d,-0.038575741986427436,0.28750225179220235,0.2224206916261789
16447,1.738753544436718,0.9922143770839045,0.8941126036010288
92b0f089-4b9f-4704-948e-0f512613b5b6,0.5515969161235768,0.39978484581588425,0.3779651328951129
43712,-0.05733608145040481,0.932648559257896,0.4813518148042298
14436,0.522258563353982,0.9597906124446594,0.6368962560731637
13104,-1.4534976341930779,0.4934636614577516,0.1341811946270363
4155,-0.795623547097202,0.43146482647285045,0.1445412975135753
52145,-0.26237626647861334,0.3454636594681556,0.19098313803943984
35704,0.07610569384660693,0.940849593175108,0.5170763075164333
cf8a43f1-1063-454a-a508-cb6401140554,-0.7436187520360162,0.014325843238131377,0.05465847384967133
32807,0.589425678449911,0.6129832206511808,0.46306087453558153
4215,-0.22122579961840194,0.4074747220106235,0.21491854815661618
ed2fd305-d396-4b87-bf10-f81c4506db62,1.031255227847862,0.7083217244594598,0.5805230065733067
6752,-0.10640294207193945,0.1285581307419105,0.17462132037725064
61619,0.327757251830187,0.6587415065588891,0.42419262646470424
5b850739-c4c4-45a4-97e4-dbb2f4a7637b,1.132073416478903,0.9908320213557051,0.817590740211489
8c4bf37e-46f6-45eb-9c68-c7a14e6572ec,-0.32553920684652604,0.016078052637520022,0.10853100885967419
14185,1.6433208231264205,0.9955104878723703,0.9145470134324092
32473,1.5423403295607971,0.992533985543478,0.875535867390683
60d30a85-725e-4c56-bf7d-dcba70833066,2.0975526390530312,0.9980454854726338,0.9777793655330095
72337,0.13500863263638502,0.7530346590120424,0.4211917690768791
68011,-0.024135083156754278,0.6558242500507325,0.3453843955415833
5a6e37b9-4270-4dc2-8f89-980f39be9e4b,-2.0228732286512736,0.5513984840724996,0.14761360388682482
22555,1.206870641121243,0.9876812384205099,0.8130894541297513
17907,-0.2958008913119158,0.5639559768284909,0.2560731637610746
46323,0.6224988115233594,0.5504602641468787,0.4453415261503286
72400,1.5375934775469857,0.9847040407562885,0.842169191197485
55794,2.0547587350590724,0.995762926286108,0.9507002000571592
58121,0.7955280462818328,0.9613172613087672,0.696270362960846
6dfaac3c-1bb3-4662-acbf-6b4b4f541c70,0.9879016047789375,0.9572687150455439,0.7220634466990569
c48a019f-42a8-4cc6-97b1-875fe916b89f,0.9249302489888673,0.9704618700407975,0.7338525292940841
47700,0.788039994218579,0.9677359748582731,0.7047013432409259
2d69e990-c4c5-4d38-9fd8-6420aaa39e6b,0.8197430182595609,0.995173247613901,0.8033009431266076
40067,0.021264079985996887,0.9272900638411908,0.49299799942840816
dcba6c2a-60db-480f-afdb-aab782287bd0,0.264065378733235,0.6352225427201986,0.4006859102600743
33250,1.8210562730522106,0.9953542252606941,0.9291226064589884
55823,0.6714492659639563,0.5110482950118455,0.44026864818519573
e34e6b84-12d3-4e54-a28a-80b0bdef4d2d,-0.6129372833104858,0.30885281887561866,0.1323235210060017
23562,-0.020840988416766293,0.22368139436855983,0.21327522149185482
20573,1.0147358695943467,0.9926028463639293,0.8130894541297513
43084,0.10112163764853399,0.9577930992737451,0.542655044298371
13255,-0.1502878164950825,0.8579775524000194,0.4113318090883109
30058,0.9742282834251665,0.9871341805040528,0.7802229208345242
3f105539-9391-4749-95d1-7498b0a6cb4b,1.171137785783325,0.9899452354325008,0.8181623320948843
c3bc6735-a23f-4578-86a2-6ed09c9b37c3,0.02734455075790926,0.8590418445069666,0.45048585310088596
29111,0.8565735020094454,0.4332165504519539,0.448556730494427
12497,0.038166401050760024,0.9886260032633685,0.5939554158330952
27554,-0.8396306734992809,0.5684823033313317,0.19284081166047443
9ca016d4-d710-41e0-afa3-33c8e8b361b4,-2.217353332369451,0.012028329836580831,0.007502143469562732
25445,0.814111545523319,0.9807056271777523,0.7344241211774793
18164,-0.565069757833569,0.6213229446700426,0.24021148899685624
20894,0.1705066462823101,0.9210723964323135,0.5213632466418977
9ce0b742-1822-4bd9-9847-37746e8bef8f,0.9017447058722141,0.9735723543464264,0.7352100600171478
25855,1.8981641039833859,0.9946009861105277,0.9272649328379536
7492,0.2862957444283073,0.6650723503811975,0.41604744212632183
14249,0.3718800628939629,0.7545891955378089,0.4737782223492426
12,2.4292113457566895,0.9949766329078118,0.9542012003429552
34326,0.8030584851231659,0.48980791942310314,0.4600600171477565
03c76724-d0d4-4c4b-a7ca-5cf38a464857,1.051406350867637,0.6399620236607868,0.5569448413832523
30760,0.17225151974419423,0.6780517331774211,0.39718490997427836
90119a8f-68f2-47bd-9e78-847c2508108a,-0.10549531407050561,0.4185463536315993,0.24078308088025152
6933d316-b844-4070-be62-158672353d0e,0.7192342217786061,0.7397644846548753,0.5396541869105459
17129,2.0078837067004893,0.9960524388621567,0.950485853100886
50286,-0.005817247084468347,0.3214903339355568,0.23735352957987996
e8e26c13-3e1c-4387-9a01-2d7b60aa3d29,0.4011738854398406,0.8861175215425272,0.549156901971992
25884,0.7134991413451832,0.8217188763692194,0.5778079451271791
6d84cfdb-a019-4758-9a23-2343c2c19686,-0.12183652738558903,0.6864318260583605,0.3350242926550443
47430,0.06302076835732373,0.9820280946810531,0.5790225778793942
53716,1.9445968299721876,0.9933932485362675,0.919405544441269
dcd7b129-9416-4fb8-8974-28600d6e6fef,-1.3108450844006154,0.10272942350639219,0.04186910545870248
63662,0.6463854698568011,0.8330027908819331,0.5698771077450699
15883,1.2817982996287067,0.9543340403075713,0.7555015718776794
edfe63d6-41bb-45a7-ae78-3a43ffe45f88,1.2764311185815733,0.9967195944397427,0.8849671334667049
49451,2.26357084313854,0.9974724612891319,0.9780651614747071
30788,0.3054883974504866,0.21450239439527205,0.2825092883681052
69662,-0.9839794354109139,0.59052147431026,0.19112603601028866
16906,2.000506236454192,0.994238902457729,0.9307659331237497
20091,-0.2915975241991252,0.6090519209969265,0.27400685910260075
68378,0.07251948198695118,0.8207651117603385,0.4395541583309517
49117,0.38049815410782206,0.41209485452826716,0.3453843955415833
61395,0.3637846226144612,0.4893288053397084,0.3676764789939983
30301,1.4129645247556981,0.9610146082842538,0.7793655330094312
61557,0.7341564926229897,0.7230803003046139,0.5359388396684768
68e05e06-dc40-4c06-aa89-1c31b0cc44d3,0.38503039169889774,0.39968740354450455,0.34331237496427547
41145,0.27626551162439256,0.3484379614358599,0.30594455558731065
66740,-0.7342971172395694,0.7360822878533847,0.2667190625893112
53836,-0.14519446470678876,0.36191593410809897,0.21677622177765077
0dc93dc8-ea7d-4aef-94fb-9e12d030c872,1.120998532178623,0.6511145365368638,0.5690197199199771
68723,-0.07805948271005358,0.4763935395882841,0.26721920548728206
175,-0.49597476509632044,0.9395267342420606,0.4089025435838811
46243,1.601336436147153,0.9885564734345312,0.8620320091454701
11123,1.385872099528616,0.9971496252575175,0.9027579308373821
ae6dc3c5-c6ae-4669-a4a0-71fb2a6e46c9,1.1156811736509622,0.994002479915067,0.8359531294655616
77249f1c-ff22-4dfa-ab26-24e9c978061d,0.4283880925692466,0.610217817276785,0.42755072877965133
403ac7ac-8d7d-4bf6-9940-87e9a1260d10,0.03799007955798783,0.3495217102392732,0.25378679622749356
35182,1.8465229514945638,0.994060200958382,0.917333523863961
49298,1.8963444916953467,0.9940923127997197,0.9216919119748499
69479,0.9031545964467582,0.9744333127650696,0.7367819376964847
d1b24c78-c7a0-41c1-acce-d9363a61cb3a,0.9915133721859264,0.9547817379870241,0.7186338953986853
62810,0.21414460104673386,0.911614467341287,0.5229351243212346
19313,0.39986366564255904,0.37411439835841054,0.3396684767076308
9a873597-2bbc-4ca9-8d2e-621555c08b21,2.3515765099740085,0.9980385833674321,0.9859245498713918
14854,0.4852280893871311,0.9540172785148869,0.6199628465275793
dab8b32a-04c3-4a3e-913f-1d49eb15cb19,-0.14386058478122332,0.4331623137692087,0.235781651900543
19040,-0.6936027321177143,0.6802309415063366,0.24735638753929692
9e07f6ec-42cb-4e2b-bf6b-e3f4c2ce2efd,-1.8225802285060244,0.04767912708872106,0.020791654758502427
62858,-0.03800330889158354,0.38657398433837215,0.24735638753929695
28976,0.059237046407277505,0.9043565259520387,0.48399542726493283
5b2aa0b5-b33e-41d9-a14f-efde46627395,-0.8597147469590314,0.12081544829928793,0.0695913118033724
65103,0.6501046508986738,0.7708218894122582,0.5401543298085167
45659,-0.19781717319329384,0.665907893988199,0.3128751071734781
28878,1.2181880584146094,0.9955775256198189,0.8656759074021149
14353,-0.48589142959984255,0.34323264795707586,0.1544727064875679
18515,2.1108074448253413,0.9683704308080717,0.8550300085738782
537b5eab-54db-48c7-80f7-9a08048c55af,0.2970128062601374,0.8973326595048042,0.531437553586739
406ba88b-0bf6-4461-a6a4-63a1086e748b,0.6570710037551832,0.6287349558875617,0.4832809374106888
10245,-0.2685209523821981,0.5806180472772924,0.26743355244355527
e7bb79be-bcd1-4084-ba05-3b887837d91f,0.39878585019636614,0.9718301285156666,0.6304658473849671
65251,-0.02605499987322235,0.24014047848654788,0.21577593598170908
32220,-1.1483025889899505,0.07980035218270314,0.04322663618176622
0069a467-84fd-4b74-828a-0dea10939c5d,0.5189808501142316,0.9903324851127732,0.7065590168619605
4c107947-0483-4224-8051-0dfc87ae955e,-0.28523656810811493,0.6375769220517383,0.2860102886539011
10802,-0.5262157381701704,0.5499592615873511,0.21541869105458702
9e742987-02e1-4956-a02b-430e71dc1cb6,-0.4533806811027541,0.5971767480266925,0.24435553015147188
25649,-0.7634865101624511,0.32485864316899815,0.12060588739639896
24269,0.5184282698981697,0.9870530722459904,0.6928408116604745
54093,1.4084356238358966,0.9765394177915915,0.8047299228350957
61342,1.8268620837496607,0.9955842379610794,0.9323378108030866
10625,-0.02744192618392749,0.826491975843397,0.42012003429551303
46278,-0.05406021251444626,0.905808738284603,0.46177479279794226
bb98f451-8533-4b28-bbc5-71fe5406c917,0.8653044022599057,0.6899250365464378,0.5468705344384109
67161,0.5011025740716029,0.5175813539868426,0.40633038010860245
17985,-0.47011068413377066,0.8555723052799142,0.35538725350100026
19422,1.1339673603878886,0.6671125414579895,0.5767362103458131
62107,0.44001450419447613,0.7719828726161359,0.49599885681623324
40728,0.7143263442349856,0.9756003034737494,0.702772220634467
7d21cf14-8add-4f1b-9706-40420984741e,-0.08808433997501053,0.781906797502469,0.3868962560731638
55740,0.89196605466734,0.9286848582998216,0.6768362389254072
23858,-0.7430642207453901,0.06008389815404787,0.06616176050300085
17230,1.3385312462454173,0.7058375335226389,0.6168905401543298
a8869158-e0df-453a-9786-ba0af4b9632d,2.242476809033115,0.9976184403185379,0.979279794226922
1560560e-2842-4480-b3ba-f65201fa4c01,0.7612358476331256,0.9341503135492628,0.6586167476421835
48e47d22-45ae-47fd-90e6-2ca35df282fe,-0.003237741903618363,0.7331131840535253,0.38082309231208916
71914,0.16550525150848977,0.15197152249059825,0.2398542440697342
5069,0.7524488919823287,0.9169315884670475,0.6433981137467848
30152,2.1711228143652197,0.9948417536412888,0.9463418119462703
1b861880-e0cf-4411-8f5b-17ba06a2452f,-0.6192643277810108,0.7628922559824256,0.2912260645898828
45797,1.1503713995877138,0.986668024833573,0.8029436981994855
10022,0.03283954768834885,0.7122278843821293,0.38046584738496714
96a79572-b5fb-4527-b673-eece6d30fbd6,0.7442285883938453,0.7199270475640831,0.536867676478994
54297,1.0697897948292203,0.9756502638996941,0.7633609602743641
24304,0.2300060177082739,0.4586131075832016,0.3270220062875107
33000,1.684599174744926,0.9494614153430608,0.7957273506716205
29821,0.7014103671239204,0.9896063126760563,0.7412832237782223
90b2e902-5ee5-444e-b1d2-2c2f335e6898,0.4408068154137601,0.9950899514224189,0.7239925693055158
25966,0.7764810195540194,0.9899056888163777,0.7587167762217777
22050,0.8429004691404587,0.9418898282901971,0.6801943412403544
5ae49232-2dc6-4731-8daf-28acc1f3f54b,-1.0871337608171958,0.2952118103228994,0.09159759931408974
12466,-0.5275544098973417,0.48595443416285916,0.19198342383538153
20944,-0.16905043488590876,0.9551617866788179,0.4804944269791369
50367,0.12315407455913085,0.8872031293366378,0.487710774507002
72910,0.09042396091843968,0.6552179183211863,0.37010574449842815
62997,0.08514952412390137,0.5637944966408646,0.334452700771649
d8f156aa-6c25-4936-91dc-5c4d0a955b5b,1.4475643307114865,0.9381366022272098,0.7567162046298943
31643,1.63705917067554,0.9925376100580462,0.8868962560731638
65246,0.3526836178568942,0.9715820588933886,0.6195341526150329
32974,0.4425784531630404,0.9684260227940498,0.6330380108602458
41001,-0.22190791045464642,0.09291224399115826,0.14354101171763362
921c51cd-f44c-4c7b-b8f9-baad4d452c69,0.9184863807685479,0.903491831540357,0.6631894827093455
9760,0.778910750674815,0.8080670843812905,0.5870248642469277
3a38cef2-5165-48b0-8711-11270380cb93,-0.6461274019949301,0.7350089860383342,0.27500714489854244
23225,0.857098060009436,0.5644748183909097,0.4979279794226922
dcd23c6a-f6f4-4cf2-a560-c5e547040a09,1.2393764789971522,0.9955786893165514,0.8681766218919691
36691,1.5508503960083344,0.5896319649813342,0.5972420691626179
29496,-0.4629830071879747,0.4606695384855535,0.19191197484995715
e425da6d-5df4-48f6-aaa1-b9a3fc1c3437,1.0475407498587936,0.9795011612898488,0.7689339811374678
54887,0.9209424104091546,0.8740388927692256,0.6466133180908831
45784,0.8289404858531495,0.602658596264194,0.5072877965132895
61888,-0.8711810993042879,0.11869776576347137,0.06823378108030866
74531,1.9462642693832843,0.9973556624842371,0.9601314661331809
c9d14ed6-979d-414a-af8d-54881d5272d3,1.9284671704023575,0.9100866598429489,0.7822234924264075
402926eb-efa8-44a6-ab1a-83792334d9c8,-0.14841206881085856,0.3081650557841846,0.2039154044012575
51645,1.688337281468277,0.9943973555339064,0.9063303801086025
45399,-0.07089016372031642,0.2899166200664569,0.21599028293798228
74489e99-7d9b-480f-b5c3-57faacb6851b,-1.62819989498502,0.014874816075948191,0.014647042012003429
51802,-0.4688332829624072,0.18984575174147633,0.12446413260931695
46318,1.5464863750558953,0.9970174839994003,0.9189768505287226
18501,-0.23958256399375477,0.5552423414302298,0.26278936839096884
3f4c3aed-c43b-4a50-8f1c-d6b27ff93059,0.38548201947403327,0.761955178257479,0.4804944269791369
65875,-0.0765922948964195,0.8252553505676115,0.4094741354672764
23711,1.3376236073429144,0.9948538119532995,0.8721063160903115
42418,0.1579775127425727,0.5555875390737072,0.3473135181480423
5180,0.5376299809338666,0.9075524139042078,0.5904544155472993
42088,0.5137119699464578,0.9477467901024824,0.6193198056587597
4ac23611-c73e-4d77-a205-ec594a619e39,2.8646968708115033,0.985265982076936,0.9056873392397828
e185ab4d-b19b-49d2-9fb6-2f2c9c14c2cc,-0.646736262197823,0.3508372498383507,0.13768219491283223
6307bf21-9283-44a5-a30b-60f7142517dc,-1.9844491835917035,0.03157691527181909,0.015361531866247499
5460,-0.6611127320435934,0.6550079205780166,0.24071163189482708
22946,0.4689015272374366,0.32060874613757095,0.3412403543869677
58933,1.639255987897433,0.9974302109711803,0.9347670763075164
5079,-1.1346191206844116,0.9318544993352266,0.34988568162332095
33042,0.8002524527814906,0.5114947234712425,0.4666333238068019
63455,-0.29717610891794,0.2314218937725539,0.1598313803943984
4da9a2fa-eef9-43c3-9490-515f6b26f9f7,1.9716814581656814,0.9834628394301969,0.878679622749357
33693,-0.27876596623696137,0.7907522992150483,0.352886539011146
4f18d18d-197b-42c7-90ab-690617a7affd,-1.7835319662103768,0.3018768683548283,0.07337810803086596
27844,0.1654596141841781,0.618743677132927,0.374464132609317
5833,-0.26049953925861236,0.3848037419230024,0.20141468991140327
36095,2.14662534398099,0.9978455478198891,0.9783509574164047
52830,0.4077891268226177,0.5925720705837734,0.41733352386396116
66530,1.7900790075913928,0.9931893576464723,0.9059731351814804
40280,0.8582320926759693,0.9933047765052099,0.7932980851671907
57922,-0.42534084309109876,0.48997142891801504,0.20770220062875105
13823,0.15265967580463768,0.7326778432251316,0.4157616461846242
4806,1.9397295877876746,0.9944095842398615,0.927479279794227
31007,-0.6299804087237211,0.46624302895855696,0.17347813661046013
50120,-0.9114378821227098,0.5274209046404327,0.17069162617890826
66978,0.8409547079880355,0.9733582884308773,0.7237067733638183
b092ce9a-1d03-4100-b121-cd944094adee,-1.2232036887454893,0.19275843923857355,0.06516147470705916
31509,0.9782088360283963,0.8932461284490957,0.6646184624178337
ed1adecc-47fe-4914-b7a2-1d949083c8dc,-0.22631907233495474,0.7091954469808308,0.325664475564447
37745,0.039147629781792925,0.5379252842567384,0.31380394398399547
5b09c595-341f-4dd8-97ac-b22cf140abf7,-0.3333807111816367,0.7335645293968307,0.31644755644469846
1504,0.4823802926869427,0.7738661359786908,0.5057159188339526
29549,-0.6194898237924462,0.2171978671961204,0.1116747642183481
8c697cf9-f382-4dd8-8c7b-516c709ae8db,-0.18769862129674275,0.3876568074798245,0.21627607887967992
33956,1.7437367471590557,0.9886301032896795,0.8763218062303515
30268,-1.4594931949620007,0.6657379209448314,0.198913975421549
41103,0.36219180539086143,0.5135107998439263,0.3752500714489854
11471,1.8765728032392959,0.9968244775751908,0.9499857102029151
24095,-1.052636740383814,0.6466195953013608,0.20841669048299513
8171,0.08138161128994459,0.45293343626485355,0.2930837382109174
61207,0.39663851877482226,0.7739883507023586,0.48821091740497286
61030,-0.36960572703064754,0.9029209373560504,0.39882823663903977
34203,1.1125624015538231,0.8891526815005001,0.6805515861674765
3ff733ee-00ee-4b02-8e86-e63fa373bd09,-0.9605111343361188,0.16575802893812452,0.07166333238068019
25198,1.3419993660950027,0.9663063123511735,0.7795798799657045
19667,1.6530004360772195,0.9955754541422445,0.9160474421263218
54089,-0.7765891504669558,0.8374283249895279,0.31194627036296085
a0d18781-afdc-4305-8090-f5e71d54b345,-0.5958922793325465,0.24098134490999273,0.11981994855673049
69077,-0.3091109218949991,0.7912159474699566,0.34774221206058875
40852,-0.5053834000405513,0.7375097552583202,0.29244069734209777
65942,-0.4729566157209133,0.5436301208094105,0.21941983423835382
6906,0.13836823740175286,0.36424026888527555,0.27943698199485567
51658,0.1142304562588825,0.6378630833651154,0.36917690768791084
70795,0.041305503516447184,0.9097964172750215,0.4846384681337525
31908,0.0770587117967117,0.8915007028103183,0.4803515290082881
1095,-0.04061660827725744,0.7917810115327755,0.4019005430122892
b4e771d9-6c10-4734-a078-9ff15b2bfec5,-0.868859033150208,0.18983464849828438,0.0839525578736782
bf75d885-8747-440c-bf41-dec3ad195735,-1.1765093428411533,0.6009727468403232,0.18555301514718492
29405,0.427405729876702,0.9431533390880611,0.5958845384395541
8273,0.11923584121055286,0.8195165136058583,0.4491997713632466
466,-0.17509167881969123,0.7838040700924397,0.36953415261503286
ae2fd833-70d2-4dee-9207-bb8df4075ca4,2.4500952589542946,0.9949564125124953,0.9544869962846527
6dc2c3f4-c73d-4097-9fdc-90ba04b4393b,0.02393886689558028,0.6251927351382068,0.34466990568733924
73200,-0.7257650744299045,0.5800796666238955,0.20598742497856531
65564,0.9245433098902471,0.9777269818517562,0.747356387539297
2155b65c-c436-4b83-89b0-0ce86df932c8,0.8508248455297669,0.9528238923802034,0.6937696484709917
72487,0.6449288096046897,0.9376257911314848,0.6376821949128322
25680,0.04654899188952638,0.261021244363364,0.23513861103172334
dd7d1093-e082-4d48-830b-ca7f92f54731,0.4478607685394967,0.6770962989780321,0.4565590168619606
15486,0.5049252288628202,0.7930358918082184,0.5211488996856244
44726,-2.0613797690991973,0.21057644064508682,0.05215775935981709
9965,1.5321851180569963,0.9839975982563988,0.8393112317805087
5485,-0.5450682481905662,0.9039619161309896,0.37424978565304373
10209,-0.4994547105422372,0.8945177193717968,0.3733209488425264
5289fe59-e966-42dc-90ba-00887f135874,-1.0303671562588543,0.0863069603058112,0.049514146899114035
67394,0.16752573825291933,0.8186782702011672,0.4603458130894541
2fe071d7-abbd-4232-a08b-c64a1a74a106,0.3236997516027263,0.5951016838790707,0.39904258359531297
41090,-0.223983460943179,0.7376438436101319,0.33781080308659617
14807,-0.460576217517747,0.07664280784084808,0.10095741640468706
48095f66-144e-480c-925e-9476b22d3c62,1.6415213275162357,0.9867998012357379,0.8606744784224064
61401,1.6505604053225216,0.9954230949080701,0.914332666476136
35997,-1.3701846115802079,0.053441830908386674,0.03093741068876822
23814,0.3514065557439119,0.35859159824774006,0.32459274078308087
88187df2-7d76-4686-8217-ef17f8d2cebe,-0.6294090514838719,0.5998425269315838,0.22363532437839384
45555,-0.9826076816442078,0.10734204083625425,0.057230637324949984
5ab6f4ac-780c-4c43-a07e-b5372a9b2e83,-0.19171204587082302,0.29316866565231947,0.1918405258645327
60856,0.5986924804780125,0.8707252275755637,0.5811660474421263
39213,0.49489801679225665,0.723434129545696,0.4852100600171478
61332,1.048161716134139,0.9850329059948614,0.7847956559016862
56313,-0.09240377613692119,0.597379912790588,0.3088025150042869
f0f6e211-a5ae-4ea6-849e-b0ff87825c16,1.1446469548370193,0.9604204133153916,0.7474278365247213
23390,0.7798933863828063,0.9262127570252568,0.6551871963418119
33671,-1.0220950448114858,0.07724826015698659,0.04858531008859675
54585,1.621087026937535,0.9973325504272218,0.9309802800800229
2942,2.0591222148400177,0.9911740346632368,0.9135467276364675
48579,0.6845806972019365,0.9105186744215182,0.624464132609317
59506,1.8088005174856625,0.9933392074544278,0.9086881966276079
32817,1.5000930099306595,0.9936308965530848,0.879036867676479
e693c265-9371-4508-ab77-20fcdb535e9d,0.7310873702616194,0.6191093893634494,0.49521291797656475
42741,0.48691953458559045,0.7145502265217512,0.4797799371248928
67456,2.2353726074552016,0.9967722546480376,0.9694912832237783
f75a3e0e-660d-4ce2-a72c-92e4f24473bc,0.010100372406900981,0.754190297710602,0.3937553586739069
28722,-0.01654537704781267,0.9443990787713435,0.4995713060874536
b0bc2665-8e24-46aa-be18-2a0b95ab9c63,0.924955621207215,0.9894001385611969,0.7825092883681052
39532,1.7000538875495965,0.9891324537828493,0.8746784795655902
36609,0.6355413485414602,0.9896674901210474,0.7279937124892826
5845,2.188981382572231,0.9986773381477272,0.986138896827665
36fe88e3-60a6-465b-9926-0260ebf8bd1f,-0.9216036927141307,0.5892744459016828,0.1956273220920263
f24df7e6-2348-45cf-b5b3-9b20115a8c0c,0.504861227641864,0.8151296156906033,0.5312946556158903
217a2c4f-3e1a-4be6-8a40-5f4f2f773330,-0.16388999566951779,0.7898618130020961,0.3740354386967705
f88f493a-9083-4a33-8b8e-899b09abda63,0.2531861436730972,0.53126618407318,0.3568162332094884
36096,-0.20650448932695187,0.7048963464555829,0.3268791083166619
26105,0.6764253217823761,0.9756706334014004,0.6961274649899971
70048,0.7677192939949367,0.853331306501448,0.6061731923406688
fe4c7635-27ca-4bbb-a11e-17b3fc940be7,0.5750817342028789,0.9107900465680935,0.6010288653901115
02a81f48-87bf-407c-ad8d-c064925d4159,-1.6137728289362452,0.09276289441495034,0.031008859674192625
4f8d0e9f-488a-4f81-8ee6-d4a05c2a6189,-0.441056845451266,0.5812607935697395,0.23942555015718778
12145,-0.27155190717041733,0.5493385027346701,0.2541440411546156
d99d6b7d-e76c-463e-a3e0-3f7effa24d93,-0.9239816023472687,0.046721105111884514,0.05130037153472421
50990,-0.32661338440770205,0.24763698693168573,0.15783080880251502
bde2f1d8-68cb-4d51-a55f-8cfa19c5fa8e,-2.338420271030718,0.026957278030658137,0.01207487853672478
3580,0.9695204518169449,0.7755905753369348,0.601314661331809
e0abbe4c-d399-4b01-9c89-4caefde8f83d,0.9207051384837153,0.9996045565239117,0.8592454987139183
f682d67d-61b0-4cbe-90b8-c0de92999595,-0.6066448989154538,0.09684181506653962,0.08695341526150328
26241,2.102535836519338,0.9958139668332059,0.9538439554158331
63470,0.49116684742623057,0.7930583774664047,0.5177193483852529
24923,-0.5275576870856513,0.2777171476507624,0.1341811946270363
11021,0.20046503692108625,0.05289744594796974,0.22670763075164335
21338,-0.1050020348306272,0.8986850723617481,0.4450557302086311
69374,2.1103816402254103,0.9974178341059697,0.9717062017719348
6a0b2d18-a361-48a7-8fb9-3efd0dde164b,-0.7358687781075344,0.6313210504628438,0.22506430408688197
54052,-0.12356306457306077,0.9327438081736432,0.4658473849671335
11664f26-6775-4336-858f-d44d3cc43001,0.08538861746704257,0.8075209672912381,0.43748213775364386
14580,-0.18039672223332548,0.36149114833351237,0.2101314661331809
093661d0-d180-4ae5-8336-eaa79b8192bf,-0.42318640031397525,0.09660121563957384,0.11003143755358674
1eca967f-e093-42e9-8207-a2610d66db1d,0.2687361721723292,0.20421030629625314,0.27322092026293227
5205,1.0251206311722316,0.9082952132313807,0.6825521577593598
48146,2.019414787929713,0.9979234738843269,0.9725635895970277
12249,0.14920952041544833,0.8809633012884965,0.4900685910260074
66245,-0.8749664065233491,0.39090568684572424,0.12867962274935696
45304,0.9208478880499127,0.945566657476471,0.6982709345527294
4359,1.8153655775677189,0.9909508221419531,0.8936839096884824
66a502a1-c559-4dab-b577-ff7eb3110961,1.7469321196829553,0.8970065085269893,0.7574306944841384
28867,1.449774219943743,0.9962553603684662,0.8999714204058302
48411,-0.6185251242564183,0.4474344238845487,0.16840525864532724
401edad7-074d-426b-9075-b0b09c4c4269,1.2164438015654613,0.9805896129524283,0.7928693912546442
12811,0.00938425282394545,0.7786960306215472,0.4049728493855387
62751,1.5790810930746015,0.991924598236449,0.8761789082595026
64907,1.7666276406526418,0.9839428284992242,0.8634609888539583
30893,0.08588491218777866,0.28821801602042774,0.24971420405830236
0cf7d506-e1d9-45c4-b267-ca082f12740d,1.8788643505535711,0.9853675596624943,0.8776078879679908
71173,1.9950106735714506,0.9973999411420209,0.9642755072877964
22329,1.5947449581311814,0.9868908371683169,0.8555301514718492
10568,1.0645236520624184,0.9908792108374186,0.8096599028293798
61233,0.9572647470307747,0.9895245707142084,0.7867247785081453
50236,0.2923016158665538,0.7699793871289481,0.462775078593884
5e495f5e-7141-471f-82d0-27e8d10ba535,0.5323053402015709,0.7899054453194986,0.5248642469276936
22529,-0.16772662270870453,0.5584433220121062,0.2782223492426408
7ebf56d9-499e-403c-a02c-620316356450,-0.027270025680850907,0.1206632706238186,0.1896970563018005
18363,0.4485141029712321,0.8532834151341037,0.5388682480708773
65415,0.023721547618764716,0.791739643057602,0.4153329522720777
6f09248d-bf34-408d-b76d-28d92ef4c803,-0.9033862735640912,0.03733445981774307,0.04972849385538725
67099,8.4026714801783,0.8822682979221504,0.7917262074878537
57467,0.5018490086255463,0.8413182107505385,0.5435838811088882
7500,0.6610162374043368,0.9311635516808492,0.6353958273792513
33475,0.9342569109534131,0.9729070530904164,0.739639897113461
13418,-0.9052721326359157,0.25050608919724576,0.09359817090597314
7046,0.01636352612436498,0.4679578154303608,0.28450985995998856
f7d05579-d50d-48d4-8258-a0afbd12e253,-1.684806215716746,0.008596108160640886,0.010503000857387826
847,1.5838885433362562,0.9964995315804785,0.9183338096599027
3e323a13-93e2-4969-a510-3ef65d32ff76,0.7251120767165751,0.9420417439552976,0.6575450128608173
54391,0.7719516042745003,0.555583620304538,0.47892254929979994
60572,1.2881707077933018,0.9769699170160316,0.7927264932837954
56304,1.5444377092275328,0.9978287752055931,0.9278365247213489
31304,1.030366672047149,0.9878035795282734,0.7913689625607316
40005,0.9916016665335002,0.9882071016562072,0.7867247785081453
c4f2fc56-4725-4a61-b9ab-b5dc8e84e5b5,1.2483700838384455,0.9818482729031073,0.8002286367533581
54009,0.5267505672765216,0.455525867185028,0.3908259502715062
29571,0.8534636519740093,0.8367553408476813,0.6129608459559874
43680,1.8928596742562314,0.9842624862645104,0.875535867390683
e49e6b05-39df-4ece-bf62-e15f3dbc7cad,-1.3925122053607006,0.3085449292259438,0.08323806801943412
74227,0.731826772083721,0.9291044793090902,0.6473992569305516
67561,1.271694659679824,0.928673516977105,0.7277793655330095
67016,0.9856700194992224,0.932710378958851,0.6954129751357531
47644,-0.3447055157552845,0.6938029866076266,0.2974421263218062
8404,0.6393912388540687,0.8369859829571382,0.5710202915118605
69040,0.23487826574763696,0.34520353125216685,0.2951557587882252
1f6d554c-e0fd-4438-b031-d787607cbe03,0.7820815571794998,0.35265032573674326,0.4144041154615604
3714,0.23827813661998365,0.9681887687032309,0.5879537010574449
4350,0.585258090186525,0.8931984231475273,0.5903115175764504
18882,-0.06599310722746088,0.40097577574610327,0.24464132609316946
57515,0.09441767243385202,0.5114984092248356,0.31566161760503
308f3a16-032b-4ed7-ac35-d5ee97619b4c,-0.22865231932764352,0.7767292970278155,0.35517290654472705
1897,0.2862559632767749,0.7699996973746094,0.4612746498999714
11575,0.42917330067029535,0.8051936919385193,0.5115032866533296
70510,-1.7998780827414598,0.014756756463021894,0.011717633609602745
410b0a0e-2af7-40e7-8858-f58ebf350f75,1.5536014960220499,0.9898267451045697,0.8624607030580166
6191,1.4045739494992642,0.9827944081907625,0.820734495570163
62642,1.3845827947272409,0.9795332859371825,0.8098028008002286
68028,-0.16915622822371834,0.4676557578432058,0.24456987710774508
38141,-0.2369832350043004,0.9747942088365085,0.49892826521863387
31832,-0.42436116951573477,0.5390489864041899,0.22563589597027722
2138a382-3323-43be-9f0b-d7095e27bf29,1.4462097006254333,0.4125205631870641,0.5202915118605316
59205,-0.15369270104037158,0.199266842254536,0.17997999428408118
72582,-0.2640996048326798,0.7038335591275199,0.31523292369248357
cc3b664e-a650-4325-ad8a-1a9c9e74c053,0.9148762566095552,0.9786363843613604,0.7473563875392969
43902,5.51187729985759,0.4874022813809792,0.6203200914547014
42593,0.7550818381399241,0.7124097308219088,0.536510431551872
14715,1.5135623161939846,0.9980087738963986,0.926264647042012
24084,0.42608242958346826,0.9917669054889967,0.6943412403543869
6501,0.42609052615312826,0.4606762551162269,0.37110603029436984
32769,1.5543850482571757,0.9802642422450671,0.8318805372963705
67360ceb-4211-449c-9db3-03334899fd5a,-1.1904150458980642,0.02172028015183459,0.030080022863675338
39206,-0.023713403395544563,0.7495934169744476,0.3846098885395828
8993,-0.4716330794698723,0.317408999729559,0.15090025721634753
43973,-0.19573950518319028,0.6575145602505748,0.31051729065447276
33717,0.5142299525310225,0.862245404122276,0.557945127179194
38308,0.14806921380183113,0.9576284550988982,0.5528008002286368
44411,0.5383097765506591,0.7291587753585315,0.49699914261217487
63433,0.32295350796446076,0.8667241362815057,0.5200771649042584
45126,1.7581502219478407,0.9954383405301777,0.9244784224064018
12d8b0f2-0ca6-43cb-811c-a2f6a7339875,-0.920588138923039,0.33637221473124007,0.11196056016004571
12940,1.7818061238236664,0.9971083399762458,0.9447699342669333
56989,0.9642495686836883,0.9763208415370934,0.7489282652186339
13039,0.7999255297058946,0.9851338892952014,0.7454987139182624
cf233dfb-4d23-48f7-b9e1-0eb761cfd5ff,0.17010526185332248,0.708632914251279,0.40961703343812517
14526,-0.06347613880647107,0.9243752456975057,0.4719205487282081
68865,0.29222412429554345,0.3726838907374553,0.31480422977993716
30585,0.2288922376608315,0.7841263973510417,0.4569162617890826
bb81ec6e-310a-4c3d-96e9-481f859a8340,1.6386718136394354,0.9314806985427359,0.7738639611317519
53981,1.329465635870503,0.9810457402027838,0.8081594741354673
e63c64da-5f7e-4bd8-9ca6-553adf12d71f,0.8260425704000063,0.9562823787248403,0.6935553015147184
34383,-1.7819724706967628,0.581558589739771,0.16176050300085737
25070,0.3281068389876759,0.49695359231770664,0.3634609888539583
828492a8-e34f-4e2e-8381-0c3aaf8727eb,0.6917589547914607,0.9605106725925483,0.6741211774792798
73362,-0.15946344301675375,0.9060714907034226,0.4384109745641612
40254bc9-2645-4cde-ad69-091a143f9f2d,0.060394136970342904,0.6836466101436834,0.3741068876821949
59878,0.46737710960618384,0.8958079714448354,0.5665904544155473
9355,1.8441569911194338,0.9955755528049767,0.9331951986281795
6519,1.669568550711632,0.9945959282380731,0.9071163189482709
71720,0.6256994554555726,0.9656932211137567,0.6679051157473563
15788,1.324130442778928,0.8366733605410691,0.6767647899399829
42802,1.5946224847651553,0.6411676772063009,0.6218919691340383
c5c15621-15f9-4a12-a040-c43ff8579d6d,1.1997330540146134,0.9938411190280556,0.8450985995998856
18773,-1.058229368951203,0.4924981951858829,0.14975707344955702
39410,0.649997074832393,0.9258491582432952,0.6276078879679908
430cb9aa-0156-4229-bfc0-f17cdbd6d7de,-0.6998835033548476,0.6472218239154703,0.2346384681337525
12437,0.8857748893373726,0.9622808481462346,0.7134895684481279
43132,-0.04942417585245107,0.7936942001432598,0.40147184909974276
7215,1.0783468276134291,0.9898626643853542,0.8062303515290083
13514,0.10637986117733894,0.6073492620754817,0.35610174335524436
3761,0.3974386478886748,0.7249141441551873,0.46591883395255784
c3bbbd4d-47f4-43da-ac6b-57fbdfe0b61e,1.6900539752942487,0.9790074112484807,0.842526436124607
a8745bcf-a4ee-4033-b708-e63b4481e79e,0.9690021994319005,0.984015420240063,0.7701486138896827
43550,0.9661475858762838,0.9901366548268898,0.7913689625607316
50163,0.3164925199013034,0.5877599247297222,0.3956130322949414
09ea1a66-6bfd-475a-8bed-92171425a9b7,0.27133409581698426,0.9870808018761247,0.6394684195484424
616b4fac-34c3-48b6-a39e-c4fd35db2be5,1.2361940303866725,0.8726514468564232,0.6870534438410975
13aae7ac-18d6-4bab-b38a-3b228a95e499,-0.2887670545200296,0.04158782346759681,0.12153472420691626
18343,1.2774856597543804,0.9960355211485806,0.8772506430408689
46798,-0.38680853748636435,0.6951143121849743,0.29136896256073164
46f82c0c-3ef0-47e0-9053-4eaa2bf457f8,2.007277005669494,0.9917744291670308,0.9137610745927408
64965,-0.6814420785726822,0.6285503475727693,0.22942269219777078
44846,0.8300908332121992,0.7275139887099861,0.5565875964561303
66498,1.5874297877897399,0.9773796056944796,0.8283795370105744
99bc2223-d5d0-46b0-9893-b47277caab11,-0.772397658769409,0.46363758347896616,0.15918833952557873
50d95d79-079d-48d9-bba1-24856efd7c9a,0.2269586901919442,0.2633875596390278,0.27429265504429834
37438,-0.7130763774561102,0.6652043689532318,0.23921120320091455
20622,-0.26637758673723866,0.30410221143307503,0.18076593312374967
35216,0.915511497252425,0.9912750736904126,0.7905115747356388
60575,1.8695986886696923,0.9803040189093684,0.8626036010288654
31137,0.12785426182247905,0.7536336342706607,0.41997713632466416
53897,0.8030420344354396,0.8849206553639899,0.631680480137182
5ecdfb93-3296-41ca-9077-ad100eecc8ca,-2.540247982746741,0.02787290112557423,0.01178908259502715
47039,0.8002497044305632,0.7597153297688375,0.5660188625321521
41941,1.279542598979984,0.949359609240642,0.7497142040583024
63577,0.6345613213502602,0.9909892616326936,0.7344955701629037
82a2c416-36c3-4340-a3c0-2d7b94bf7819,-2.3063377752042165,0.11346577671475844,0.029365533009431267
48208,0.8962434616831385,0.9367511084326458,0.6854815661617606
d87cc948-1631-4215-8ec3-8ed536040cd8,-0.09950640632660224,0.2772306784130634,0.2072020577307802
24624,0.13871426242933566,0.9928813662478679,0.6387539296941984
bd6e5a10-6ff8-4d4d-8706-67bbf716df3a,0.1495705323131763,0.8133577506357538,0.4539154044012575
11990,0.7899796536960899,0.7012611619578384,0.5375821663332381
8010,0.2660339736372074,0.7769944324707468,0.4609174049728494
50719,1.945101868443727,0.9968287651600133,0.9547727922263505
65860,-0.08011850608075599,0.5338850225639067,0.2863675335810232
68432,0.5429779468632583,0.7428960848981769,0.5040011431837668
3634,0.20576801081515783,0.5601604389784333,0.35910260074306943
9efcbc14-b3f7-4211-8907-95b87d540395,1.4100302908325495,0.9722559591372533,0.7976564732780794
16731,0.2165021823428322,0.7269397010085857,0.426264647042012
45830,1.9699559143288732,0.9736446530961292,0.8558159474135467
b537db99-148c-4803-999d-d67a4bcaba76,0.18442684300886142,0.9742501101684592,0.587596456130323
10393,0.8705583504395631,0.9691861904078345,0.7214918548156617
61344,-0.6468147682813403,0.4855782703919044,0.1781223206630466
2ddc1508-8b9f-490e-9685-415a485137bb,1.1415529914852143,0.9705768755579499,0.7635753072306373
19832,-0.4635855001815067,0.6295083880353314,0.2552872249214061
ea82b288-dea5-4db7-aed0-f94286f363ac,-0.034009296079626106,0.67402541064704,0.34995713060874534
fbc54ea1-0457-4906-b110-8d297cae7319,0.6385048613992804,0.760125037194631,0.5330808802515005
30214,0.6259473773329598,0.6478084402639428,0.48370963132323525
b8d44d0e-3a0e-4801-a2e3-8a40bd000d03,0.7228300578523321,0.8766209099140534,0.6105315804515576
33625,-0.1750924781025781,0.5467950745563607,0.2707916547585024
6449,-0.0832530719623692,0.48650210186440784,0.2686481851957702
52003,0.09999779498330202,0.812652563293101,0.44219777079165473
4c2a76a0-6738-4ceb-addc-c2831d56c8ab,1.4138307645854802,0.9974020181332321,0.9076164618462418
3923e5ad-8214-4f58-ad58-250dd57076de,0.897842159470749,0.9626548835305517,0.7165618748213776
34168,-0.38081081558324414,0.5142531428785793,0.22292083452414974
48084,-0.06674644396036022,0.2676299249368736,0.2119891397542155
30187,0.17771439875926875,0.9271412416167921,0.527579308373821
1a2bc0b0-5c02-4dfe-9f9a-8087f878a854,1.9113994087639192,0.9857816687975889,0.8818233781080309
c30a74c9-7afd-4192-a64d-9853487d357c,0.6227806570232257,0.8766040779485594,0.5900971706201772
56526,0.9981029980770498,0.9955480044652352,0.8365247213489568
7cdfa73a-8b20-45c9-8a35-21c6be458c1d,1.4482606375626816,0.9909482736593909,0.8553158045155759
12d08c4a-9d87-4e2c-9830-b626fb141c61,-1.0476788243536206,0.09765092786051478,0.051228922549299796
d08ba405-42b2-4e17-bc9f-749110555401,1.9616126773094633,0.9655710507929287,0.84095455844527
12834,1.7489351604012906,0.9980895408240801,0.9517719348385253
51625,9.505487944004402,0.7774940126557036,0.7367104887110603
13369,-0.09654748130610302,0.7512182549573932,0.37017719348385253
35811,0.8193545677181115,0.6505666549464008,0.5229351243212346
47098,0.8275422894438482,0.9936526538204256,0.7898685338668191
71192,-0.22561227018127872,0.6619754047635004,0.30573020863103745
37252,-0.3356805710166838,0.3954971910598263,0.19112603601028866
3423,0.6138921817775504,0.9681627715290327,0.6692626464704201
45801,1.641829533857949,0.9924956896073969,0.8875392969419834
5787,0.5923512643552922,0.9858212709735819,0.7057016290368676
40180,0.3118323231308814,0.7027977213935624,0.43626750500142897
63518,1.4044728842612595,0.9944903362342172,0.8746070305801658
22085,-1.2044116537431315,0.4815049265621495,0.13975421549014005
37293,0.3356366206530468,0.8601732684430197,0.5191483280937411
7655a311-9ad5-4aa9-876c-c37797c678d4,-1.5618388738142481,0.025736896721659686,0.019219777079165477
31ded14a-425a-477a-8597-d688d346bbd4,-1.358829352794379,0.04292938558484425,0.02957987996570449
40159,2.114290712689345,0.997977770165285,0.9782080594455558
d9443625-5076-4edd-934a-3de21d70a13d,1.382088592761262,0.9910663741541985,0.8485281509002571
0c5fbcb2-178b-4083-af66-d515c8b5a7f2,0.6152899275597183,0.809565672125004,0.5533009431266076
f0485c75-73a7-4e69-8139-9d7e46c869da,0.6862562027107353,0.8493722435916977,0.5875250071448985
11948,0.9293063164054416,0.7317550301949317,0.576021720491569
1716e79a-2d69-451c-a429-3bde731b9114,-0.5502274940334697,0.830475195550477,0.33102314947127753
8277dde8-f0b9-4db8-9579-2e1775a7ba3a,0.3685756102101494,0.9527912334013691,0.5942412117747928
39546,0.6059950290670221,0.6472795158293254,0.47977993712489286
158c526a-c30b-430f-a8fd-53f683f3cc38,1.5741362235320788,0.9964714135536767,0.9166190340097171
c1040f28-aa73-4aa0-bae7-cd5089325688,0.19561317441738113,0.31912581044025407,0.2815090025721635
35955,-0.47468027258127354,0.9771773907089948,0.46470420120034295
60399,-0.0633055128889628,0.3074852198030497,0.22213489568448128
29138,1.531726591707845,0.9961869615970499,0.908545298656759
6ba3990f-fed8-469e-bcc4-9308fbb3f837,0.7858569998507683,0.765570250376864,0.566376107459274
42597,-0.3967773843919242,0.8531885836773438,0.36481851957702205
9061,-0.059758507799325455,0.8630008879374405,0.4336953415261503
22952,2.10433532331281,0.9929869952904238,0.9275507287796514
21846,-0.12217224125923765,0.871041609021042,0.4237639325521578
331e3362-b2c4-4671-9995-40873785ddb1,1.4609868027770352,0.9440927938672662,0.763861103172335
787b019a-3f4d-47ac-b1fa-e703c7a078b9,1.7782649516170086,0.9956177877260133,0.9282652186338953
38281,-1.3808390455536454,0.12487038177494764,0.044441268933981135
26141,1.6971250300414245,0.9280346756068875,0.7758645327236353
71251,-0.12810058516930856,0.47178535467508737,0.25321520434409833
18113,1.1696662770197481,0.5759956757034504,0.5467990854529865
a24960fd-fe67-466b-a296-916132be0256,-0.440359940748665,0.265258071874204,0.14325521577593597
51992,1.188422039666128,0.9957770695164455,0.863603886824807
66866,0.29428663325229587,0.7761043951295495,0.46663332380680195
26956,-0.03475747156710285,0.36820830335187427,0.24214061160331524
46535,0.6802093332268432,0.6049340055486353,0.4794226921977708
8805,0.31225586505940744,0.9049930121388874,0.5400828808230923
77a2573f-4048-4c9d-b9d5-8e5e5a3c54e0,0.49191172542227163,0.8381571272376092,0.5398685338668191
19483,-0.6316824460928285,0.47138572154194963,0.17490711631894829
55896,1.3745879086322386,0.9535559637528653,0.7647184909974278
21010,0.9575323476732631,0.949314090496956,0.7074878536724778
f284c983-57a2-4b46-b69f-961f49392e8b,-0.2853275558548043,0.5359508046957744,0.24607030580165762
24820,0.07127987547038189,0.5854806312909951,0.3403115175764504
11186,0.9953372922454126,0.8069863087959807,0.6218205201486139
53873,0.08677016632304596,0.6643935178846198,0.37246356101743355
7030,1.0613725539760157,0.9401721239585157,0.712775078593884
46544,0.15571136667095437,0.9180146532587856,0.5159331237496427
34944,-0.16402601816084472,0.4492204165293768,0.2387110603029437
d8da576b-05e7-44c6-8158-3710327c98af,1.2763801685809368,0.922083550575615,0.7233495284366962
e0a7bcd4-b7ee-4e97-ac96-3c6c5265d2e3,0.9313116990964572,0.8482074454032273,0.6329665618748214
1414,0.8137838999167595,0.9913380393074386,0.7720777364961418
36739,0.6488939823256353,0.956412494546211,0.6587596456130322
3706,-0.11805311169400368,0.8226751021807107,0.3988282366390397
387ccd9e-d8fb-47cb-9dab-af1868185acb,0.707873696534978,0.9789359586094063,0.7088453843955416
57544,0.3428563509198248,0.6405649431053606,0.4209774221206059
41762,0.4290047982141066,0.9063734024118718,0.5668762503572449
9f58e1b8-9886-4787-b5a0-eb6b73cb44ab,0.5912274987313865,0.43355996701276706,0.39618462417833666
8eb96c1a-6193-4f0f-843b-4b91efbea553,-0.4517997931086599,0.30451927324741196,0.15104315518719635
32611,0.4435926079674646,0.5263684227507304,0.39689911403258077
43719,0.9868882463289255,0.7899491619085964,0.6114604172620749
60643,0.33256823970639976,0.23036208274641848,0.29344098313803946
f43cdb1d-25dc-4eb3-86fc-c746fdadfda8,-0.31847161390781176,0.9599268998927076,0.45963132323521005
8991,0.3681307452218524,0.5643756474214568,0.3968991140325807
3066,0.197459997048674,0.8469644879482832,0.48020863103743927
56823,-0.6335497342572385,0.8574439662256963,0.3365961703343812
62313,-0.25313741988805516,0.6140495126993053,0.2836524721348957
4fc74d22-c9ba-4f2e-8368-3655ed82d886,0.21007384039245258,0.5854755831595763,0.3703915404401258
32639,-0.6491406891206053,0.5660900170978628,0.2088453843955416
52967,-0.20615320121357272,0.7889416263696193,0.36603315232923694
60172,-0.28824435567407536,0.8486179353314192,0.37953701057444983
d5592fd0-c2a8-46ef-aa0a-167ec890df11,-0.6813351013764166,0.09872099747252343,0.07923692483566733
6dd14893-dfbd-42d8-890f-841b9f0e1104,-0.4866394886407227,0.10250235583701617,0.10210060017147757
fe51e6d2-bc4b-40df-aabd-cf115f5ba445,1.294584038667263,0.9919849739345687,0.8443126607602172
2984,0.46921179360604065,0.8252963493541374,0.5279365533009431
38728,-0.7919160871867328,0.7158801833820667,0.2530008573878251
69441,-0.6458213298676261,0.7246187086668461,0.270362960845956
66303,0.8320345349109841,0.9339522673769521,0.6713346670477279
52862,1.1967373061040065,0.993258055017868,0.8406687625035725
73691,-0.9090766244450477,0.143754912599392,0.07173478136610459
71552,0.5971363348215287,0.8708884763090677,0.5810231494712774
d0459b22-501b-4ccc-a12c-80ce2d9e2e58,0.3471330813747545,0.6682169704921699,0.4314804229779937
45875,0.9541917283635228,0.9816314029892089,0.7614318376679051
20633,-0.3736392820930391,0.20642913602998123,0.14304086881966277
74580,0.08039888433203574,0.7287979890585518,0.39789939982852246
43580,1.8365798381536436,0.9977378923312911,0.9565590168619605
1940,1.9939372671084397,0.9950276581663511,0.9388396684767076
27250,-0.4311543100634315,0.9189732138147023,0.4006144612746499
95a3f02c-2feb-414c-b4b5-51516aac092d,-0.8768349132164233,0.18072812754460463,0.08109459845670192
35654,1.5144425895787506,0.9959908040170538,0.903972563589597
45016,0.7872469898766123,0.8637743329861138,0.6161760503000857
69314,2.2859683448984054,0.977330464607326,0.8780365818805373
167170ea-ab8a-49c1-901c-72f95e2ef791,1.0147664282188114,0.9971537391772543,0.8576021720491569
303,0.6006913309496366,0.9832547905583409,0.6990568733923979
c0d79399-8c55-4cf0-87b7-a67ee23bf9c4,0.28884917015705747,0.47547663053483075,0.346384681337525
29360,-0.6605513129440024,0.6706804384252855,0.2468562446413261
24332,0.3087727729429234,0.33904744225012357,0.31023149471277506
47694,0.5514716072850434,0.2656441135690739,0.3453129465561589
48732,0.38242425913105715,0.5406009504025631,0.3903972563589597
bd5bd487-0694-4e71-8816-07e75e9785ac,-0.8469695017271865,0.007420756276196268,0.043726779079737065
38096,1.6105590220910284,0.9976287349187976,0.9336238925407259
66976,-0.6921197112200432,0.5572741692930566,0.2007716490425836
53eec3f0-c6e0-4877-ad80-28f7c49ea225,-0.23323489597043934,0.8481928027144771,0.38975421549014005
15620,2.068959485018606,0.9970799991614602,0.9659188339525578
39321,1.290420768693714,0.9944421102210723,0.8617462132037725
34673,0.8761524349012311,0.9780035756170983,0.7389968562446414
b9935563-89b1-4e72-843b-40b478d1e2f2,0.8853444696171836,0.9247976392721021,0.6724778508145184
3913,0.654928327698809,0.8224430987550918,0.5665904544155473
72599,1.8411411064320116,0.9960127592157719,0.9372677907973707
55488,0.20697594015833454,0.5662520322924712,0.36196056016004574
5ee8c219-bc7d-48b8-9b49-737aec8af569,-1.2438594604047435,0.03937488349587034,0.03215204344098314
72465,0.6775272789138171,0.9102603051483249,0.6228208059445556
7351985d-b856-41d6-8745-70552053449b,-0.5839584674573266,0.49557402142715196,0.1894827093455273
25777,-0.5147399190273503,0.9520724676899749,0.42033438125178624
7279,1.2056857786814426,0.9958130897132361,0.8663903972563589
5274,1.0806209327098866,0.9694569933850761,0.7541440411546156
5300,-0.6191992974891085,0.5082153490424777,0.18891111746213204
70963d54-dfda-4282-888a-8605dc5acde0,0.3607806520016392,0.9240301860236685,0.5643755358673906
42239,0.5468626952986303,0.9865825322873347,0.6969134038296656
14220,1.5016060805049232,0.9943402543755047,0.8849671334667049
21afaad1-d7e6-43b1-bb19-1e682a518d5c,0.755928698558526,0.8175022224802001,0.5863103743926836
30475,1.3025351243760341,0.9955310864693554,0.8753215204344098
41691,0.630906080338502,0.8851293483919467,0.5967419262646471
18471,0.34700462881570376,0.6723028636140453,0.4331237496427551
52742,-0.19182530822826716,0.4619678148778771,0.23821091740497286
42860,-0.2845573293706145,0.6019291144318665,0.2725778793941126
54437,-1.4164412181886017,0.5500485987625312,0.1557587882252072
c6294f7f-b595-4f9c-ae7b-d7b3d410cb40,0.5324626072363731,0.9711392045786226,0.6568305230065733
18753,1.401914604927693,0.9946079831035135,0.8758216633323807
28731,-1.231218852820848,0.03291728390084006,0.03122320663046585
a43c155a-8a7d-4655-a7f7-090e7038b141,-0.19964881121908296,0.5820282497847341,0.28100885967419265
59656,1.2529261922080002,0.9938779342672559,0.8523149471277508
50823ba9-4f10-406c-b3cd-3ef7c948b587,1.521100982594426,0.4003512514736504,0.5258645327236353
64232,-0.11820205128183547,0.4756265411566484,0.25685910260074307
44095,1.0623252171694129,0.9617328399187444,0.7394255501571878
3296,1.1877858423152345,0.9880379613816649,0.8115175764504143
0859ee64-7f36-4e43-a91a-1cbd1920e24b,0.21100222378224454,0.7255370475336598,0.42440697342097744
10870,0.5519101971852534,0.9746080416268844,0.6667619319805659
aab64282-82ac-4b76-9dc0-e2595745f9d9,1.7975733635221922,0.9896881236519228,0.8860388682480709
63953,-0.6199442875683796,0.07294427599073257,0.08073735352957988
87b570d1-8fb6-4fc0-ab99-10c71eb96317,2.313808370211879,0.9850705633261573,0.8991854815661617
61969,0.5537164663446665,0.7753848935215925,0.5217919405544441
32790,0.40354973515878245,0.8813948713009053,0.5466561874821378
22334099-bb61-4093-8e12-9db463f6ceff,0.4422800224033169,0.6208774719280075,0.4351243212346385
37531,0.24643845828935965,0.9895989216182643,0.6425407259216919
a24ce4d6-166c-4e4c-9816-5b17c9f2341e,-0.38542762427869026,0.017129848179919388,0.09967133466704774
23733,0.02412465030058958,0.7923153991167928,0.41583309517004863
56133,1.6946100551587855,0.9981771703968901,0.9474849957130609
a38acee4-f8a9-4d7f-b8cd-91edd005d2b7,-0.6003624996469898,0.12343577644090531,0.09395541583309518
31187ec2-aa26-4455-bfb0-587f07c8d581,0.7284688387652888,0.7573506930476531,0.5500857387825093
4ad1b92d-a864-42ba-8ffa-9e2359c54792,1.9737758921075512,0.8991480234271109,0.7777936553300944
22681,0.36128661300000103,0.26387148221001067,0.30458702486424694
11316,-0.9266081994144713,0.4881432872438558,0.15668762503572448
67823,0.2122287204017137,0.960262634663651,0.5695913118033724
0ea93f5b-1e62-427f-a5c5-c9d82834c145,1.346375921031321,0.9855771502915808,0.8228065161474707
24162,-0.47268780063840465,0.7824483943739575,0.31837667905115746
56669,1.159569936544925,0.9943445492689009,0.8450985995998856
15914,-0.8771862442165175,0.6552661342557581,0.2224206916261789
420ad925-02d8-40bd-8eee-5c115f44c215,1.0492550960826472,0.95609274397654,0.7291368962560731
19684,0.40921737292714744,0.7508471297284753,0.4810660188625322
35535,0.5590748739728145,0.5068549689466891,0.4146184624178336
6547,1.4884142491033903,0.9921139082643528,0.8668190911689054
53582,0.12777935899864357,0.9361051045622246,0.5243641040297228
24226,0.001733231353187592,0.5550718236475756,0.3116604744212632
fd84e4f5-eef8-4a19-913b-c8e6f4ba3dfd,0.15222365137281996,0.869516907192496,0.4837096313232352
8543,0.37034324602625224,0.8885664816213867,0.5425835953129465
75db8176-3ee3-453b-b295-ff306c50703d,-0.09627211837312588,0.5118253354092988,0.2746498999714204
43407,-0.048104960296068366,0.4028619318492602,0.24949985710202915
51202,0.7081142848612655,0.9838034390927636,0.7227779365533009
20102,0.09164752352508182,0.9509328884993343,0.5313661046013146
37799,0.43514668131219847,0.9766195198369942,0.6458273792512146
56872ca6-ac41-4820-a304-e60e69098325,1.9824387117979012,0.9902031248000903,0.9029722777936553
14650,0.13023546409667486,0.7523452875865253,0.4200485853100886
108,0.5363681054020322,0.907416895596433,0.5902400685910261
a0a8eaac-bbc6-4580-b6a7-85de1c385946,-0.4887700273350758,0.08866972092495844,0.09867104887110603
17970,1.363725144540064,0.9863485420484364,0.8273792512146327
42513,0.46727729579701205,0.9725335211951447,0.6456844812803658
53586,-0.6603130910500798,0.5650595567369516,0.20734495570162906
5343,-0.37053550672566327,0.6207066221126855,0.2672906544727065
71022,0.4467398343354636,0.9887320751411152,0.6833380965990283
44483,0.5084911007308323,0.7490972787833878,0.49985710202915123
9512,0.9601217107258118,0.9808262772348505,0.7598599599885681
56487,-0.5809640702033045,0.8379329838775396,0.33266647613603884
1141,-0.5787295187910402,0.6813811897656767,0.2601457559302658
34982,1.0158722077157258,0.8128856991196446,0.6274649899971421
c9684395-00df-43a4-9916-9b7726774bf0,0.39875891974747657,0.6862830393947781,0.4502000571591883
a5d9891b-18c1-494d-ae67-a89c80d2c538,2.0220722349621676,0.991272506150924,0.9126178908259502
9051,0.2235724357626386,0.369105440233544,0.2984424121177479
52c6ef6f-3053-4ec2-8359-013112aa87c4,-0.7459436213742736,0.03560361541811976,0.06073163761074593
7bd2cc6a-420e-46bd-98ec-1bd1cc060f67,0.5154112539377662,0.5480780653677535,0.4211203200914547
63409,2.0992598817543917,0.9963251961884548,0.9593455272935124
46654,0.1200852091214985,0.9810419686295043,0.5885967419262647
23934,-0.23981816259694078,0.7334991986794422,0.3328808230923121
41605,-0.36886832859562124,0.3374232203418961,0.17162046298942557
51314,1.4830040596331406,0.9951843616657201,0.8921120320091455
38352,0.3321672144301767,0.4533020773623682,0.3490282937982281
70278,0.1974673924966588,0.3912254666285718,0.2994426979136896
23672,0.5141374522532727,0.5210315498044769,0.4107602172049157
0f8d7c79-c6ba-4c2d-9f7d-77db53cc1505,0.5256349142034731,0.7824263851867101,0.5206487567876537
b59d16e3-de97-4463-b73d-5cdb362465b1,0.32881547418412815,0.7762562133201907,0.4752786510431552
21391,0.45808396358045084,0.6910926762966653,0.4645613032294942
30564,1.1338277163196497,0.7841171302091753,0.6287510717347813
30117,1.9037930734988797,0.9929168648452404,0.9138325235781652
37744,-0.3458496201714908,0.5543476814780778,0.24328379537010575
22259,-1.5818123657057266,0.39768848003766677,0.10052872249214061
1685,-0.3914694443532948,0.6033794269564869,0.2560731637610746
8347,-1.318812777339246,0.09814917875348461,0.04036867676478994
72616,1.5569225449946427,0.9389912547211806,0.7707916547585024
fe725e90-e6b1-4f7b-8a8f-28c096bb412a,0.5243272787782339,0.28360445621052277,0.3439554158330952
10ecae48-827a-4835-9b6b-db56ad97c8e1,1.8690375226714404,0.993640442007767,0.9160474421263218
68622,0.668042220159071,0.9549453532568566,0.6611889111174621
150,1.4810541145618124,0.9696538835297327,0.8018005144326951
10072,0.15583545752855965,0.7462657000562024,0.422763646756216
25517,1.9496729623262452,0.994928046281098,0.9344098313803944
5759,1.1269021064686036,0.9098579878061388,0.6969134038296656
a59af754-360a-4565-910c-5ccb6438c36b,0.5362754007668097,0.43118285913077525,0.38296656187482137
906e184d-5bd4-40b6-882a-76f7d186f814,0.4606985259214971,0.500813198043682,0.3923263789654187
8aabe8be-f26c-43a5-a683-866e37e98ef5,0.5097467638627265,0.3124231289244928,0.3480994569877108
95a731f3-3bda-4f4d-8b48-f3809dd29759,0.2916988949525394,0.8720607153033499,0.5157187767933695
72663,0.9231368506464059,0.7804789191146884,0.5980994569877107
16478,2.119991987898548,0.9912580946962168,0.9175478708202344
d8e257bc-dcb9-4a08-a408-fd44eec21c8d,-1.3354527699388046,0.0034412434521479437,0.015718776793369534
8453,0.1095307776929082,0.5115527787219358,0.31901971991997713
25499,1.4149703792203487,0.9836903092921009,0.8244498428122321
6d7dae82-ced8-4a37-a96f-d2314a616e58,-1.6171698822509966,0.08762886468495111,0.029794226921977706
19092,0.9535225520505093,0.7881752076789948,0.6058159474135467
33286,1.2138407026170577,0.9961775153158171,0.8717490711631894
69187,-0.41866197403391503,0.947795128963139,0.428193769648471
17892,0.721519285253083,0.8187396721739744,0.5785224349814233
68184,0.7184334950900282,0.8053615659426537,0.5720920262932266
71ba4ad1-14e8-444b-b8dd-3d108689492e,0.44813565683004136,0.9561498707324966,0.6160331523292368
37489,0.44870757044869286,0.9754454680744248,0.647113460988854
27105,0.4601730020609465,0.741724936348706,0.4862103458130895
10944,-0.1099926145192599,0.7956467864698763,0.38846813375250067
56807,0.9079129960409078,0.9913752096126737,0.7901543298085167
38500,-0.9043805401640281,0.21462326452073813,0.08659617033438125
40680,1.737819573996699,0.9932403463045282,0.9015432980851672
12315,-0.5925261084823943,0.7423136848592444,0.2844384109745641
32568,-0.2009132403261068,0.30405084854913245,0.19276936267505002
bbc3a082-b6b0-4458-98bd-408d9214eb6c,1.1228165440734421,0.4858118286608896,0.5067876536153186
8c286f6e-e0f7-4735-b47a-cba66f26f69d,0.3785786188371485,0.9604909232571422,0.6073163761074593
a1d07baa-5483-4558-a515-78ef9e63c7ba,1.5195863020252696,0.9715641152312131,0.8090168619605602
28b6cc28-af54-4312-a0f8-169232bc678c,0.9661415024107389,0.9551939733762295,0.715418691054587
456698d3-b018-4aec-ae4e-71ccbe9a37ab,-0.6144606928989487,0.4102417669226483,0.15711631894827094
acfe1fbb-6f77-4283-8f79-215163516539,1.3768164250292356,0.9598784861649088,0.7740068591026008
52612,-0.5272571700381681,0.7323221501260653,0.28751071734781364
f5fa4694-1f95-4109-8bd9-4fc622d9dd9f,1.7399666887597014,0.9358202352571712,0.7862246356101743
49247,0.8410029911720828,0.9389913585846777,0.6772649328379536
6543,0.5757006030474807,0.9494421096405413,0.634824235495856
25290,-0.19516203294642953,0.9235597435112809,0.4444126893398114
0038fcd4-0a79-47e8-90a3-c4e8e1fefc6b,1.5608952599257127,0.9766993512455392,0.8235210060017147
35671,0.3270484591618655,0.8522619628933576,0.5124321234638468
6767,-0.6183975480381851,0.45543900397471765,0.1709774221206059
55257,0.7256688219403833,0.44833824048436655,0.429765647327808
42527,-0.33272313631498274,0.5687128777201903,0.2522149185481566
15117,-0.4305800280451423,0.6266259202827466,0.25850242926550443
40152,-0.250342154686506,0.13804638564310634,0.1486138896827665
6218,1.3365669479058035,0.9828545449518857,0.813732494998571
5fac0de3-e209-4570-914e-186ddd659b6f,0.0519974551225687,0.6821138351781634,0.37210631609031153
9bfad392-51ee-4480-ae0d-876d54e38db6,-0.8198365229275153,0.34744919845688976,0.12110603029436981
26082,-0.050282866932219616,0.5533855948513847,0.30094312660760214
54729,0.756645566912503,0.9780112044508178,0.7181337525007145
e7bcaebf-a18f-43be-a6fb-12b5829d4cf0,1.4593476719084486,0.993975553514685,0.8767505001428979
e247bcdb-eca0-4835-9b17-e747b8d076a6,-0.19064418203462974,0.47187457883472717,0.24214061160331524
50002218-5efe-45e5-b65f-11c8d9f3de0b,-1.1587253083718383,0.005523276162694754,0.02386396113175193
3577,-0.16721040616350713,0.7148673185358709,0.33881108888253786
c2766735-94c1-4738-a074-ac02f957ae42,0.802266918735371,0.6510805087874446,0.5208631037439269
fb1ae9b2-844b-41bf-b85e-45606bb6073c,0.26553693707169895,0.7401101837940272,0.44326950557302086
24548,-0.21078657175959248,0.34599825090575914,0.2009859959988568
22252,-0.2842807425471575,0.8310797916463274,0.3710345813089454
861d92a9-852a-4ca0-a9cc-ccd00fa66810,-0.11416893420506602,0.8576188387103555,0.4188339525578737
61021,0.4759623585087625,0.9797660758219969,0.6624749928551015
6160,2.3998598245221414,0.9944807753400319,0.9479136896256073
62616,-0.577012072106585,0.5320539928990473,0.2026293226636182
452,-0.34995921051075374,0.7059857233458283,0.30172906544727063
3866,1.2195140983418513,0.9896570188970553,0.8223778222349243
9270,1.4013082066875364,0.9981438182614393,0.9134752786510432
49453,0.9993017946816536,0.9561070160118782,0.7217776507573592
49780,-0.10578233799331993,0.3995857123380592,0.2355673049442698
51041,0.005067561038639368,0.8705667731106094,0.45105744498428124
128fb8de-aad0-4be2-bdb2-6b89c2f6c5c6,0.5679345502178096,0.9203573105174603,0.6057444984281224
664f712f-600f-4e67-8ead-a10139455ca2,0.4419474150296761,0.8637474982858956,0.5430837382109174
41971,0.7318574322634886,0.8766304373875733,0.6126750500142898
65416,1.6417158961073228,0.9975478230642351,0.936624749928551
69244,-0.24369608355924055,0.3128635703018484,0.1875535867390683
3547,-0.3721034443453002,0.2591449303236228,0.15325807373535297
7834,0.397308117245933,0.9367281607851834,0.5841669048299514
47230,1.1798559735944067,0.7295993618984595,0.607959416976279
48619,0.4479481755248091,0.5395488451642905,0.4038296656187482
66d8623e-6fb6-4256-94e9-106961122381,-2.158800780494352,0.06808301876565935,0.021148899685624466
f0540ab8-5545-4324-9599-6844633c5f27,-0.21598690907853335,0.6765330101058348,0.3135895970277222
12241,1.8225493181572499,0.9933474942632828,0.9103315232923692
28076,-0.21708172420456018,0.3823214291487736,0.2089882823663904
2390,1.8992857345185417,0.98254142385247,0.8711060302943698
73f18706-c701-4c1a-acce-3faefc7511f6,1.2126840067522362,0.9953322128408884,0.8623892540725921
2518,-1.0431209529862968,0.49463105976264826,0.15090025721634753
3fe7dff5-e04a-4af4-a3f9-1a7a45daf10e,0.16771428906139124,0.9183861223053308,0.5189339811374678
39c82b1a-1099-451e-a57a-dbf6236bc4c6,-0.9784723377062019,0.024249198305310145,0.04136896256073164
7866,0.02992773167196927,0.7730190256577779,0.40725921691911976
ccf78e6a-6e7d-4564-ba0e-aa91fd993369,0.9820882028233698,0.9506524567516259,0.7119891397542155
9746,-0.28320816494616563,0.24640798153715898,0.1649757073449557
68846,0.43962219239461653,0.7219731294130434,0.47292083452414974
f0a7d071-2462-42bf-bb98-a6de35761966,1.1050559736012127,0.592627523094759,0.5455844527007716
1ac53502-ab78-472a-ba9f-0137338d6667,0.2628500633993291,0.20129904333100127,0.27093455272935124
39356,-0.9457584558028946,0.7360965672613047,0.2505715918833953
7494,-1.587150022798497,0.011041404844504785,0.013575307230637325
59867,1.2861167142897165,0.9922149985667452,0.8443126607602172
27643,-0.11778785061083719,0.8080135722538208,0.3930408688196627
30377,-0.24090535115533585,0.7406549302081864,0.33595312946556155
59365,0.4276440153772182,0.7828912705167882,0.4997856530437268
9846,0.9160545444435979,0.959805693970835,0.715061446127465
fca838ae-e59f-4e9f-bc1c-a77f88bff3bf,0.40511529519819994,0.8708407436877728,0.5405115747356387
48842,1.1946289807481483,0.8950994556174621,0.6938410974564161
11827,0.3236901357161172,0.7423907571546098,0.45748785367247785
62332,1.0939121819461808,0.9665311838880133,0.7502143469562732
fa77f582-11a2-4586-9e65-4f34cde4cb23,0.11119013267760625,0.5368666895183297,0.3289511288939697
9bdcf277-e2dc-4caa-8dc8-9cfe9c2758bc,-0.6966812910080942,0.07827684022155659,0.07359245498713918
b5e09c82-419e-4487-8800-f6f4606c789a,0.5760955612327847,0.7915532715718144,0.5350814518433838
20628,-0.8148574061647322,0.17986527002175587,0.08488139468419549
21dd09d1-6d97-4f2c-b0ea-d699977aa15a,2.134760760414019,0.9178515837481477,0.8014432695055731
24322,0.8933862911828667,0.6907513298007717,0.5523721063160902
8106,-0.4935109891768895,0.29820954188658266,0.14304086881966277
53430,1.0518153184491432,0.9614454712207692,0.7375678765361532
80827c1f-7819-439b-be65-9508c5312a89,1.2532043718942345,0.3041600573088786,0.471563303801086
23384,-0.6959278793191321,0.44316865016705015,0.1587596456130323
34536,0.6485003016694781,0.9695340610176265,0.6791940554444127
47888,1.1273183742363133,0.9962219155729926,0.8617462132037725
c3606616-86d1-46c4-b2a2-e523239fae9f,0.220995721900545,0.5501292380007957,0.35767362103458133
46127,0.013675432879720173,0.9800813250101972,0.5623749642755073
21307,0.8203494906550122,0.9634025274350693,0.703486710488711
b43bd840-ed92-4791-b83b-cb8fce438331,-0.25796674815136167,0.13263188651359736,0.1463989711346099
74238,-0.05728735557693376,0.7806568807285877,0.3928265218633895
12261,0.1033870469759603,0.6964661606106419,0.38861103172334954
8402,1.003024968118392,0.603165590781085,0.5360102886539011
50448,0.7442485532110874,0.8397143492785392,0.5950271506144613
a3f6a14e-3bf5-4739-bb50-e281384b256a,0.9023995628954621,0.9856618506331629,0.7656473278079452
56759,0.14984690805606193,0.9466048374473731,0.5390825950271506
8de7b240-cc4d-4d25-9ce2-ed0df1abc586,0.42997952157838704,0.28921093055417535,0.3250928836810517
4534,-0.7431192419326615,0.10919804895668982,0.07487853672477851
83759b07-1386-4c7f-9d76-2acb4f322f6e,0.7516154286911904,0.5152435988417505,0.4599171191769077
52722,0.5687871125886985,0.9436363800475397,0.6259645613032294
b67a9d2b-ab35-4509-ba4a-8ac7cc12e93f,-0.3711723072613714,0.33913670012211633,0.17169191197484995
32847a72-cc87-4aab-aa83-56afe27498ee,-0.6516454628303456,0.42200548412836314,0.1556158902543584
74710,-0.5979252282161032,0.45875285528030807,0.17483566733352385
a5a888b0-505b-4539-9de4-db100e2d3dbf,0.9877900452565229,0.9812812925661804,0.765790225778794
ed915f50-ada5-43a7-aa02-b2815a60da4a,1.0186193100376697,0.5338282409634223,0.5107173478136611
8d526bb6-d45c-48e5-af9a-12bf411b91b3,1.8621781891866018,0.998189454512159,0.962274935695913
36236,0.9833278746363661,0.9235272660159749,0.686624749928551
25690,-0.4599015192329715,0.2415582015508172,0.13668190911689054
7326,0.8393809505528514,0.9049113273566983,0.6499714204058302
55681,0.2595154634392978,0.9159697794672256,0.5358673906830522
52566,0.4056845716292224,0.7661839260441279,0.487710774507002
34202,0.6920620886756579,0.9910567141516142,0.7469276936267506
3255,0.8561605846018356,0.9493121617210356,0.6909831380394398
29c088ca-5d7f-4ecd-a24d-9947beeb1134,-2.1355987182938154,0.20923867162308843,0.051586167476421835
171712c2-c93f-4f50-bb46-40d2d9d23227,1.3972128709569827,0.9809285773949287,0.8150185767362104
64742,0.4865937157180804,0.9765892793893421,0.6563303801086025
72124,0.44145870952510413,0.5186387014332418,0.3941840525864533
5713affd-0c16-4686-aa7a-47b8ca573da8,0.6992556728879491,0.7199047653449377,0.5272935124321234
6390,-0.6939205384409717,0.85059936789277,0.32673621034581307
91,0.30815407358407343,0.5258414505342996,0.36703343812517863
58219,0.10322279776960142,0.8826494671944421,0.4807802229208345
45806,0.5895673935384339,0.7512086346247423,0.5190054301228922
25565,0.370769828521488,0.5352950155207177,0.38553872535010003
4568d3a5-0b4f-4806-aaf7-c08938c3bfa5,0.12619046403336703,0.17165509092404177,0.23406687625035724
946e8015-9de1-45dd-8ba9-d7962fec8c09,0.026032060149272063,0.8492059541727464,0.4444126893398114
4465,-0.2209243797590994,0.39950758629842825,0.2128465275793084
63975,-0.6237081331937164,0.6933227989365601,0.25957416404687056
fea0ff8c-d724-4c64-84da-9facf4f5d528,1.1389533722451104,0.9935950122586349,0.8362389254072593
36624,-1.1818242974168587,0.30053781625804465,0.08902543583881109
38383,0.08469663479297757,0.9296032319647748,0.5085024292655044
68527,1.6971611057942775,0.9856071367213038,0.8627464989997142
6845,0.26027559057049743,0.561211143007649,0.3710345813089454
49856,2.031527661994719,0.9861649342850404,0.8921834809945699
6238,0.040706648319998984,0.21369607913765853,0.22470705915975991
24312,0.39821965652734853,0.4625552950223063,0.3665332952272078
65810,-0.06246816935955135,0.8824248136231805,0.4448413832523578
8150,-0.10934528610842909,0.613961604772752,0.3115890254358388
74095,0.5853429476423714,0.12640494174073877,0.32402114889968564
71627,0.3767632403729504,0.9735883242172327,0.6286081737639326
67793,1.90870543111814,0.8386620766984765,0.7388539582737925
5461,0.3727991295584379,0.8976585978821691,0.5485138611031724
2f474733-74a3-4acd-ad1f-c7f6999f1c4b,-0.5610087392700094,0.8196644071143541,0.32523578165190054
37073,0.3933452199680283,0.9803549763439123,0.646756216061732
20798,-0.5990654615901305,0.3600417113747443,0.1456130322949414
29343,-0.02113084397146814,0.48051494107723514,0.28043726779079736
22327,1.4299937986051483,0.9935953884366978,0.8698913975421549
18770,-0.26562316604077374,0.49139960753665723,0.2346384681337525
16407,-0.8675000437452671,0.14660335939850233,0.07523578165190054
29948,1.3555275341957995,0.9854513052555726,0.8230208631037439
5900,0.7596461406028775,0.932286137248079,0.6569734209774221
10082,0.8578916066578308,0.6373992973863549,0.5255787367819377
775c8b74-c123-4614-9bdc-c49cff70e7fa,0.8999243493626452,0.8972463960314584,0.6553300943126608
52071,1.2085919997209222,0.9706173960917324,0.7715775935981708
37821,0.9942842189676577,0.981036953697814,0.7657187767933695
a160d13e-525c-4eba-a744-22ad3420a654,0.20290738035410938,0.27099188053376544,0.2707916547585024
61132,-2.7701092975445514,0.03500968174904527,0.012717919405544441
60769,-0.8030491490657012,0.7085285010198832,0.2490711631894827
21033,-0.27526064497932223,0.41884889037881523,0.20770220062875105
24401,0.12421132907949411,0.19322132505732809,0.23906830523006573
55201,0.7278282631886623,0.8831930689730102,0.615175764504144
792374ae-c7a6-4e90-8bda-528ac8e5b6bb,-0.4558818663101316,0.683144393686746,0.2764361246070306
47036,0.6739198763250475,0.944054765191701,0.6493283795370106
e165211f-37e1-4c87-9027-93cbdcafaaff,0.8713826653689476,0.8520793841231964,0.6236781937696485
71611,-0.880613174191748,0.15818699519132137,0.07623606744784224
26539,-1.1051221752852507,0.7559220550731329,0.25050014289797085
46147,1.0924574356096877,0.9911462353963417,0.8140182909402687
62477,0.4543091944447871,0.7173192836463778,0.47449271220348677
2aa47ad4-b201-4911-ac05-a601d33093e2,1.6235645953088311,0.95121397521519,0.7905115747356387
51211,0.14818181150083187,0.436684603291494,0.30172906544727063
30766,-0.09451720670831887,0.4525268180740702,0.25471563303801087
a2359c27-10df-4061-8746-694f21ae0e94,-1.408053146125839,0.012642081150968928,0.01864818519577022
61788,1.4703554577205102,0.9544703830021299,0.7769362675050013
44265,-0.41024651843382354,0.5681707555152496,0.2397827950843098
41248,0.122547886281128,0.5993641155451152,0.35631609031151756
66332,-0.002340413066298508,0.7037404452395387,0.3676764789939983
511cb728-2f9c-4853-86ab-804683c3c69e,-1.2628912639973093,0.08902999678282848,0.04044012575021434
b0209e2b-ffd0-4629-aeeb-c7087f50b54c,1.3107736255201194,0.5240253022256716,0.542655044298371
28182,-0.31968015617869905,0.468127223686854,0.2171334667047728
10143,0.08882336606526642,0.6429921533642238,0.36589025435838807
7574,-1.0924776864320878,0.5359878074222275,0.16361817662189196
43784,0.7406156944548411,0.9432380790765714,0.6624749928551015
646,-0.12503962162502913,0.17781385612398024,0.17990854529865674
e498132b-ac94-47f1-b459-7c069f531f90,-0.730530313301964,0.07439226988260644,0.06994855673049442
89ba13fb-9bce-41d1-bb0e-8132a32f72d5,-0.34463757860308397,0.17883998327376088,0.14018290940268646
59072,1.2023777446446013,0.9975460870553186,0.8851100314375535
10990,-1.4165749090105817,0.1129539915886675,0.0399399828522435
23392,0.7926743148928841,0.9962324779153845,0.8109459845670192
32422,-0.30093672139953453,0.3804801567881715,0.19248356673335237
de9719a5-d66d-48b0-80fc-2c94a0d111fa,-1.912980500352673,0.27707449524077477,0.06623320948842526
26077,0.06909782507805928,0.4490743231461213,0.28879679908545297
82bdcb17-a992-4fd7-a089-dc34f4ec08d1,-0.9005690947996241,0.11010020796982621,0.06394684195484424
43f2b944-2924-4cc2-96a1-9b61c3c1ab42,1.044259217413566,0.9900526638056896,0.8028722492140612
8059,0.7880831168687983,0.8627132347998503,0.6157473563875393
34723,0.5006785182610597,0.9904428037850938,0.7021291797656473
35573,-0.45751559878465964,0.38649181156787255,0.17033438125178624
21098,0.1729789979311941,0.5387057058077809,0.3438125178622463
b693d70c-460d-49d5-a982-ef649f0be14b,0.8870152289639722,0.8910957562412674,0.6500428693912546
31582,0.07262018931478137,0.9921069655517872,0.6187482137753644
7432678c-3c5b-4eb8-aefb-3f593a870d1f,0.2940387763856911,0.3925643799500348,0.32116318948270933
11146,1.597403498461758,0.9954856135426801,0.9088310945984567
25939,-0.05896959854931405,0.5962367745935093,0.3155187196341812
7b613333-c6ec-4874-abd6-981a14da1c19,1.1006824382017473,0.9286102492588659,0.7070591597599314
f03c5023-a78a-4fff-8a66-ec861a810d30,-0.1870307814848764,0.7031838564180373,0.3295941697627894
64aa314b-45ad-499e-8fed-279b063032d2,0.8468032820480176,0.6513504884091238,0.5287939411260361
d5c0aad6-ec44-42cd-996c-69a72b6a0388,-0.4504053909457113,0.09259949604043553,0.10524435553015146
15575,0.8178146583428786,0.9877823800700232,0.7562875107173478
72906,1.9864736657959057,0.9980607011333125,0.9707059159759932
34867,0.1377021121765103,0.679540057854857,0.38968276650471567
0d972309-f5f4-46c4-8206-7558330c5bc5,-1.0539114777862306,0.04360876104949445,0.04194055444412689
41299,0.4510034539568776,0.6511130308793036,0.4477707916547585
64919,1.786491458885222,0.993907429743807,0.9109745641611888
43371,1.5299933405824186,0.9314143903036661,0.7606458988282366
58308,-0.1941709021249347,0.6781052941634678,0.3187339239782795
52781,1.8635580985596516,0.9880136421101819,0.8849671334667047
63747,-1.0013482046960325,0.4371421265807839,0.13253786796227496
6a7054bf-f628-4c9b-aaaf-43e34e7a6656,1.2732359330538006,0.9583876112912836,0.7601457559302658
acb4b92f-216b-4a8b-9c61-08841187e0fd,0.2743312821215904,0.13078673717634456,0.25864532723635325
61701,-0.15904435153779006,0.11644410959413369,0.16040297227779365
8ac0c45f-77b2-4eca-b65e-20eaffd8a8e7,-1.0400484076937149,0.7601242660106822,0.25593026579022576
20707,2.0643914104756105,0.9961720338171065,0.9562017719348386
20095,0.27458078688357845,0.2990020282079528,0.29372677907973704
a8c47a17-268b-4bca-a770-42be1eb27b3d,1.0012896697536737,0.9479450750556798,0.7120605887396398
bf62d2ef-6b22-4b62-a63a-408fb84bee86,-0.9623378276473256,0.1837836132388703,0.0758788225207202
16368,-1.0008155142968764,0.044547913936639656,0.04472706487567876
15791,-0.025058788978363,0.5966267481785266,0.3228065161474707
2291,0.028996978870547196,0.8898940097069785,0.46877679336953415
51128,0.2740193904506232,0.7137866950380476,0.43398113746784794
0f4a5000-aad9-4dfb-9b14-fa372ada8f53,-0.21625659123890273,0.7450160563591877,0.34288368105172906
9667,-1.6479052635029465,0.13671004768163436,0.04086881966276079
9362,-0.0934939153059764,0.8225843001921992,0.4047585024292655
44494,-2.5521244067345537,0.23904530891209796,0.05587310660188625
60765,0.6312865425810918,0.9589535315523063,0.6590454415547299
21847,0.08068846450451334,0.5181392421452855,0.3155901686196056
5929,1.155827022794761,0.5374193811683848,0.5297227779365533
26705,-1.809652249330717,0.11075608028435603,0.03200914547013432
6b231382-37d3-4a2b-9436-61e954328ca5,-1.0637863392196456,0.3725955496509903,0.11124607030580166
7226c323-da24-4bb1-b5b8-7286a47bd54a,0.22837952909375964,0.4061045076665817,0.30965990282937983
10312,0.8826857871883391,0.9936958510341807,0.8004429837096313
56933,1.3913429424707144,0.9972858323880085,0.9041154615604459
8b81c9d4-be4d-41da-8c22-ff4e8914d1b6,1.472898536067585,0.8322895732300497,0.691197484995713
28695,-0.6924584111523089,0.5423267052353826,0.19434124035438696
52616,0.21249329234287193,0.6712600913386905,0.40247213489568445
40269,0.32843750368823377,0.6779650791221283,0.43176621891969136
24465,0.809263584749004,0.9843396338436361,0.7444269791368963
5283,0.13163067659478922,0.1802057489751174,0.2378536724778508
5557,0.7150979464723217,0.9948178655595599,0.7788653901114604
67909,0.660264158291051,0.9358812518254328,0.6389682766504716
31298,-0.2724577617120141,0.2577161709844923,0.1689768505287225
15897,1.357183804367343,0.9965388837841823,0.8923263789654187
69140,-1.3612147845467553,0.5075701300247064,0.14218348099456987
61280,0.7050588402964367,0.932149648766804,0.6453272363532438
44870,0.9194966065653438,0.2921958762994514,0.4242640754501286
e88db2df-7fa0-466e-9ac2-70123c3414b8,0.9017738966116761,0.9187566741551769,0.6715490140040011
3921,0.5397962479323577,0.7839216827559564,0.523721063160903
46225,-0.22821411779801182,0.4652315604610404,0.23220920262932265
39970,0.5621122789150196,0.5132525838614326,0.4179765647327808
71786,0.16541786552598642,0.9473130711614158,0.543369534152615
4263,0.965210144812062,0.8679662868799292,0.64818519577022
35823,1.93782436462442,0.9954391033691995,0.9388396684767076
2a46e26e-e60a-4aa3-9851-a683a380ed49,1.267280899118002,0.9769250250845599,0.7895827379251215
31300,1.7321978086961491,0.9956383542171157,0.9241926264647042
9cf5560c-1df2-4c51-a07f-48fcc7ba9669,0.6671277313330772,0.9559189222740573,0.6621891969134038
14197,0.0278322717103221,0.5621740370425193,0.32152043440983136
32006,-0.07412909622788677,0.6141132022401772,0.3195913118033724
65943,-0.41209400467925095,0.26997472764354424,0.1484709917119177
36517,-0.05698737682944843,0.8382725601732003,0.42147756501857675
41975,1.0205018950417701,0.9948077095057184,0.8325950271506144
46540,1.4911478217958394,0.9964220617359718,0.9066876250357245
11346,1.9319489631903333,0.9979948632648824,0.9662760788796799
24bf6213-cf6e-443e-9128-a204ef738854,-0.30434001324405513,0.4710354935774803,0.21984852815090025
64857,0.9140774411063533,0.5285087413834927,0.4927122034867105
b7e97358-5e1a-4f63-8b7d-d324e50ff4b7,0.7764423617158459,0.8265691180979096,0.5936696198913975
18046,0.5133032001140934,0.6601552074507503,0.46370391540440126
9b0da212-aeba-4d2e-87af-51a323177545,0.5390585511468545,0.23329567064862086,0.33709631323235206
34951,0.310723218185132,0.9454482914916018,0.5725921691911975
12173,0.19470601049878888,0.8798344817279716,0.49892826521863387
6517,0.41456348771753765,0.7452339986710993,0.4794941411831952
26748,0.32160158190823995,0.607419034018509,0.40390111460417266
29239,0.8229920139622044,0.830097814027397,0.602886539011146
1385,-0.9317749019129247,0.08262180816228631,0.055873106601886255
27328,0.5659563276282662,0.781608610636308,0.5281509002572163
62bd1c13-0c67-495c-860c-d40bf081710d,-0.7658349588411146,0.01829342982168607,0.054372677907973704
43340,1.3112793326699839,0.9951874525992449,0.8722492140611603
28687,1.6504299527324653,0.995561632944463,0.9154758502429265
31829,0.2925481481707139,0.6198690684597628,0.4023292369248357
a0a71cad-abcf-4ec0-81fa-3c4f3226e208,-0.015817031535175385,0.256384801285465,0.2201343240925979
30077,1.9653972732768785,0.994943428460291,0.935910260074307
36058,1.9987521822882055,0.9954972465572954,0.9440554444126894
17556,2.184883554184629,0.9944944097512165,0.9429122606458988
26878e6b-62fc-4224-b631-eb0172587967,0.29501192471421134,0.8304211195831074,0.4929265504429837
21001,0.619456262533269,0.4041710401185076,0.3944698485281509
12917,-0.5152955923635708,0.7085420957541798,0.2795798799657045
2132ba8a-f0a8-410e-9794-4cc6e22f6b10,0.34030424146599786,0.5121450493246831,0.3704629894255501
65513,1.4711366043448055,0.9975165493645015,0.9157616461846242
c1c219d7-1d2f-4d3c-b74c-ec3c0fd056fb,-1.7239139601778557,0.02237777419867755,0.01557587882252072
58301,0.8818439712687062,0.9368604875807284,0.6830523006573307
15329,-0.27979138655357083,0.10958021917621934,0.13596741926264647
36092,2.0493076358057243,0.9775054719305135,0.8688911117462133
7891,1.12229793525783,0.9825975312879333,0.786867676478994
18855,-0.6530008440480872,0.9609370646475311,0.41561874821377537
4372,-0.3503923508777672,0.30998517988208185,0.16754787082023437
a7258376-1a47-49c5-b43f-79d9c3193d24,-1.1047244251860948,0.018242995682429937,0.03222349242640754
3c5adf03-dae1-4ba7-9b7c-4a156b28cf71,0.5213076473760342,0.3444769287446727,0.3576021720491569
905be33e-9698-4152-a6e7-013833583b21,-1.2819149843112287,0.019497184488779663,0.02600743069448414
63140,0.26114652752480116,0.6694146449202465,0.412046298942555
54305,1.0850457592989156,0.9458832979746676,0.7216347527865105
78e72865-cbc9-4c80-b224-5d51710b546f,-0.7411302326162552,0.26500582191670563,0.10810231494712776
20758,0.30642160543869956,0.936930604228292,0.5638039439839955
61825,1.8028144818836571,0.9964615356195583,0.939054015432981
70952,-0.7062975319504525,0.5556561578859714,0.1988425264361246
11551,0.840045090254337,0.5577962659968662,0.49135467276364675
33347,-0.6632940082264278,0.10776953636234851,0.08280937410688768
22613,0.3407312979489231,0.7910878679468418,0.48528150900257216
53877,0.9061590710744364,0.9610831994038505,0.715418691054587
48021,-1.8516038051069998,0.0510629924138239,0.02093455272935124
47184,1.5468992608091015,0.9197734359209163,0.7527865104315519
4711,-0.49644623633979945,0.6695107947861421,0.26507573592454986
acd83467-cef7-435a-b1fa-850f2fd91799,0.06803501790102212,0.9979660002434472,0.6740497284938554
14831,0.04636551059232591,0.9339208133865,0.5040725921691912
126cc670-286e-4bd6-ae80-ba8ee329942c,1.3917556294305973,0.9324740648763276,0.7458559588453844
45328,0.39710208667250396,0.8613785116806781,0.532652186338954
3fc623e7-13da-4014-b36c-755526f865fa,3.3843732532038038,0.9954600193530867,0.9642040583023721
25658,0.06202993050676692,0.6001760564849382,0.34366961989139755
60709,0.8624039261906936,0.8129373394358511,0.603243783938268
f7507728-6930-4055-b30c-44946727cf5c,-0.16932232644920708,0.19321487776050839,0.17590740211488995
15779,-0.30211408564676856,0.7428242204645575,0.3249499857102029
d021cc70-304b-436f-8f3f-6a0cd48a18c3,0.8440586823487752,0.9882453540322409,0.7632180623035152
84fb98e8-c14c-4c22-92a6-d696d4860cd1,-0.9899080006515948,0.1767387736434031,0.07187767933695341
66722,0.7171778671977243,0.9559012016176767,0.6714061160331524
31676,0.015554632139612834,0.6965803717721465,0.3694627036296084
9171910b-92ec-4687-bfd7-0bae3f0dd5c3,-0.813849764782643,0.3864263613769915,0.13168048013718203
5eccbf0a-5be3-4f73-adbc-cbfa08a29078,0.1878278806145392,0.5652433530649283,0.35810231494712774
33e2046e-2c4c-4e24-85fa-d1ff8426d475,0.6774221119523148,0.9747145918536574,0.6944126893398114
23961,-0.4025287070299659,0.5538493016096675,0.23478136610460132
63872,0.8975714737582968,0.9056358536058076,0.6611174621320377
14517,1.8923154072122068,0.9680211939434357,0.8397399256930551
19317,1.7919528192077248,0.9948125216131541,0.9205487282080594
1506,-0.2636796113965567,0.689231771912868,0.31001714775650185
16560,-0.9403561808118623,0.5588814380914913,0.18205201486138897
bc51355e-ba1a-47fe-8eb3-47d5417eeec7,-1.146033839635286,0.669526147419609,0.2121320377250643
34975,-0.6507411565438022,0.7468919981561081,0.2799371248928265
34353,-0.25708223313231005,0.199266842254536,0.1609745641611889
1fc13065-2c93-4def-b9af-cda5f51e4eed,1.2467444777368675,0.9666852376113144,0.7689339811374678
68850,1.952574524052509,0.9957900275801079,0.9437696484709918
16462,1.6847047512725004,0.9922496437026397,0.8898971134609888
11592,-1.5050121738752937,0.06287838980591268,0.02807945127179194
0bb55134-ceb8-4e42-becc-eef6f76ea80d,0.35619160379291215,0.5139353139345316,0.374464132609317
70218,0.17913510691965268,0.9875737368828006,0.6212489282652186
65328,-0.1914162715116281,0.7622747129276848,0.35588739639897116
16254,-0.16091390383179038,0.5125918022896949,0.26071734781366107
2fbdbd88-567a-4857-a4f7-16f4f3bdb17c,-0.2886162290519797,0.8340781564301468,0.3711774792797942
381841d0-dbdc-467c-9793-e71f8a1270de,-1.2530579556272516,0.20353662422566135,0.06644755644469849
18534,-0.5438989427655327,0.6135403349243344,0.2387110603029437
66171,-0.7557149305720139,0.3777719355649654,0.13339525578736783
23358,-0.7485509999104387,0.13964421961393586,0.08216633323806802
22325,1.5026716179886634,0.9934060021430676,0.8774649899971421
43701,-0.34348525451742296,0.7708689911857282,0.3318805372963704
66705,-0.2315508665582039,0.3768932647114928,0.20398685338668193
152d08b4-8be6-4548-b963-ef9194feb2bf,0.4182583929102623,0.5020287376848113,0.38382394969991424
39859,1.0198639909067224,0.7490888372601042,0.5970277222063447
c4abaf2d-ff36-4cd1-8f30-8f5b5da9772a,-0.171059847068746,0.40986202406232514,0.22470705915975991
58340,0.9768576551622882,0.9937954667224,0.8158759645613032
20704,-0.225419124054141,0.34475213501154206,0.19741354672763645
36871,1.351586176396049,0.916176720368566,0.727707916547585
42356,1.4943649447583085,0.9973020769336132,0.9166904829951414
81d4fb24-a042-4c25-bad3-7d8723196302,-0.12160575669999119,0.23048179107977074,0.1924835667333524
17485,-0.3464538653584226,0.8287266253124763,0.3589597027722206
33777,0.6191175521974693,0.8387471781857405,0.5681623320948843
37492,0.5248078364026817,0.848741255671924,0.55301514718491
74,-1.0984754806771246,0.09963023813500621,0.04937124892826522
12563d78-2456-41ea-9e6c-1fd8797fe555,-1.2286127378603438,0.35067076255274837,0.09888539582737925
4f9dbf6f-3688-4156-bdd4-7ea64758fb62,0.03045472505970187,0.4746338347792361,0.2896541869105459
50005,0.17271377612771865,0.9724485122717248,0.582166333238068
8a1a8311-1022-4fb4-b742-d2c266465511,-0.09909628829272032,0.9425536296120706,0.4809231208916833
04d843ea-1cbe-4bea-b654-e4fa3c9b3bf9,-2.1174075228933695,0.007476730649499324,0.005501571877679337
41892,-0.7094335079754275,0.3892012753686541,0.14196913403829664
66388,0.5494609407560513,0.9350508854592079,0.6140325807373535
55246,2.0145475266807664,0.9955887003861091,0.9467705058588168
d403e8f7-2ed1-4bab-8336-c0c2c5fbe1f3,1.648153926217159,0.9484484012854487,0.7905830237210631
132ec915-5b22-43db-8220-d7a29e1ad563,0.4666461544427478,0.9686704062723877,0.6383252357816518
11981,1.5829962352794513,0.9967099251745019,0.9204058302372107
9831,1.6244757816695383,0.6659464536384639,0.6335381537582166
28189,0.5352550768403517,0.6436025171416299,0.4626321806230351
5897,0.33275825849525964,0.9846896567184634,0.6466847670763075
10062,0.007896836775793004,0.6132413512180039,0.3361674764218348
59070,-0.2933645638369773,0.40692973789431736,0.2007716490425836
74252,0.23763405682957145,0.872569024740877,0.5040725921691912
3604,1.4443114254625953,0.996144230236612,0.897470705915976
928c84b6-8369-4ee3-a9b1-a18571d3f963,1.2935952663352501,0.9711573600487211,0.783009431266076
50969,-0.48106189281442646,0.22028969799305786,0.12882252072020578
57685,1.6300164880769505,0.9964835538450425,0.9233352386396113
031e5fa7-0901-43c0-8675-8a8f708e5c30,1.6958991399888599,0.9851456372828528,0.8610317233495284
114ca8ed-89c9-44d5-b3e3-fd8cd7b49f9b,1.204534108042909,0.9929365555147444,0.8395970277222063
67288d81-7c9b-4008-bf78-0a4eeeca8523,-2.5055903246063442,0.03563160200283993,0.013789654186910546
40938,0.03620297401611372,0.9744809199027633,0.5552300657330665
39750,1.9959170098817844,0.99872961835301,0.976278936839097
20839,0.061413330822956747,0.9490100659142949,0.5222206344669905
45990,-0.7014422518002708,0.872839923683731,0.3390968848242355
a31907c5-c035-4dca-ba29-cb4c6fe3b03f,-0.43037896297018774,0.680737974793616,0.2787224921406116
36026,-1.019204296149056,0.6533086438531079,0.21220348671048872
d739a72a-e878-471e-aa36-2d881ac362a9,0.3625014438303925,0.6232094272785826,0.4188339525578737
15243,0.38541488544218555,0.7612503228261562,0.47999428408116607
21e8f5e6-c183-4491-bb40-8f05780b5f06,1.6278104157969493,0.9105722954685522,0.7560731637610747
5fb2a140-ca9c-412c-a280-a6fba5229bfd,1.7691290030963422,0.7574209978830911,0.6869105458702487
31049,1.0350595198209176,0.9945776082379668,0.8317376393255216
47058,-0.2998161296231042,0.9792360440308499,0.49642755072877964
1c7f07a9-500a-4012-aff2-59fcfd85daa4,0.7745708784971232,0.8405752153670689,0.6013861103172335
32528,-0.7498011348839337,0.8668565805829309,0.3305230065733067
2174,0.09026847939313937,0.7950718538032487,0.4321234638468134
160e38c4-2f7d-41e2-97fd-c23a5b3c1ea2,-0.01294195100855794,0.47936533738316633,0.28158045155758793
3daacf72-f459-4d8d-b78e-41e07d0a2dbb,0.8865718852157023,0.9964323174666867,0.8294512717919406
59000,1.509537947041269,0.9952812244524517,0.8968276650471563
41542,1.4769967415855256,0.9987097800938127,0.9269791368962561
72986,-1.653895873288352,0.011923390941395474,0.012860817376393255
53344,1.4680138529024764,0.9974690139531813,0.9149757073449557
49978,0.22146171665234404,0.46164103404889767,0.32630751643326666
4510,0.17817326783889892,0.5486169847180355,0.3484567019148328
10676,1.2996250884972111,0.9840507743226076,0.8133038010860246
870207b8-dc41-4d51-9152-3387e2bef83b,0.18351098973887764,0.7076536328756253,0.411689054015433
73750,0.5712168042039801,0.8031990980900862,0.5404401257502143
a7d2e4b7-fb76-47d8-bf0d-e89f7d2ebe56,-0.24341341434804764,0.05867360677514885,0.13382394969991426
2a7558f4-9a15-420f-989a-4552a387dbf3,-0.4168483639740044,0.5579993607918602,0.23428122320663045
54319,0.4633884601124187,0.7730324994246327,0.501571877679337
181a6169-c520-43db-8ae9-23fb9b3ccd1e,2.0358021383810607,0.9307614227882879,0.8063732494998571
25eca13f-838a-49fe-8adf-4b47b9ce6e1a,-0.45264897215194655,0.7386717779775962,0.30030008573878253
15009,0.6381202442792693,0.9110399120225143,0.6148899685624465
21642,0.6706590583284577,0.4366562128217326,0.4144041154615605
897a527b-e9a0-430b-b44c-26035555cd36,-0.11159147438869865,0.968541730843428,0.5125035724492712
53308,-0.3645990858544642,0.4277140801659265,0.1956273220920263
900be1f9-1a19-4f3e-832c-3745630e2989,1.7469265077711453,0.9663471206531495,0.8240211488996856
98feb90a-65c7-4196-8e4c-1e6ba7fbd669,1.3710203298468184,0.9899438941330461,0.841811946270363
59565,-0.15250070832431817,0.9667679263646974,0.5006430408688196
0bb02e52-03f0-4f26-ab79-4bac1b55ff9d,0.47824057067996706,0.9029405893523382,0.57409259788511
8096e006-eb0d-400b-81cf-537682ba80eb,-0.24964741041263172,0.42838957517721504,0.21477565018576739
28022,1.9571632092057747,0.9922676456733578,0.9129751357530723
45245,0.3187519622397025,0.5806083565681412,0.3922549299799943
d5d40fb7-5f32-4bad-ba63-0a7f32ae1a30,0.22391129761131523,0.6726134038094875,0.40575878822520717
61466,0.7968781298782848,0.8417365265473381,0.6059588453843956
65929,0.70005092468576,0.5043986438005486,0.4440554444126893
71642,1.9484995316691036,0.9974867824579408,0.9619891397542155
9088,0.4925136250773209,0.9637106191446977,0.6368248070877394
230e647f-e3e4-4a71-b0e8-07b1f248d5f6,0.8569151793816094,0.8311967276784114,0.6105315804515576
16772,0.784666189840631,0.882260364762765,0.6268933981137468
61889,1.7614071268108131,0.9980501464753163,0.9529151186053157
42949,-1.863200631520358,0.26101468337335204,0.06308945412975137
28418,-0.013272914632175281,0.6838212319533878,0.357959416976279
9f39ceaf-847d-4196-9476-612225a1a358,1.1686704586468526,0.9631542635528958,0.7551443269505573
46443,0.06701517771770654,0.4490121556711802,0.28836810517290656
51c222d0-f7c5-4ca7-bc06-5ad8584f82bf,-0.1780830126624151,0.6512278359860407,0.3115890254358388
66897,1.5234677629421942,0.9770755649774665,0.8195913118033724
60125,-0.14926297843348457,0.8126867462169809,0.3879679908545299
31508,-0.3472256625097405,0.7071274112450133,0.3021577593598171
22770,1.7541733592603597,0.9916827668815076,0.8927550728779652
71315,-0.507640266699763,0.40255008808654485,0.16747642183480996
20675,-0.5452832541847794,0.8745062650817413,0.35695913118033723
10235,1.7558304542939136,0.9957483217938332,0.9275507287796514
20581,-0.3464369127323176,0.32051973185028726,0.17076307516433267
49276,0.15920279747386507,0.8789560285659702,0.49135467276364675
7c23abba-31ec-4ff1-9e63-835c2b891d41,2.095276163681593,0.9918145331668784,0.9191197484995713
1009,0.915196141085885,0.8539661685053714,0.6327522149185482
17013,1.1550263432180203,0.9639715839378951,0.7547870820234353
a5450a46-1bd0-4b7b-a78b-5001b1da1f9d,1.11765774613116,0.896325976884462,0.6852672192054873
11122,0.12228665347552825,0.7247259762463667,0.40497284938553874
15111,-0.08941630727739569,0.7574449336953069,0.37417833666761935
62787,0.4248301014361748,0.5225186973561518,0.39211203200914546
d27ffa3a-70b1-49be-8ea4-b629be366f75,-0.43795071991699,0.40719084974415276,0.1781223206630466
62274,0.11073221855444887,0.8352530362378969,0.4552014861388968
6668,0.8340292634006614,0.6912330769012981,0.5423692483566733
54824,0.9071899281692786,0.996415955919129,0.8329522720777365
27898,1.0152843224435923,0.9782478747076547,0.7617890825950271
2352,-0.4672038496507259,0.8507760075426054,0.3531008859674193
55057,0.6371253249300203,0.996884689053227,0.78615318662475
df91b392-4b3e-4023-9899-ed36f583c574,1.4408396748817953,0.9035209673649373,0.7284224064018291
554,0.03474479431096622,0.33048833883294093,0.2489997142040583
c238c42a-8e2f-4a62-9396-3b1e8fdebea4,0.0221581925355952,0.9970921960750169,0.6542583595312946
e0db6fd2-a0f1-4f1e-b0ad-04df52f6e0a2,-1.1726276590236855,0.018744173303739883,0.029794226921977706
41765,0.76727480657538,0.9930394927972576,0.7749356959131181
bccfcb47-d068-46f3-80f6-b0cf20513d5a,-0.5401066653721684,0.18841899003194448,0.11474707059159758
7088,-0.2499051601358886,0.41920921735161354,0.21256073163761074
40190,-0.10631409254581803,0.7842641537165401,0.3840382966561875
2242,-0.7083973954826268,0.7623190042331907,0.28200914547013434
c2704f07-19d4-4ae5-9ec8-536c8628becf,-1.2899763592899558,0.05994893674631779,0.0348671048871106
10244,-0.34213545005236745,0.7338001285890717,0.315304372677908
34434,-0.5213366006291524,0.6885676472233525,0.27014861388968275
43856,-0.57446195628696,0.5746739285168024,0.21991997713632466
18683,2.2284997404343754,0.9814588227845797,0.8864675621606173
46840935-67b1-40b1-a8ad-766a23b1cf53,0.8155635377609605,0.5156200101919695,0.47084881394684197
38518,-0.3445260900232382,0.23642332021366955,0.15290082880823092
60707,0.17064455572305687,0.3584764738800878,0.28529579879965705
7ec9ff62-3943-420d-9558-db578c76da49,-1.2927577770149077,0.03878155617392533,0.03022292083452415
f6db3d40-684e-4851-afbc-1e5ebe0e37dc,-1.5522122155208449,0.004730091633861722,0.01014575593026579
27614,0.13396384535090128,0.3960124612374189,0.2869391254644184
67af64f6-e53c-4677-bf5e-ba6c5bc45887,0.68325836284892,0.6656145627159761,0.5020720205773078
50212,0.3301952141311222,0.42995216738443226,0.33959702772220635
31511,0.5007382564050077,0.7898342594522879,0.5175764504144041
eb4d3b7b-dbe3-4dca-a446-5e17c7b10700,1.4354553758883772,0.9860869001556524,0.8339525578736782
52324,0.4389861110288031,0.3929010630710934,0.35267219205487277
39362,1.5785035461774792,0.9957645828136957,0.909402686481852
48d71ba0-0bbd-4fdf-833f-aa8277c316f8,0.4929515817321839,0.7854909732139872,0.5147184909974278
35009,1.5424662123479012,0.9917001716486218,0.8704629894255501
2301,-0.6133614813078381,0.6162609975158576,0.2326378965418691
93bdc4d4-f277-4ecf-8b79-cdf3c946d5b6,0.4856252660191088,0.9940014047615255,0.7218490997427837
9628,0.12051120489037204,0.780193178032284,0.430480137182052
61869,1.446821172356519,0.8321942554740658,0.6881251786224636
9f3346af-fac8-4102-abaf-a8f74f4ca4db,1.342851948240048,0.9658718542798685,0.7792940840240068
10994,-0.9397490866345299,0.30675054706062616,0.10388682480708775
bae9c982-ca62-46d2-a600-7573425d32b3,0.9195889084606832,0.963633725362439,0.7222063446699056
1ca08ba1-db3b-43a1-82e9-5f323434861a,-1.2375083047808344,0.07154838207541883,0.03843955415833095
37639,0.0966765502770413,0.914293200494839,0.4995713060874536
08a298c8-8379-423e-93f1-cd6d5c1583c1,1.0224864686832846,0.8301924800611417,0.6360388682480709
61493,2.6969321776014485,0.8243677182939695,0.7556444698485281
67629,0.2191879081460832,0.7398440124353202,0.43219491283223777
d7b2bc6c-ef1b-480d-821b-14829fff41ca,1.0119905632493122,0.9590457449018356,0.7282080594455559
61981,1.1263456065373312,0.9836660076238968,0.7904401257502143
39012,0.5691174037448039,0.4218894742784145,0.3873963989711346
15a4ee5b-649b-4350-ada8-82e2b89328d9,1.8079250428338298,0.9929436770457812,0.905901686196056
e487f99b-c7a9-4706-b8b2-a745f18322a5,-1.3044883554053333,0.009039792294981206,0.020863103743926838
26756,-0.12565657379606587,0.6384244438376606,0.3163046584738497
9a277efa-c272-4611-9938-84f9152f9125,0.049493309374802286,0.4682555824075528,0.2920120034295513
27120,1.8828438929891178,0.9907823108651255,0.8989711346098885
13382,-0.6233588260831757,0.4501823626802107,0.16876250357244926
bc42f7be-bf6e-4058-a3a4-4050bd112d82,1.8881005822280916,0.9304486113695172,0.7947270648756788
49349,0.016717618426465908,0.3925327567604135,0.26043155187196343
29336,1.6373177413820976,0.997003652056614,0.9296227493569591
139eb3b6-1379-45f1-a9a0-68eb1a28bdbe,0.25242784017071135,0.4335151296536336,0.32187767933695344
41679,0.8231665519330149,0.5245774824471408,0.47477850814518435
60846,-0.9200005586178075,0.3309321192630888,0.11110317233495284
54134,1.466967044653808,0.9861577807143752,0.838310945984567
49558,2.272434937932093,0.9950033212623849,0.9519862817947986
54838,0.37461574419033716,0.8308018277230911,0.5108602457845098
59223,0.26355165793992086,0.24055638278447636,0.2789368390968848
e7ba7881-9f5b-4346-bcd1-a8a3142651f1,1.348915000437473,0.5198464754710344,0.5455844527007716
30256,0.6668506039349186,0.9924990761515913,0.7505001428979708
47688,0.7766519613761131,0.354905164447168,0.4141897685052872
4049,1.512716699636174,0.8960505133066392,0.7317805087167761
462b0a62-cbb5-4ef8-ad20-c0b5219e9f11,1.4532106551939457,0.9341890392870859,0.7540011431837668
69536,-0.31563979470831427,0.9590689236965718,0.45920262932266365
42317,1.1249445351491816,0.9103938022147803,0.6967705058588167
47745,0.9308422415436608,0.46924195975873495,0.4762074878536725
b504f273-2216-4727-8fe0-ef370fb48649,1.149333030066145,0.9778841870012598,0.7782223492426408
196,0.3949816907130758,0.6287143811953612,0.42776507573592454
56519,-0.34859290548583877,0.7806709574497128,0.3360960274364104
44123,0.8517745891795778,0.9429360347974749,0.682766504715633
b60d62d9-7b96-48c9-b2c2-c39268bd7b50,0.2998476296458733,0.6556991854346844,0.4159759931408974
60535,-0.5849810621414406,0.5652572375700433,0.21606173192340666
6b2e6109-1cb7-496e-b1b4-7e35bc8b17b5,0.00459440304700276,0.8418552351330467,0.4354815661617605
54667,-0.24667278698144246,0.1927371248071712,0.16118891111746214
7b2b4200-1411-4f13-afa2-59f9930e0e41,0.44312510077439726,0.9633534005497266,0.6253929694198342
66384,-0.10377503388102227,0.7875247757596153,0.38596741926264644
33871,-0.15365967886097986,0.9384264588357184,0.4649899971420406
23057,-0.8311112519830415,0.4899081122965194,0.16347527865104317
e7b03b7c-044b-44bd-bfda-ee58d2e5037e,0.7621102309764358,0.9485651394458616,0.6726921977707916
5d0b40f2-6316-4c8b-b2d6-f03a331e7e31,0.19470725476909395,0.1371904907401008,0.24221206058873965
bf2295f6-1cf5-4616-ba72-77acb8a341ac,-1.091731378069657,0.05176802858057364,0.04208345241497571
44158,1.5712923481873684,0.9492711060766278,0.7825807373535296
72cb05a5-0efb-481f-a3e3-ca57f4e7ecf7,0.7642609692528286,0.30863249416150057,0.4007573592454987
3155,0.07932142575502471,0.21957420890971413,0.23485281509002573
34361,0.3778516051234972,0.1972958279827857,0.29587024864246925
67854,-0.500337012750208,0.5671007994817449,0.2262789368390969
2164,1.8169290936914657,0.9991379999104927,0.9631323235210061
65059,-0.6635333629752647,0.5508378352870933,0.20055730208631037
5584ecc3-fcca-4603-a602-fb33abfdb3ba,0.6793969995866834,0.6829097815441859,0.5080022863675335
38349,1.7265879623028724,0.996866848673679,0.936981994855673
a1a3b28e-a7a0-4380-be82-39633abd4593,2.422551564982208,0.8183464318815028,0.7501428979708489
53860,-0.5449055126483227,0.7047774002068901,0.27286367533581024
4ea0a18f-a8e3-41db-8b5d-8f92697d02b4,-1.109695459732495,0.011443191904073545,0.029294084024006857
43540,0.38226000212799305,0.6923992120846554,0.4490568733923978
47878,1.6861332071411375,0.9518552948267843,0.7979422692197771
a059880e-85b9-4463-b3f4-c1c44cf27c47,0.9154294052231078,0.8476573771531183,0.6295370105744499
0ae04f7c-81d6-4952-b04a-8b3af647946b,-0.19968148793198037,0.17485411083170047,0.16540440125750214
3362,-0.4747763418190293,0.8633261796191034,0.358673906830523
27119,0.19096071264921272,0.9316866550831896,0.5342240640182909
470277c7-bbf3-4c2f-a77d-bda806f4e898,-0.4570081940419509,0.5807262344693214,0.23728208059445555
5700,-0.2650787044401416,0.781041048348085,0.3513146613318091
10764,2.0105092685431885,0.9954013383456629,0.9441268933981137
607d2845-033e-496f-bc39-9d5fa83ef7c2,2.43627751722462,0.9934282789256079,0.9398399542726494
9776,0.5408682848399285,0.9797814112632925,0.6761217490711632
2300c670-bc08-40d0-93dd-5104d794a264,1.8687102924713053,0.9827193489645294,0.8689625607316376
18300,-0.1323767299668328,0.6985694452206533,0.33745355815947414
37605,0.19100396941657244,0.8215747912304638,0.46591883395255784
e58cbbe7-bd68-4cf6-8ad0-bb286dfbb2fb,1.019618063024356,0.9829710732539648,0.7753643898256645
41760,1.343160737125533,0.9959183264110917,0.88375250071449
31901,1.1598790475403673,0.9813608806067606,0.7890111460417262
60230,1.0366342876588592,0.9869776869112944,0.7892254929979994
38068,1.6163678607235017,0.9942761960690293,0.8973992569305516
aceace10-4241-46f3-9920-0c5ade7ee91b,0.7680221173077892,0.7390947230177046,0.5502286367533581
33361,0.916303263782865,0.960306916393243,0.7160617319234067
30347,0.271277111589906,0.6025246382381189,0.3902543583881109
ccfef586-2140-403c-958a-77a11151583f,1.2820573901437056,0.9110597600719765,0.7167762217776508
47708,0.18533281548083014,0.868429220348611,0.4904972849385539
12161,0.11388671669219891,0.4981311398518499,0.31609031151757644
1d5fa1f1-0520-43f0-ad82-d257902b7578,1.4261081063416494,0.7702274773540136,0.6547585024292655
259b3dab-00da-4b86-a195-22af4dfd9521,-0.7896699810937138,0.10826606348042814,0.07116318948270935
43134,0.09706601484231264,0.7189583393455253,0.39682766504715633
5a961d3d-27dd-4fe0-98bd-2a9f52666236,0.6270692775362233,0.7247188502757618,0.5144326950557302
71366,0.1494057241724593,0.796028216520743,0.44605601600457273
28657,0.5973589115235822,0.7317997653531695,0.5117890825950271
73679,0.5634277288759111,0.6364913070115413,0.4658473849671334
11b0474d-1c07-4df7-a290-0df8a98085d5,0.09072893390552261,0.700786296259123,0.3875392969419834
31735,0.11161163501775212,0.7849962767520211,0.4319091168905401
25419,0.26074645260081547,0.9312179119743181,0.5485138611031724
a5a95bcc-5972-43e8-93b0-8e1046a42a42,-0.523979902130618,0.5351695007670582,0.21027436410402972
46782,-0.34419035873567083,0.34646440498378234,0.17697913689625608
444e4b3e-d786-4cea-a71b-1c8143bc8290,-0.4352719155395707,0.18074076218807272,0.12667905115747358
30166,-0.07833728678557683,0.21736431899179598,0.20034295513003716
64032,-0.673794980380445,0.7923255526029968,0.3002286367533581
51157,-0.5301724202044695,0.8651803131310597,0.35302943698199485
d0188948-accc-46f7-8730-4ea9a59b8f2e,1.8750540710309793,0.9936764888320645,0.9167619319805658
46994,0.25323877222179436,0.27912130649858125,0.2837239211203201
14678,0.6159331626104575,0.9593076753761033,0.656258931123178
4442,0.779512747908144,0.9205203049182079,0.6510431551871964
52902,0.46745556269708116,0.4110993375278736,0.3632466418976851
46820,0.2734892897128312,0.8280372208921261,0.48685338668190914
55807,-0.503999062589638,0.6046082597030712,0.24049728493855388
10833,-0.7620274339392841,0.7366566644047192,0.2642897970848814
5646,0.4489255843135622,0.9398418032323747,0.5978136610460132
57069,-0.4043509542511383,0.5515572813525876,0.2336381823378108
e26b22df-c3bf-44d3-8397-434152ff2513,0.23866974675351266,0.9624893311082958,0.5796656187482138
40a2767e-817b-460b-b906-f49f4a976500,1.002939731841225,0.9119998985948734,0.6821949128322378
a019d0ee-e701-47ab-b768-486f857c0be7,2.254112081816487,0.9985688306902487,0.9873535295798799
30723,-0.2291895250014906,0.440132985329344,0.22299228350957417
8b067687-1935-46a1-acfa-6ef7d7e773ed,1.2682164024655838,0.6831326904800831,0.5991711917690768
54371,1.1695753254915333,0.9783547008901492,0.7817233495284367
ad52970e-9c32-4c29-b961-f4e75cdea602,0.8793271544302264,0.9694932564763694,0.724206916261789
60945,2.0836021603934434,0.9971427153400229,0.9676336096027436
57221,1.5038931302242737,0.9980370679652008,0.9253358102314948
32101,-0.41082816343025674,0.6879455627451712,0.28515290082880823
efb3b867-aa62-4a3d-a8e2-9749457344d0,-0.1808271878061285,0.4880968887737103,0.2492140611603315
48830,1.135069621496028,0.9942052090817469,0.8404544155472993
6c8c7a34-0d92-4af9-8bc7-49592a9c1da2,5.087009689954913,0.9911425224032708,0.9302657902257788
41523,0.8843530313703911,0.7348980831827823,0.569162617890826
42145,-0.3471529875041355,0.5795725061130013,0.25278651043155187
1033,-0.6108425289063941,0.4044421844269585,0.15633038010860245
3256,0.2746877978161487,0.9404879617378764,0.5603743926836239
69420,-0.3732146522720585,0.6079713979186256,0.26150328665332956
53038,0.8244057179927977,0.7532686188827598,0.5669476993426693
27331,0.17950712447043032,0.9558504303170263,0.556873392397828
46343,0.4216802664997614,0.22582136672497718,0.3108030865961703
5566bf4d-2514-46fa-b971-1bda4dfb1a7f,0.708668044430425,0.9560873565108745,0.6706201771934839
38273,1.2260285738635133,0.9888759599151697,0.8201629036867677
23243,-1.1380452502660026,0.6137015418776137,0.19234066876250358
bd6603d9-ff73-425b-a6b0-5b95f293e787,0.01555426652829306,0.2977578396695017,0.23628179479851386
45ccb26e-d825-4b90-bc7b-2112266c392a,-0.7351796466833462,0.23441633412131535,0.10374392683623893
42243,0.8535775824752245,0.9157017449575905,0.6604029722777937
17584,-0.15379941191388213,0.809727679367859,0.3861103172334953
17124,0.8811842645686612,0.800230987007438,0.6012432123463847
65308,0.0884933248289137,0.5402374462005366,0.3257359245498714
10755,1.3419812969009994,0.9960943130080194,0.8851814804229781
41ae816d-674c-4974-81d9-47710f7ceef9,-0.2548117878195092,0.34877094053698476,0.19319805658759645
69741,-0.005947828642762221,0.9833105011343768,0.5664475564446985
b4cd2e70-730b-4d98-854a-626f0b590e17,-0.0741784688272159,0.3103649722566739,0.22049156901971992
45912,0.4461381753432549,0.7503815764497925,0.4872106316090311
105ec0fa-af17-4b11-bd62-5b3e6a39ec5a,-0.2796066636943515,0.5215533129252027,0.241926264647042
65511,2.5250152195779716,0.9975630740770607,0.984209774221206
60737,1.5027994278086505,0.9820336244336267,0.830594455558731
9f074fa9-d031-4303-9045-ccd350588f23,-0.030822592354604605,0.11550670528907751,0.18769648470991712
64176,-0.5566235222658453,0.9046322667385919,0.3737496427550729
13214,0.743482425503825,0.869405661655561,0.6104601314661331
6f09d1b1-a144-4651-ab21-840df72def88,0.900469142429299,0.9821368208894105,0.7547156330380109
33727,-0.36564203639219517,0.7513860049982443,0.3206630465847385
52662,-0.3503862326033076,0.25056825528307336,0.1544727064875679
8d0c8c3f-900d-417b-882a-5ceb3b7248dd,0.009937182937058309,0.7830899439601353,0.4079022577879394
43121,0.5247766142333912,0.9748629309874409,0.6623320948842526
18741bea-002f-4c40-bbef-725096335365,0.8559993691758122,0.9492997864810357,0.6907687910831666
10466,0.6382927693027531,0.9790440630670124,0.6948413832523578
7e3908b6-d530-4c17-a8aa-e60002903b80,1.5484144056504954,0.9671884070066933,0.8049442697913689
42794,0.027348084508855064,0.7230909623939902,0.38375250071448985
29546,0.7578209745367412,0.9807664237658,0.7252072020577307
66084,-0.7479164970010623,0.9917716993080927,0.4829236924835667
16220,0.654605019066511,0.9590050679071535,0.663618176621892
73702,0.26084416825384793,0.7707494052163865,0.4557016290368677
8352a504-20ac-4110-92b5-06f475b36814,-0.9649450495658809,0.5547391015097863,0.17783652472134895
2405,1.1927794723863683,0.9828428545026571,0.7963703915404401
73386,1.5670382287728823,0.9833654169651037,0.8415261503286653
64293,1.537109614077281,0.9951903576182864,0.8984709917119177
63215,1.5383407336304862,0.9932582826222265,0.8808945412975135
66975,1.4078414475477858,0.9968506500022779,0.9014004001143183
f1d66751-555f-4349-a46c-8e06e167eaf9,-2.241789896150726,0.006508053555264267,0.004215490140040011
34365,1.430584267932644,0.9686910276784875,0.7934409831380395
56926,0.11666662037820003,0.3889932789128426,0.28143755358673905
41c5740f-f26f-4e41-a965-51f4ba9221e8,1.282367235791843,0.6969359358324779,0.6066733352386396
24003,2.0095166076574986,0.9977427778909297,0.9697770791654758
67200378-69da-4b9b-b3ee-b3d2443180d6,0.3111618651088452,0.12354781737441188,0.2642897970848814
71119,0.17588582089153365,0.4353987733948057,0.3075164332666476
6904,-0.690493636580995,0.8995835711788793,0.35603029436982
7a0d045d-3e3c-47ea-96e4-551b969fb412,1.2932291223547268,0.9733212020812108,0.7867962274935696
68070,0.8158177514893429,0.9821303914691532,0.7390683052300657
10431,0.5895725662580533,0.9411154013685866,0.6288939697056302
44541,-1.2193138297058133,0.025452745735050526,0.029865675907402117
50162,0.7743939603551986,0.4941741153604769,0.456630465847385
72796,1.2560170893615283,0.8569582825351985,0.68012289225493
47423,-0.03189692341799755,0.77063871051829,0.39232637896541867
37918,-0.030630846435359294,0.32257792749280667,0.23292369248356676
738,1.362432841323223,0.9899963439506573,0.8410260074306946
28485,-0.6133117514115141,0.6619201470771902,0.24835667333523864
00498558-d396-4647-a9ca-7fe0bb200d0b,0.9760929513752115,0.845406609422221,0.6366104601314662
57104,-0.1152727741872992,0.8443723688948898,0.41047442126321804
32646,0.33834325972449,0.5857341695400006,0.40025721634752787
64926,-0.9869478645435006,0.05005579236815774,0.0471563303801086
141b5159-60ca-4bce-82cb-04e19f261fb3,0.5983575405182626,0.38743513384731937,0.3858245212917976
69670,0.5784887499186221,0.48623003846901186,0.41197484995713063
52538,0.4746276443760238,0.6369488548824709,0.4468419548442412
55074,-1.0988527178584564,0.21162255768077073,0.07402114889968563
dd95c6dc-6009-4e0b-9408-e31d452b5c2b,-0.21754859882655364,0.9343687516068985,0.4497713632466419
43621,0.6063749612397717,0.43538819544897084,0.4006144612746499
51261,1.766258877514372,0.9956805868154475,0.9276936267505002
84f0322b-3b09-4910-a36e-2a5f9e90a4dc,-0.9726738481586481,0.5326778259669365,0.16847670763075165
e1b7a180-0c2e-4f59-84e2-04a239896a01,-0.04765288867890871,0.4544604297585887,0.26586167476421835
18682,0.5012192881381158,0.4496281493088838,0.3830380108602458
fefb7af5-32a4-4490-a85a-9a0ed790460e,-1.0159578624863468,0.582400965918016,0.1856244641326093
21565,-0.31916270813297565,0.4013758368685545,0.19519862817947986
31425,-1.1097746096885936,0.10273140950207434,0.049442697913689625
af805a9f-422d-4c0e-ab53-183a73d89ab1,0.7353425984528807,0.8897906650573016,0.6208916833380966
66767,0.020264977077519508,0.7180227482572535,0.37946556158902545
31099,1.6716705408203196,0.997313824790022,0.9369105458702487
11902,0.15740987642836474,0.43525712328491495,0.3033009431266076
61812,0.30117606150804055,0.9793196846591095,0.6231066018862532
71721,0.24853680889671909,0.7725669647466396,0.4539868533866819
eaeca5a1-669c-4c9b-8541-bacce61b8224,0.6945997237476863,0.9775761458610349,0.7039154044012574
57608,-1.1215906376624143,0.42867065327141946,0.12346384681337524
63020,0.6347479880858301,0.4039763974695929,0.397470705915976
21459,0.6618583726435083,0.992684235951865,0.7507859388396685
46010,1.4023873335089787,0.9891921141519373,0.8408116604744214
30b23803-559c-4aa5-ad79-2e7c26cb89b4,0.5926434802103289,0.744685866839087,0.5167905115747357
46756,0.7418853505355251,0.8426576725189086,0.5958845384395541
3b0667ee-ae93-467b-b316-0af79035fa6f,-0.6658310830082559,0.012132299365379975,0.06201771934838525
11356,-0.680096036532672,0.5449258722122947,0.19655615890254358
7323,0.5602048719255672,0.9191301031209047,0.6039582737925122
17610,-0.024172321988705003,0.7926991111934836,0.4056873392397828
ba1a0fb0-9d2b-4b99-b636-512762726b07,-0.05610274995895004,0.44820998963956055,0.26178908259502714
c2c39055-8b69-48cc-b1e4-bec265891984,0.8691297056326075,0.5551801446962922,0.4952843669619892
13476,0.712635015700134,0.9671648737404902,0.6876964847099172
37546,-0.1166507706970149,0.837794852609537,0.40711631894827094
29e11064-5e5b-40d5-b78f-aaa130ccbfb0,1.3875942356826405,0.9869188353187408,0.8315947413546727
081da2d0-ada1-4ae1-b590-dc3c35450e99,0.16984527682229156,0.73361166999409,0.4198342383538154
1279,1.4800988696158373,0.9956160490989138,0.8966133180908831
67305,0.8957356102660794,0.95867501617382,0.7099171191769077
15039,1.1972132162151699,0.9926443417101813,0.8359531294655616
aa7f4d9e-4a37-4155-9096-3935167110ce,0.8725078182519197,0.9733392523359464,0.7294226921977708
72464,0.5743769006300044,0.9722245984719172,0.667833666761932
45968,-0.4794773072816958,0.38460200406953166,0.1660474421263218
51904,-0.7262811309338892,0.7996531338300608,0.29929979994284084
15607,1.2207314885376432,0.9788246302040169,0.7889396970563018
14466,-0.4713685995737473,0.7365989464963268,0.2962989425550157
b6599d3a-a021-4b75-8ca3-e83f9ffbcae2,0.7706757474671893,0.6868816351079194,0.5290797370677336
56899,1.2539289904664,0.9795865309975279,0.7951557587882252
15315,0.18862070379043583,0.6941212033210676,0.40690197199199774
7b12928a-4c2c-4f0a-8517-954b3a5a9aa5,0.1415847662369782,0.5143451261964891,0.3278079451271792
11815,1.3896057119706424,0.989698997792259,0.842526436124607
57995,0.42721394634791005,0.9663345858109913,0.6263218062303515
67995,0.2887351331847626,0.8025415606155408,0.47977993712489286
0ef51bbe-6f3d-4772-ad9a-a3a01c486b78,1.4054503681436166,0.7612549529308388,0.6488996856244641
bfe7f15e-cb6a-473c-9d9e-8ee04e691232,1.5841385150107048,0.9559418855245306,0.7924406973420978
51617,-0.3125739962782852,0.8749370193911918,0.3913975421549014
37efed40-cce9-4c02-a8c5-ea364827f78e,0.3482533046521324,0.5813316728949073,0.39875678765361533
16378,0.6242773208206549,0.9875065946445424,0.7167762217776508
5610,0.17343450677354938,0.620710546035808,0.37710774507002
26761,1.7054625690678846,0.9867690934913849,0.8668190911689053
12726,1.138162754921856,0.9793821565775133,0.7801514718490998
11871,-0.12366904613697782,0.7638621568395026,0.369034009717062
1907d526-d488-4637-9efc-025e59350dc8,1.9530006578062842,0.9944038890488157,0.9287653615318663
27335036-8944-4d35-8f42-a0c3ccb33632,0.5587333551688117,0.8640770469071862,0.5683052300657331
13891,0.13102919663114,0.29646694410439184,0.26171763360960276
19092f87-c0c5-436f-884e-2ac72ef37b27,1.0067061526917431,0.6865944271372649,0.5678765361531867
4a8887a7-a775-4737-b71a-0aa527f43140,0.6174560823416576,0.6885146288022627,0.49742783652472133
15426,0.8771916427776707,0.9817644260035198,0.7492140611603315
53274,-0.13831360073065768,0.5201414768891925,0.2672906544727065
58633,1.6403169674170752,0.9911922897059746,0.8791797656473278
62214,-0.820740959656165,0.42883547433037095,0.14211203200914546
9617ac1a-0cf1-43f3-ac2c-6a27ef5f84e3,1.988362765062483,0.9931343293166165,0.9212632180623035
58696,1.2755725887276295,0.995795801785179,0.8746070305801658
69385,-0.4393122042756866,0.24879875683709282,0.14054015432980851
38517,-0.2557139804507923,0.6562808881756433,0.29851386110317235
6136,0.40465948960447645,0.9202360941909575,0.5721634752786511
66057,-0.3887686506645279,0.32140924348197714,0.16454701343240924
14308,0.5700455116991093,0.9212297881178524,0.607102029151186
6d43524f-bf85-478d-950c-adbcbc0b62da,-0.7212949716300943,0.2812556184904257,0.11410402972277794
17456,-0.24155914193912076,0.6397347814922104,0.29537010574449846
17462,0.10510024000581603,0.3797431448994978,0.27615032866533296
5374c71a-1388-45fb-b51d-db92b5ea675e,0.19363941562601167,0.5707443785972262,0.3605315804515576
5129d629-7de0-4a2b-87af-c434133f2616,1.7311773859062727,0.9995552046700755,0.9559159759931408
10117,-2.5759677907586056,0.012626911436560407,0.006573306659045442
5945,0.5112106391919962,0.8893452508384433,0.5730208631037439
35843,-0.3031586260803536,0.4336439184223763,0.20620177193483852
35856,0.09398717807900869,0.5578823552573261,0.33373821091740496
3018,0.4509600213808488,0.9294206812272737,0.5885967419262647
15090,0.4044652841583676,0.27551801813133914,0.3173049442697914
54536,2.609658904817471,0.9831737569153823,0.8978993998285224
34040,0.7392318301973422,0.9306433181161141,0.6509717062017719
35772,0.543981276953613,0.8753832444708814,0.5722349242640754
74bd5b49-ad03-4020-944a-63d493995811,-0.2998433331259609,0.22789188564017843,0.15840240068591024
36068,-0.22009285811647528,0.30381829996223,0.18955415833095168
18838af6-b340-493e-8423-24e4b7e85a87,-0.4156331973447951,0.12023695204671894,0.11653329522720778
b2a2b952-5d51-4c05-95f8-0f4a0b6b3b6b,-1.8218754576499638,0.018165081083292307,0.012575021434695627
71176,-0.4380528987409086,0.6760628633186664,0.27529294084024003
49230,1.1720249703203693,0.9056538010080895,0.6991997713632466
10247,-0.3339526468254902,0.5983329080108494,0.26314661331809086
67355,0.9947903082488515,0.9834598506906704,0.7720062875107173
62341,0.23747539091997666,0.8171626208784741,0.4742783652472135
66701,-0.3652376641012477,0.9571488092978642,0.4491997713632466
22aa083b-4912-402a-bff7-c4c5887500d7,0.9046397104550956,0.9720255828717571,0.7331380394398399
552,0.16355936938553067,0.5588960737644131,0.3503858245212918
3ebc53b0-7bc6-4036-9b08-2e3059a9e4ce,0.9761847012922727,0.9034608616376094,0.670977422120606
40915,1.2236408845053124,0.9907420851433097,0.8283080880251501
19484,-0.3032140882084582,0.842132194250729,0.37382109174049727
3e2eaa2e-e302-4803-afdc-79b4910a9c59,0.8552839904551375,0.8733763971229621,0.6338239496999143
e3b52658-2f61-4f68-833c-76c03cdf1b06,1.0835658354979494,0.8981869567697847,0.6831237496427551
57110,0.2659887749055938,0.7929036703678902,0.4691340382966562
02e88361-a57c-4fb2-a842-01bde31c6ff4,2.222371573042959,0.9988616420122959,0.987710774507002
ec903211-bb1f-4b9e-80d3-24d05bb8f2d3,0.28676737207116376,0.9968840619714068,0.7105601600457274
46744817-c45d-4aaf-841d-d33e14e18154,0.94993713308544,0.5221315176873897,0.4957130608745356
33953,0.07338079551395904,0.5785694847221924,0.3373106601886253
5f59e097-1665-4794-a407-6ef152cd690e,1.8099720114499336,0.6631131738872968,0.6498999714204059
20914,0.9989538660984549,0.9248719201893681,0.6900543012289225
45164,0.8438177213105146,0.9119351161843828,0.6561874821377536
51235,1.3413375645147676,0.9829342359679628,0.8144469848528151
dadc7f44-5e23-4301-8245-985634ddc8f1,0.11586655137813778,0.7021252949033588,0.39332666476136036
39857,0.8234710674135797,0.9457539280713894,0.6804086881966276
62635,1.8243465824468035,0.9964699097877141,0.9414832809374107
15718,1.0369841018353372,0.9943949764114989,0.829879965704487
8217,-0.6286273310311354,0.3953493661578341,0.15118605315804515
58266,0.705582453803071,0.6650790916277128,0.5060017147756501
40925,1.9471788390823943,0.9953015430310973,0.9383395255787368
3283,0.19548486675270338,0.5286487038310049,0.34388396684767075
8b0da9ff-6563-49ea-97a8-f8a8c70dbe8f,0.9018265491322369,0.8146534229194151,0.610960274364104
61783,1.543501296126386,0.8077023810143835,0.6887682194912832
a61bd516-97f1-4560-9f3d-3627bb9831a1,1.7500366973427557,0.9998024643276795,0.9578450985995999
22727,-0.52230671886467,0.49679673871847096,0.19705630180051442
65527,0.25666586117512286,0.6426192652952356,0.40161474707059164
47159,0.43698506387119956,0.9030269868991074,0.5655187196341811
69507,1.6324283433882574,0.7991771851164121,0.6950557302086311
45767,0.6830018815144169,0.6404692836614485,0.49342669334095457
4a5bd507-4132-4dfc-8b3a-e8c0bbf761bf,0.14016935486449172,0.9270135989757858,0.5190054301228922
f545a18d-c37d-420d-b416-36239ed996bb,-0.3145264801263947,0.6555154998363146,0.2877250643040869
3c421b0d-3ded-4b4c-b6b8-811304d26201,0.5630335352538784,0.9025339022916388,0.5920262932266362
58215,0.29206810524910576,0.9566212617797182,0.5824521291797656
34547,-0.34649622925865664,0.695020369114432,0.297227779365533
52479,0.024929388691586896,0.9974117771909514,0.6584738496713347
12984,-0.17769443509089589,0.8147591591312527,0.38396684767076306
6226,0.7653197169733489,0.9231141673279333,0.6493998285224349
46174,-0.20474634422678484,0.9560409667582468,0.4749214061160332
454,1.7162444310646552,0.9847907537322106,0.8613175192912261
25839,0.4830823606997118,0.43258428247444763,0.3718919691340383
cbfe1aa1-dfdc-43d1-bd82-22f6dffd23f2,2.588570971357047,0.9806685132211905,0.8906830523006574
59639,-0.1350471183308719,0.46597314669508405,0.24985710202915118
25443,2.107715858094797,0.9966937463846075,0.9637753643898257
52287,1.9841535871050688,0.9089432498309745,0.7851529008288083
36375,1.9025213346245047,0.9928970975074902,0.9133323806801943
67,0.31726254214594585,0.27155427272108595,0.2969419834238354
8d175574-417a-463b-9da8-eeb635671c4b,1.9684235954229243,0.9837293789774887,0.8794655615890254
692802b3-e20d-4df2-b6f4-92245b0f175f,0.08297513790715705,0.724659166891708,0.39654186910545874
44889,2.429167680679094,0.9884853901325233,0.9117605030008574
b6b5d542-0fd8-4c19-b22c-c2a23a24925c,0.06053285980552103,0.5970652266963011,0.34159759931408973
59061,-0.1504583566749612,0.1761790313712267,0.17490711631894826
16369,1.1522521907792609,0.9494409228719832,0.7342812232066305
e9958b23-e784-410d-971d-7f0db19859c2,1.7983523038770535,0.9504696219218944,0.8065161474707059
25536,1.4879494102418842,0.9981797803979843,0.9244784224064018
40298,-0.2555900349763296,0.2929621321481923,0.17962274935695913
28504,0.8828921644260763,0.8218293986308033,0.6105315804515576
53950,1.8917850703461463,0.8978228244072921,0.770720205773078
15231,-0.3173788782307494,0.7957341023286898,0.34952843669619893
57886,-0.09605038629580576,0.3333322456067454,0.22149185481566164
5810,1.8261877980828494,0.9969693021874235,0.9471991997713632
56629,0.36792567566897394,0.7579774578431416,0.4742069162617891
c81d3035-7302-49fd-a995-f60b1c9104a7,1.2980630238734485,0.9652745486166608,0.7737925121463275
57535,1.7905986293578031,0.9971260577896022,0.9455558731066018
eb408578-353e-44d0-9a91-f1aaa11bd132,1.4297252845299449,0.9581295572272776,0.7770791654758502
48594,-0.6205968103380424,0.3805145368466176,0.14825664475564448
9420,0.9681750795939184,0.9875418012133574,0.7805087167762218
8416,0.09749147602972125,0.9521991513437812,0.5339382680765933
46151,0.7055572947203231,0.9568662452888685,0.6714061160331524
74035,0.7214741065625829,0.7338833194258036,0.5375821663332381
20005,-0.08704543497750283,0.12654112719698998,0.17869391254644185
12064,1.1432430586754903,0.9982610566396887,0.8849671334667047
58348,-0.05094344182927946,0.5243574521827156,0.2892969419834238
40172,0.5484346987248094,0.8856631522650514,0.5790225778793942
49384,0.029250312992104843,0.420976871906768,0.27072020577307804
74054,1.3462707219983074,0.9769906847563857,0.7990854529865676
5fa8aeab-3555-42d3-9243-707e76d8d4e8,1.528191300778871,0.9868380725822944,0.8471706201771936
20101,0.2580176543998379,0.8959097040553671,0.5208631037439269
23964,-0.8235396831418003,0.5860569284953533,0.20141468991140327
582,0.651378278850471,0.43939879211060945,0.4114747070591598
24690,-0.2781189920728534,0.5537725688926063,0.25471563303801087
66757,-0.2738380734240077,0.2712920022471554,0.1711917690768791
38286,1.3621567887934938,0.9523103976193474,0.7618605315804515
54338,0.050958893967536334,0.8239850522088958,0.4365533009431266
39755,0.7552412337668027,0.9858438336729091,0.7399971420405831
22407,0.3354813331913851,0.9033353315882351,0.5444412689339811
43496,0.8258796443285726,0.2267638772566417,0.3941126036010289
32186,-0.46276171909145547,0.6864585443058445,0.2766504715633038
44292,-0.24813813992853784,0.37787482080125806,0.2018433838239497
61573,0.8108037382277459,0.5575520308501866,0.4859959988568162
19,1.0809344458034933,0.9321004206149566,0.708559588453844
1e484abb-aaae-441f-9461-9f954bfd4cfc,2.4030916564883515,0.9981873409428799,0.9877822234924264
eeac12b3-1329-4dc3-b6cd-9198fa078a77,0.19183466600487598,0.6518118201844117,0.39104029722777933
56188,-0.7405853051561111,0.516728581730649,0.17983709631323236
7332,0.09639449288619345,0.7138071198386111,0.39496999142612177
55284,2.064030172991248,0.9934627704815711,0.9286939125464418
28141,0.5062914506655457,0.8623751539286941,0.5559445555873106
61438c25-ceb3-4d4f-ad0b-4092584417f1,0.5719241071699391,0.9206953922547659,0.607102029151186
35513,0.44697347631147344,0.9125473138615113,0.574949985710203
f6665c70-21ed-4d98-8a86-8e666a7d1e91,2.164586422637681,0.9952466871001906,0.9511288939697056
47450,0.587285680972949,0.9617044721349356,0.6534724206916263
af8b89ee-7165-443d-a23b-9078f0ea122e,1.6836921140169194,0.9906500371432054,0.8803229494141183
e7709648-b464-4ace-8e4e-96c9feb6f225,1.835407585035886,0.9574551426804712,0.8193055158616748
73555,-0.07978715097602163,0.4776977804503861,0.2670763075164333
47087,-0.9252670103351317,0.6573780896791053,0.2204201200342955
9978,-0.610434943103604,0.8448553945356547,0.33252357816519007
69369,-1.0187227840445794,0.6056303240299621,0.1947699342669334
9f4fdca7-8ef7-4c63-8b09-e36efbff159f,2.50478992165577,0.9962660066573706,0.969634181194627
33934,1.2195971800088041,0.9969500892516424,0.8811088882537867
22808,0.8426698715212315,0.9886059229796824,0.7641468991140326
8186384c-9299-409c-986f-2597913edb52,-1.19620701985378,0.02670916163193158,0.03143755358673907
26190,0.42081809162144157,0.8036556997502105,0.509288368105173
14033,-0.46986213813465916,0.28468217265549667,0.14332666476136038
67116,1.5566718791811043,0.9984432143895093,0.9344812803658188
93fb9d20-3e02-4e1d-8c6e-390725a8d8a5,1.0543335977629211,0.9879819394782686,0.7955844527007716
d64c1f46-e1a1-4872-80ad-ec59350979c4,0.05655814975045731,0.9934789502128164,0.6246784795655902
14878,1.4228472580469922,0.8670980355036366,0.7047013432409259
71986,0.1174764012676251,0.32542212261714737,0.26600457273506717
36554,-1.0986631600237136,0.1693429171321849,0.06466133180908831
43919,1.9991758316257313,0.9904248884386601,0.9054015432980852
24252,-0.23540815964542394,0.765113457920224,0.34874249785653044
45222,-1.4178488836425902,0.05266772344249094,0.028865390111460415
60bc278e-f924-45a1-8edc-a8142294020d,0.2598737318597406,0.775801277175675,0.4581308945412975
16424,0.504960478765209,0.8753302114526371,0.5641611889111174
3a5df8b9-649a-4ef9-80c5-0689e96dc447,0.7211098636145077,0.9909127527498148,0.7510002857959417
ef6521c9-0334-43ca-85ae-239a9f0996ce,0.5313625152477778,0.6654382916805474,0.469276936267505
60714,1.0024214977411607,0.9898705492692143,0.7958702486424692
44076,1.431742417855125,0.9922942947559503,0.8612460703058016
2707,0.020619104138808853,0.7186767956574459,0.37982280651614747
2276,0.33753944097512134,0.8628535668489042,0.5211488996856245
27877,1.5377315833661103,0.6715141848362411,0.6259645613032294
31380,-0.15480110364989252,0.4831149440874813,0.25192912260645894
79a73502-250a-46b4-9b60-28721e751758,0.12726817169624471,0.8950335121234957,0.4924978565304373
cd88cebe-1e47-48a5-b246-b720e3500258,0.21761763028040046,0.9425099357558249,0.54879965704487
19259,0.38441662159101214,0.7360776394052262,0.46777650757359246
28431,0.6080265654006074,0.9612628725701702,0.6580451557587882
11485,1.481552075737608,0.9989663337432926,0.9284081166047442
70277,-0.6204487985995311,0.7235045024396098,0.2727207773649614
25214,1.3493487467221308,0.7531235216684824,0.6391826236067448
34933,-0.2496637681163365,0.5823032530684675,0.2717919405544441
21099,0.9985488612942536,0.7785653642899389,0.6073163761074593
a772098f-87ee-4088-a51c-3670351102c1,1.7285816102600755,0.9921263431834496,0.8926836238925407
59918,0.017996063781788307,0.8868948564380736,0.4645613032294941
31097,-0.4297308517496423,0.8296760921614599,0.34652757930837386
4855,0.3631599588942068,0.46145642414759447,0.3577450700200057
57190,0.01483163865628917,0.22477412497595722,0.2213489568448128
ade3ab53-a90e-4b3b-99e7-456857168ead,3.101997895069858,0.990690164517494,0.9269076879108317
69338,1.071660562972077,0.8252943969206114,0.6400400114318376
8740,0.5386457258405121,0.7150778740852544,0.491211774792798
55496,-0.8395500747043909,0.09670391843663673,0.06509002572163475
55105,0.3469127483360719,0.994288024017635,0.6954129751357531
82199776-96a5-481e-ba5e-b1f18e2de525,0.6874407521587227,0.8416447755758067,0.5838811088882538
38213,0.30058482630768585,0.994669249664491,0.68855387253501
4f056501-b556-4aa4-aaf0-5a0874815fa7,0.6439252181760993,0.860864063639804,0.5847384967133467
63062,1.3239158276061613,0.9864507820240186,0.8228779651328951
52274,0.5753858958592262,0.6657250178753958,0.4787796513289512
44448,-0.1128899243848509,0.43371380668424314,0.24306944841383252
29037,0.5804017136860566,0.9476193429331814,0.6328951128893969
60900,0.31071793572346895,0.8781171812128687,0.5235067162046299
da917327-5c06-4977-b644-379450eb8f85,-0.7906967539176122,0.4136710635416544,0.1404687053443841
b3746237-0f7c-45c8-94ba-8182ba70d797,1.3283370572498563,0.9780900665303323,0.7997999428408116
6441,0.743412895699042,0.9860938047243498,0.7375678765361532
19110,-0.007095153694575529,0.5351804909727738,0.30165761646184625
17080,-0.149101438331115,0.6032248369429759,0.29879965704487
46511,1.2931954222423352,0.9927382783463834,0.8489568448128036
38578,-0.4897944514331588,0.3851388484475062,0.1647613603886825
d78243ac-d1c5-421d-86e5-b9212232ffa7,0.930526835652622,0.3443966010380024,0.43862532152043443
10136,-1.1162693276255442,0.2758774855275945,0.08559588453843955
bc3e4d48-e201-4e65-9897-67bab29d3a1a,0.657071529598505,0.9030987807666059,0.6124607030580166
c6fa19b0-bb31-4b84-b5fd-a5a625021a5f,0.7637874910116398,0.9668604184260655,0.6982709345527294
67265,0.028191246780257806,0.2358312417005295,0.22706487567876535
29247,0.6273293952195752,0.9726863457634584,0.6802657902257788
72b158bb-0723-4361-a649-c0d803dcd32f,-0.9691014437644259,0.13874619791435253,0.06616176050300085
2606,0.25118219278123444,0.8257794618662497,0.48020863103743927
28582,0.4518430177795434,0.7660155160844395,0.4967133466704773
64540,0.7296738260684494,0.9421938447002498,0.6587596456130322
030112d2-2a65-4a11-845f-22205c2ee183,0.3205505945707209,0.7716100641098057,0.4703486710488711
ce637a52-6267-4d95-b39a-b1ee3c9c1e5d,0.543271483636918,0.7668064340197867,0.5158616747642184
10d371be-3804-46d0-a8ee-a8b10d93a16a,2.1644253471149937,0.979886367156409,0.8801086024578451
3558ff8b-ef1f-4328-a6f8-4c6f67668f99,0.219692313134507,0.6129263016300275,0.3821091740497285
22d25d97-664a-49ea-8589-4f5fa99aac9f,-0.8956985700949427,0.005233667171127226,0.03865390111460417
2731995e-3587-4f17-8129-87110ac49278,-0.6153320605355501,0.034725057460428685,0.07409259788511004
9246,-0.25265177046251275,0.7855376870876202,0.35610174335524436
44339,-0.5258319174389099,0.6697405824796641,0.2616461846241783
34102,0.48708142769278656,0.961172832733295,0.6310374392683624
1be26a27-3d75-40a3-9033-0a34312eb6b4,-0.3316177695507492,0.4358061199987342,0.20327236353243783
3740,-0.7904209324602605,0.41139994528007684,0.13989711346098885
35404,-0.9817112610216876,0.45913957635958164,0.1423978279508431
19868,0.016208033199053395,0.7833507255812404,0.4099028293798228
da03464d-9af7-4e1d-ab19-56df3aeb53ea,-0.35938574240887566,0.13122086442747868,0.12903686767647898
31092,0.9822888262369357,0.9877830914516413,0.7837953701057445
73623,1.2066287118210028,0.9971163125866597,0.8811088882537867
46063,0.413590006979589,0.958791297327907,0.6130322949414118
17544,1.575184340575351,0.994835900360181,0.8991854815661617
66e3d9e1-add6-4842-9ed8-967cd4fc6681,1.7812373923875253,0.9952622516037264,0.925050014289797
60601,-0.3170458538820533,0.6154579115567358,0.27300657330665906
10875,-0.1289140193594145,0.8550650808016353,0.4131180337239211
38977,-0.2098074716961048,0.7499323261894227,0.3464561303229494
63997,0.45929557336219917,0.9927293517299168,0.707344955701629
469a35dd-1424-4fba-acc0-d3d9600b59b0,-1.489961643594954,0.016436116024092038,0.017576450414404116
10859,-0.11315099142438667,0.12850847728018772,0.17290654472706485
68283,0.009621995090971669,0.9578851277638131,0.5223635324378394
80237e99-dc43-4391-9647-a87f867cc6fe,-0.23025984018972734,0.18368250785103324,0.161689054015433
44215,-0.33404257702349793,0.5586415341859251,0.24792797942269218
25877,0.5962778778616225,0.9783160723738618,0.6849099742783653
23014d18-bade-4d71-b4c3-1d0b688a080d,1.2664772184719526,0.9818384207705261,0.8024435553015148
19400,0.55752325483465,0.4265920035781752,0.3861817662189197
63141,0.5106716849910092,0.8661845452681114,0.5594455558731066
17510,1.4094356622720343,0.9955804779119274,0.8875392969419834
67761,1.88084291007431,0.994518896673162,0.9249071163189483
22597,0.6985465862941895,0.9675913592775293,0.6861960560160045
12897,0.258395361050787,0.43321701630312004,0.32309231208916833
15751,-0.0415415048194262,0.8895211617403181,0.4532723635324378
67582,-0.25968961984247474,0.8342688011536653,0.3771791940554444
59071,1.552520135306911,0.9972957861100753,0.9234066876250357
14352,-0.9978171865975689,0.43202100628223655,0.13046584738496714
8d2baf6c-b023-4e4a-a989-66e250d473c4,1.4627796278888314,0.9960868302648107,0.8988282366390398
37737,1.998794802648421,0.9930907671616148,0.922049156901972
16637,1.7024414877678278,0.9982580125905972,0.9491997713632467
3284998a-77da-44ef-873b-ddce761b4f1d,0.5544045296428715,0.6488715509344612,0.46813375250071443
53594,1.4804343080396856,0.9930603525244986,0.8727493569591311
54229,1.2572262245563672,0.9954657879605892,0.8693198056587597
29717,0.35615218792461517,0.7570170414023005,0.471206058873964
45527,-0.22903993443765058,0.3734162628477992,0.20341526150328665
29226,0.666915102749291,0.7719548073814424,0.5447270648756788
33385,-0.6027417344696895,0.4014553389964215,0.15640182909402686
ba40e706-6255-4fc8-abaf-f526cb391e2a,-0.3784709452041749,0.029929015249185897,0.10438696770505858
26912,1.091072952702955,0.4268826065510344,0.4820663046584739
1896,-1.2370798717310967,0.39412651342237714,0.11003143755358674
30543,1.7052447982553707,0.9939605741327381,0.9041154615604459
35011,-0.6067905405308645,0.7108971385731934,0.2698628179479851
5808,0.1246814277754344,0.5842887689607774,0.3513861103172335
50624,-0.249202131379188,0.9774568640930377,0.5022149185481566
a0f2a3da-cd69-4574-994e-b524ab681740,-0.27832668842493025,0.05808983100454581,0.12689339811374678
73758,0.743795130886891,0.9544404605822931,0.6761217490711632
40861,-0.4067329286195067,0.846115109048198,0.3589597027722206
11601,1.025200844129528,0.5975193802803771,0.5370820234352672
aeb65263-0b01-46ad-ad35-5f4ff3511153,0.15948796190609604,0.24457017778754114,0.25750214346956274
13092,1.0850792437805055,0.9885371510160674,0.8010145755930266
75e29bd2-caf4-42ca-b7c6-9c31ffecddcb,2.5471106956055607,0.971868162688707,0.8718205201486139
35472,-0.03862763067754238,0.7269561571552235,0.37167762217776507
40047,0.02588224166989711,0.5277207624526871,0.30644469848528155
b251675f-7dcc-4874-94ce-15acd2f2c36d,-0.41241694514312055,0.5748329953060923,0.24149757073449557
69936,0.5682266355954247,0.6154848044714234,0.4592026293226636
63206,-0.442675948009318,0.5761248928953174,0.23735352957987998
655533f0-10dd-4913-983a-c812e7394b7b,0.5919682335580523,0.9942302240877076,0.747713632466419
61653,0.14566253788550426,0.47611774102548765,0.315304372677908
40839,0.26799326557536884,0.5657157460921085,0.3756787653615319
b1cfc3d5-a3d1-480e-8376-7d878cff3a25,0.009989559950109805,0.8349498297935243,0.4324807087739354
52176,1.6581183576615066,0.9959089023999604,0.9197627893683911
eaeaee5b-fa1c-461d-b543-e622aadaa68f,1.355060553672662,0.9514006036345263,0.7595741640468705
37800,0.3132741189378903,0.8965158188264211,0.5342955130037154
57318,0.9831043608839306,0.6346518262270028,0.5445127179194056
50534,0.24270806878939302,0.4042002579774187,0.3124464132609317
30668,0.9181997761468811,0.7436010952843042,0.5791654758502429
22148,-0.8075382464399343,0.3131591180729513,0.11453272363532438
a5465df1-72b9-488f-b6a1-8a9e9ad49d83,1.2756015675881582,0.3611618534092445,0.48721063160903116
54283,0.08249740403720224,0.8413028236992895,0.4527007716490426
43846,0.7896489288632103,0.9880978183788208,0.7534295513003715
32660,2.148552473494412,0.9967752872723011,0.9668476707630751
d2616d05-910d-4696-8744-fb3dd96dac9f,2.0283055268895076,0.9810724279627236,0.8774649899971421
08873327-7f2f-4535-9da4-8fc300206a2f,0.6588763347175746,0.9197738315643132,0.6253215204344098
30346,0.5567780586533094,0.29664387592491426,0.3535295798799657
56673,0.2519872141744628,0.9620270783781617,0.5809517004858531
64335,-0.08239408387910485,0.4671240340654235,0.26264647042012
46630,-0.9978555386136685,0.427221068130924,0.1289654186910546
6bd986dd-3fe4-4871-b67a-57f1d920d9e1,1.669870870950188,0.985998080400896,0.8612460703058016
9509,0.9289113429086284,0.906612103992087,0.6674049728493856
8be6d81e-7124-43c2-9c12-423dc7c834c4,-0.1527412461326918,0.29260618507828,0.19841383252357814
65360,0.7107435425930172,0.8546930902497394,0.5947413546727636
b234b0a3-c0b6-40e1-bf6c-f190a81213b2,1.3213326456629702,0.9808287921435548,0.8063732494998571
82d794aa-c455-4116-ba54-e8d2214437df,0.9741186505147537,0.679282444562622,0.5594455558731066
12474,-0.5161329945986173,0.5563930096364836,0.2202772220634467
39832,-0.19013065514107474,0.21568995230066698,0.17697913689625608
73244,-0.0966956931501447,0.6988537263157291,0.3463132323521006
307,-0.23615787626184348,0.6454402556001837,0.2980851671906259
1d0b3300-0761-4e17-99c8-36e4e466d2f9,2.140160695513943,0.9919353252039601,0.922049156901972
47125,0.9015982373954777,0.9847353119191093,0.7623606744784224
7eb13a54-832b-464f-961f-27a4224299b2,-0.12057716111878292,0.5021834098437187,0.26507573592454986
16446,0.6186828961580432,0.9538517130060067,0.6490425835953129
07d51e2f-b61d-42ae-8eeb-cec46b8a3725,0.11536819183161157,0.5175035471025105,0.3225921691911975
33449,-0.31068248502951623,0.45589846838171516,0.21370391540440126
31288,-1.2051870544155745,0.17956961011550981,0.0624464132609317
12892,1.47383414886854,0.9923082728311898,0.8665332952272078
64334,0.6198109446888733,0.9650584052555787,0.666261789082595
4328,1.9514319861291705,0.9824679141491554,0.8740354386967706
10383,1.1799988482216315,0.9937459971741305,0.8424549871391827
379da47f-ab4f-4282-b9ed-d1a61f8a5031,3.088077974971884,0.9888314775676524,0.9184767076307516
50994,0.8787178271328753,0.9785453505223864,0.7409974278365248
10147,1.01535329072109,0.9917814025820321,0.8081594741354672
45205,0.050605725293504655,0.7635695074506582,0.407830808802515
8e5310af-20fe-4e70-9c69-8d84997b45a6,0.29536812046578353,0.9695401282629188,0.6034581308945413
13102,-0.3812558455097965,0.4050139665014378,0.1864104029722778
35236,0.4937749289028951,0.8367709371979072,0.5395827379251215
8fb2756c-8213-456b-8d10-7972735368cc,0.41723633085614326,0.9217685083859297,0.5757359245498714
33834,0.6980231403393915,0.9541551375955551,0.6660474421263218
298e64de-bade-45ad-afd9-f1691ee83156,1.3284632451965197,0.9810899162305919,0.8080880251500429
61386,0.4008212849845959,0.9628499391792542,0.616747642183481
0fcad9a6-e62e-4f07-ba06-2af737f3b9a4,-1.080800577882817,0.012564737388980255,0.03193769648470992
9228,-0.6061747136207467,0.6709539306937993,0.2535010002857959
72396,-0.043224537137744656,0.4587903848343999,0.2682194912832238
15268,-0.19657197695047213,0.8505457449266435,0.39797084881394684
46723,-0.06938245722555558,0.8599525921259153,0.4299799942840812
42277,-0.13216620257677092,0.36735249093796735,0.2202057730780223
2bc49ec1-89a5-4f78-9d92-3df3b92ecd99,-0.9537815171261104,0.008143980152240488,0.03651043155187196
24397,0.10301927065539274,0.9816508527918498,0.5865961703343813
58655,-0.020031507885881816,0.8385953785691954,0.42905115747356387
aff4666a-38f3-474c-8800-5fa976743294,-0.7284543293340906,0.5979313814869112,0.2130608745355816
17552,-0.944992537450914,0.27362185993422855,0.09488425264361246
67054,-0.9967136974677011,0.06786468242891303,0.04851386110317234
ae510e06-a6b3-45b4-8887-33f25de9acf4,-2.075313292751785,0.02741792317061083,0.013718205201486137
31892,2.45472975364238,0.9972437117154076,0.9794226921977708
57013,1.5607579037290191,0.9791728282175174,0.8290940268648186
60911,-1.5191575843077223,0.029495006890856507,0.020791654758502427
5f37d4c4-dc0a-472b-bdce-bbdd7c99b050,1.0100072077321385,0.9599545367996899,0.7291368962560731
febb0264-45f2-4c3a-95cc-3eaad8edd6c9,0.6220284418879921,0.6768580090432738,0.49335524435553013
61570,0.6877403232727197,0.963018200708316,0.6777650757359246
10008,2.0497726767142144,0.9887485434204408,0.9017576450414404
3834,0.9823169458501997,0.9985510123393063,0.8647470705915976
13648,0.3158196208556177,0.5820739787251739,0.39232637896541867
49732,-0.4283790418149229,0.47212174510385974,0.20084309802800798
59320,-0.7365642044270075,0.8523789579164202,0.32302086310374395
25942,1.6654203165951966,0.9941382734040688,0.9017576450414404
12407,0.32668590285182625,0.9078365767663226,0.5465847384967133
5565,0.2506298561228256,0.8798423335907047,0.5107887967990854
11065,0.3148398633870399,0.9363409736352553,0.5658045155758789
54777,0.04949020577141083,0.6935599634484233,0.37625035724492717
40936,1.7323495579773467,0.9965154600210498,0.9336238925407259
54061,1.5888033320376167,0.9904466487832432,0.8693198056587597
19681,0.5521105131651244,0.7234913379299975,0.4973563875392969
46862,-0.08243452154231823,0.3255821911628401,0.22284938553872535
806ab4a1-9bfe-4922-9806-51addbdde995,-0.2378539862056228,0.35443778944894994,0.19741354672763647
f6318314-e18c-4090-9936-d0d5c1e09b2b,-1.204411003431312,0.10027076881943188,0.04529865675907402
26009,-0.14888880765958457,0.33236110949636205,0.20927407830808803
18183,0.44397873514329045,0.5397506531039883,0.40268648185195766
0af9bc02-2d0d-4ddb-9794-59f122ccc5f7,0.42261015326092044,0.7220627318901797,0.4696341811946271
16375,1.2527112923416002,0.9938711835223232,0.8521720491569019
23282,-0.03794669104154802,0.49078533496323684,0.2802943698199486
fede95ae-de63-4353-acbf-281ae2f0b1d9,1.5637350194668875,0.9937283129980166,0.8872535010002858
54642,0.4960155815127361,0.9681839172360821,0.6435410117176337
3309,0.11589536931944366,0.42952753530851423,0.29151186053158046
44489,0.9180988825424485,0.9885591935676592,0.7776507573592455
72404,1.5744733168629699,0.9953746178779304,0.9049728493855387
4a877736-ad42-4f52-a6e6-d0792af0f490,-0.39243404537275317,0.44958137893426736,0.198913975421549
59820,0.815628431008306,0.7283826475542854,0.553729637039154
8fb361d1-eb4b-4cb3-b244-b8642c678177,-1.0819470165500122,0.02607413443802708,0.03629608459559874
28622,-0.3093351083095086,0.39429351547381003,0.1948413832523578
9437,-0.3756795399154911,0.6250857221195308,0.2671477565018577
6e2114af-5137-4a62-8eaf-7f7c552443f2,2.03047323553775,0.8785917004011689,0.770720205773078
49062,1.095237159758744,0.9923701805155151,0.8223063732495
17671,-0.05775699861698713,0.9347324210089986,0.48278079451271794
26126,0.7700765628231789,0.9273511107710246,0.6546156044584166
844f05c9-8116-4857-8243-2783d5ded221,-1.4840912535186876,0.047808091662393255,0.026579022577879394
54876,0.6646371278657998,0.9266118469371022,0.6320377250643041
35575,1.7667652597044912,0.996149715981219,0.9326236067447842
50715,0.31891643094982264,0.6339804391221606,0.4129036867676479
09325657-af74-4da2-b725-2bf63ce1faf4,2.3221893518917947,0.9944685232978141,0.946627607887968
69708,-0.3107251734510107,0.29825372136072203,0.17069162617890826
62532,-0.30517827532190767,0.8155935564362714,0.36024578450985995
13813,1.367675529200794,0.39131033262950154,0.5062875107173479
04545469-72c1-461e-9584-ddd5fb67067c,-2.153284624442752,0.005836845735358044,0.004358388110888825
27676,0.0031929810285755145,0.6653690904519032,0.35360102886539013
15312,0.7467859123202736,0.9949819780294477,0.7889396970563018
62657,0.46123931007405505,0.37350842002068735,0.3517433552443555
61120,-0.7922344802112837,0.2287141064116246,0.0973849671334667
4829,0.43576863186714515,0.5514335470896194,0.40575878822520717
54650,-0.23349878024490545,0.8355816197776313,0.38318090883109457
47782,-0.5993460036413607,0.9527466803734387,0.4109031151757645
4022,3.5158722585621307,0.9804170483206588,0.8928265218633895
49503,0.5173592665360742,0.9303812933166083,0.6038153758216633
71258acf-e147-4b76-8071-d2bd0b2b1fc7,0.13707240784514313,0.3951692146297936,0.2873678193769649
2103,0.3626655577169209,0.9897168929545458,0.6700485853100886
92813bce-4f77-432a-b9e7-87465fef8ba8,0.14889894869139708,0.7906509873577351,0.442412117747928
23883,0.00687277294079236,0.21813683416021426,0.21791940554444128
7c67ac47-1889-4782-b3f3-ce2de86845c9,0.7659663146778435,0.8054204580401002,0.5827379251214633
66665,-0.08287857531126264,0.29765712488119483,0.21506144612746497
2ee4a54e-aaa0-41fc-bb7f-f4df2baeb2ec,0.23833989364601302,0.8091762451330871,0.4713489568448128
70667,-0.40593988863571573,0.4970560961486035,0.21341811946270361
3479,0.19972545463770996,0.5743352501784682,0.36317519291226064
37582,-0.08029226156287728,0.3425808822572227,0.2264218348099457
20542,-1.0966448452823405,0.18733885796175026,0.06916261789082595
9f2aa79b-0af5-4905-9e64-6d5ab0b29be1,-1.1039539431372942,0.15081998741163233,0.06087453558159474
72785,-0.6533166812885671,0.7259878186867628,0.27014861388968275
40234,-0.024325934198114185,0.35853207175764323,0.24199771363246642
69e3c4c0-7582-47ed-badf-9b904c398b48,-0.2446175214383679,0.26230911218794817,0.1751214632752215
1d6194ee-89ac-4d21-a69b-0327a88f8532,-0.4415635689201476,0.526366710866683,0.2172763646756216
16402,1.1739341484896557,0.928652144229886,0.7162046298942555
43756,-0.17863491223269068,0.10818739252658191,0.15482995141468991
750,0.314699550230357,0.5947251338253104,0.3964704201200343
60460,0.3515199228472071,0.9893991551408503,0.6656187482137754
50444,1.4418140886572757,0.9826566438946195,0.8246641897685053
12e03324-0085-482c-a8d2-cbb7c416640e,-0.06439482755814319,0.3833579752552488,0.24028293798228065
412ebb26-6a43-4e1a-a68e-8cfac6c823b4,-0.3800797460357439,0.2450762037527484,0.14918548156616177
50233,0.11220679339691042,0.7567080135320186,0.4172620748785367
3881,0.3280710262369845,0.9302831589824138,0.563375250071449
18648,-0.15387003562718504,0.6816937257579632,0.3268076593312375
69267,-0.5222234897503024,0.7485430590061752,0.2958702486424693
6208,1.312574937582506,0.7923995996088037,0.6542583595312946
40494,-1.3849874041640744,0.054499847430546325,0.030365818805372966
2e8309f7-0557-4a66-a8f9-6ebfb85a6068,0.7678064550584707,0.7595379599310527,0.5599456987710775
34529,1.7217185124281589,0.994041020829398,0.9058302372106316
61f87770-eabe-4eef-8c37-68ebb0e4e3fd,0.016355071494763063,0.12366991021860015,0.20012860817376393
3656dae3-6cf6-44e0-bb51-584962762ad6,1.0025576476649238,0.9410004656363168,0.7052014861388969
6729,1.8801573238590075,0.9917049039236666,0.9038296656187482
ddd99438-e146-4fd8-b914-f3b1493313c6,-0.27325537153239177,0.6040025567051853,0.27593598170905975
48235,-0.4905951309925839,0.186565422379058,0.12024864246927694
fba8b0d2-c9be-4b12-869a-7831562a01c8,-1.7138385920832173,0.11686034385547427,0.03515290082880823
16887,0.5911507782017547,0.9876453385041736,0.7106316090311517
19464,0.8755414656985356,0.9661006071143259,0.716990568733924
55108,0.3173310588413695,0.5962980916832532,0.3982566447556445
59259,-0.24252773636661595,0.33851950501822414,0.19298370963132322
cd8022ca-5e64-4feb-8d7b-64aa7e2273a3,-0.26564141021426024,0.4891334174134752,0.2337096313232352
5c833114-1afd-4b1a-92ab-e05f45408773,0.10237769960506332,0.8469255607433767,0.45934552729351247
55167,2.265099897790811,0.9866538555279499,0.902900828808231
50325,-0.2863672724747638,0.8471166422322031,0.37875107173478134
41396,-0.7896269106082823,0.11049597003147439,0.0717347813661046
e3ab0c34-cb68-4b2d-9d98-97be60b97628,1.138141103403399,0.9798492128235305,0.7815804515575879
10391,1.2773169285296166,0.9964657891316688,0.8823235210060016
66098,-1.4826129511870094,0.19203915487996176,0.05594455558731066
4710,1.2492132268325369,0.9879868540630109,0.819162617890826
a626bbf7-9ee7-4faf-bab8-5ada01c7e5ea,-0.6255009922874897,0.30230059300604684,0.12853672477850814
5f67fe62-acc7-4815-bac6-465aa9dc03e0,0.837756389633207,0.9238933522985877,0.6633323806801943
24126,-0.22695774746768527,0.8669645436083329,0.40218633895398687
55824,-0.374006284091396,0.4962758483401021,0.21856244641326095
baaea7a5-256d-4af4-9f45-ecb8189bf75b,1.4490591211312065,0.9957882642078864,0.8944698485281508
41109,1.9438699983709296,0.9985537718177383,0.9706344669905688
48184,1.9571334367934787,0.9957427292654724,0.9435553015147184
9440,0.5572774824250006,0.6542016822147841,0.47084881394684197
29278bc0-bf0d-49dd-9b72-ace9187541e2,-1.6190372286661547,0.07963027166767996,0.028436696198913976
33233,2.0806367185859367,0.9975239446011097,0.9712060588739639
37756,0.7032750925791962,0.7792655595267932,0.556016004572735
63908,0.5129206788548438,0.6104243896225148,0.44555587310660183
73971,0.40246651200046774,0.560781226707747,0.4036867676478994
b6a8d0ea-ba81-4fba-8f8e-b4ad038afeb8,1.610511655490671,0.4973797217220974,0.5685195770220063
20915,1.450247865902059,0.9912135231717007,0.8575307230637325
70575,-0.5002628902587902,0.3011157549499861,0.14296941983423836
57462,0.25744079897840055,0.9381987055588453,0.5538725350100029
33072,-0.15030191295193285,0.4202794046519806,0.23135181480422978
20697,0.5225377400836282,0.7089353067615412,0.4862103458130894
8999,-0.42719400812467734,0.9822106542359578,0.4849957130608745
31194,0.5528840924074925,0.8181146653307053,0.5425121463275222
9e0da54c-b41a-47a4-8080-627cf652e8f3,0.6141840949759131,0.709113274832194,0.5060017147756501
50960,-0.38307464756311826,0.5251016234518399,0.22620748785367248
60133,1.579445340698392,0.9861582934818334,0.8517433552443555
4265,-0.5821543164396328,0.8382336544181529,0.33288082309231204
49053,0.9381321129362515,0.847582859823644,0.6333952557873679
ff86716e-c011-419f-a1f6-3dcfbeaec700,0.054134418936527595,0.2122826580788671,0.2274935695913118
694cf4dc-1f38-4773-a9b7-3a7c94dbc403,-0.7802889692731332,0.03578110723737781,0.057945127179194054
98a82ed6-756d-47e9-97cf-98319f759c01,1.2007890348618164,0.6265490440287202,0.5699485567304945
71385,0.3558636321056831,0.9461368725583127,0.5835953129465561
d5d5d0d4-2d7e-4dcc-bae9-0204ba7d6158,-0.9413082466754572,0.25106885646269217,0.09152615032866533
27269,-0.3666295614496605,0.6870952456982554,0.29251214632752215
33489,-0.5776080059722766,0.7632083480073039,0.29644184052586453
1d39d204-ebf5-4c01-a29e-463796609346,0.23608445802192632,0.9434670475822889,0.5540868819662761
58703,-1.361976416816946,0.01791580631794209,0.022434981423263792
27738,-0.004686685287668135,0.5275463491481841,0.29894255501571876
c64e5812-d325-4719-b94b-653c0545b7c8,2.090493167306998,0.9872567852977344,0.8978993998285224
39902,0.014605384369361762,0.6063068953519661,0.3353815375821664
11607,0.40091358862925186,0.8065759515373218,0.5071448985424407
41625,0.8326890585341375,0.5544727084995548,0.48892540725921696
72932,1.404910574201784,0.991874104187699,0.8551729065447271
38656,0.3533361076552512,0.9565917278598136,0.5960988853958273
14735,-0.0790442428662046,0.39720652623269637,0.24114032580737355
47201,-0.5360076279825823,0.6610152538957741,0.2564304086881966
25664,-0.09653895640186982,0.5754699575968725,0.2993712489282652
64362,1.8854063205804839,0.9933275210458562,0.9152615032866533
60842,1.3124681869006556,0.9941772396021195,0.8613889682766505
8f576743-0937-476d-a6f1-02582e3a9170,0.7762459741577104,0.9016958204383084,0.6363246641897684
8307a4a9-8c46-4385-8a7d-bfc90ab7507e,1.0017878383603323,0.986700934568671,0.7834381251786224
26223,0.3526479280142826,0.6664971718200801,0.432052014861389
1652,-0.8718565402738792,0.6040891249155155,0.20434409831380393
a500042b-524a-406c-8a72-74f42edebe5f,0.19639296474622847,0.7450339869829953,0.4304086881966276
41660,0.058707192259810914,0.774191367622545,0.4139039725635896
19768,1.1903385948209264,0.8835611551427835,0.6871963418119462
48696,0.08429890296675246,0.10870976993578944,0.211203200914547
23359,2.1009543207447576,0.8832708614148768,0.7766504715633038
30624,-0.18210715494167673,0.17086581627279032,0.16797656473278078
1980f5f9-601f-4c5b-bd76-6d29808ceae4,1.3312283362258925,0.9982664923416297,0.9072592169191197
5960,0.512877818129312,0.8734963862103367,0.5644469848528151
56983,2.332596887623078,0.9977580241748149,0.9832094884252643
4dacb7e7-5bcc-4057-b98b-97a4ee6a346f,-1.167596730916605,0.3532319224228049,0.10174335524435553
30134,0.39085781339333003,0.3856792861654851,0.34081166047442124
88d51455-8755-4af4-9d26-5965ac470bee,1.637630491095131,0.7030585865346071,0.6495427264932838
5062,0.8731113290945534,0.9965115831483667,0.8278079451271791
57229,0.6511152599171072,0.9667729060919904,0.6746927693626751
66100,2.2444965660838694,0.9880726250376709,0.9072592169191198
8376,-0.6502597613081267,0.03965293332525194,0.07137753643898256
25519,0.8489651102609278,0.9947305200581145,0.8038725350100029
20834,0.16154762664606553,0.5983477842534624,0.3649614175478708
52941,1.2407932979565335,0.7297810375095961,0.6156044584166904
5522,1.1439152117440425,0.9716560627694457,0.7655758788225207
48281,-0.13122558648494098,0.8300180922447278,0.39882823663903977
41920,1.493705909944047,0.9673579941077369,0.7992283509574164
47131,-0.4580523450634586,0.2204267080728297,0.13260931694769934
37503,0.3257871326714323,0.6050365224437301,0.40418691054587025
32150,1.1614214009904464,0.975381793892048,0.7744355530151472
6877,-1.4447174335054935,0.13917571647932167,0.04551300371534724
16510,1.1664124990339562,0.9834434041909992,0.7947985138611031
54277,1.674943208030036,0.9948063685766356,0.9098313803943985
15213,0.1453489859122466,0.7345088766277571,0.41447556444698486
40847,1.6581865275298906,0.9947744224173779,0.907473563875393
62814,0.3165227578914277,0.9310871289961239,0.5616604744212632
eb9af28f-daf4-4dd4-8b8f-df4a120747fe,-0.021312063779539314,0.9614714785391838,0.5209345527293512
26286,1.7555918734560068,0.9925882283170264,0.8988282366390397
12790,-0.4043565651068942,0.7617178793029883,0.3183052300657331
32824e7b-4aa7-4718-8cc0-2612d3aa5a36,0.5305349389766796,0.6150962793763225,0.45148613889682765
56a3988f-f0b7-4180-9079-dc5dd33e33e3,1.2005476073918147,0.9473358873731997,0.7367104887110603
19656,1.0866589579714407,0.9447994240270526,0.7204915690197199
4b32afce-79b1-4ad4-9a1f-7956acdacd28,-0.015639811010312255,0.3454625841440838,0.24035438696770506
61484,0.33733658931118604,0.6705329246762307,0.43090883109459843
a6493c28-f4fa-46f2-bc98-29972d63e3df,0.7649376038509392,0.7045295586751199,0.5342240640182909
abc392d8-9f6a-4b75-8b45-9a3e5bc4bc81,1.574078801002509,0.9528361047973025,0.7870820234352672
45239,0.3828163173550137,0.896648637982672,0.5502286367533581
34045,0.158615604171504,0.758544885440847,0.42905115747356387
69963,0.014555555218639438,0.7953957770114066,0.4153329522720778
59348,1.1447698517494946,0.9707165750416223,0.7641468991140326
10952,0.9429034835545507,0.9954204567068913,0.8277364961417548
45973,-0.21122495433381494,0.6456562946378847,0.3033009431266076
7916efdf-7e6b-4fa0-bbe2-57caa077e870,0.9171930141761788,0.9892867979652755,0.7803658188053729
30319,-0.42474145809950814,0.3829817419287027,0.17390683052300657
20821,1.0232749172644446,0.9811252740089096,0.7710060017147756
25262,1.567340729083944,0.9927463747927678,0.8805372963703916
ba7b3cd5-b31a-4093-8427-d4c6c27c0d43,-0.006302084345695069,0.6586426371645867,0.3493140897399257
16035,2.036175506405395,0.9948754392649277,0.9409116890540155
25507,0.5288636521809175,0.7433147344450651,0.5017862246356102
73654,1.8305248503746623,0.9901379716202907,0.8914689911403257
56617,0.5698273833343567,0.8190370050763373,0.5467276364675622
74365,0.2532802671626291,0.7106806695629327,0.4277650757359246
27316,-0.927898758543714,0.7273322715565138,0.2489282652186339
1101,1.0793202030605082,0.9963455684724725,0.8568876821949128
37587,0.29831965842507746,0.9740786263515531,0.6118176621891969
39028,0.21704887663595707,0.9371460865234568,0.5440840240068592
45478,0.2356801496604217,0.9083056566757393,0.5256501857673621
24699,-0.7323659846372415,0.48076919198688667,0.16883395255787367
24491,0.674519248022266,0.9887883282461748,0.7326378965418691
10945,0.7769350699452655,0.5321042351238975,0.4701343240925979
c14f0187-4b50-4392-bc42-a6fc18fcbe7e,2.9729559667667234,0.9951211620713714,0.9599171191769077
56753,-2.9568965653500747,0.075238212548123,0.020148613889682768
9654,-0.46558413845024704,0.1711669208293313,0.12024864246927694
26471,-0.3972738136097618,0.9759644207731566,0.4740640182909403
57633,0.2493938994169358,0.9330312927606235,0.5475850242926551
8e004275-06e8-493b-b1e8-b52d03d441c9,0.7060711378430647,0.7025297768707768,0.5209345527293512
634a2520-15ec-4012-8dca-8e2995e63630,0.36321973182139633,0.5414509520060296,0.3863961131751929
7fd090ab-5bff-43f3-ad89-e221808b569c,-1.6606149323440305,0.006575723905780697,0.009788511003143756
53988,2.012273782739075,0.9977576386682566,0.9702772220634467
fa645d78-dfe3-4fe4-bdd1-ea6ff7073c8c,1.209324029154219,0.9844739209015445,0.8033009431266076
c8fdf7f9-d02e-47c1-ab20-a2e1df68a6aa,1.350076630579835,0.8446065451131832,0.6835524435553015
461f9d29-979f-49f8-b845-4cfc27ac0150,1.88105861490013,0.6469099896917161,0.650828808230923
08f6761a-28d8-475a-b4fa-ec3a68fa1777,1.8672495005293723,0.993465330742607,0.9144041154615605
925ac6d9-8eff-49bf-b906-22eb1f348285,-0.813576526297646,0.19319471558866386,0.08852529294084024
1368,-0.7263246524386779,0.14137426967937636,0.08509574164046871
7053,0.47671862287609695,0.5861916409427697,0.4294084024006859
b12419fb-f891-429c-a14b-ef846dc229d2,0.6869917637338963,0.8855814569663069,0.6091026007430694
62923,0.13483738822686053,0.8076242948749808,0.4484138325235782
9412,0.1906815874567015,0.787736236518872,0.4498428122320663
43567,0.25434021495581227,0.9811259633833267,0.6181051729065448
1143,-0.6679901170481566,0.48627369804204557,0.17655044298370964
40956,0.42922969542461825,0.9216133758351756,0.577950843098028
9693,-0.7292729089483077,0.43833044245472724,0.1536867676478994
34357,1.4440050972325083,0.9876207214513062,0.8399542726493283
55587,2.2259006560272203,0.995215972828024,0.9523435267219206
566dbee9-0740-47fa-8ed8-d881e627b6c7,-0.28007531798007335,0.31829631837371464,0.18148042297799372
8968,0.4715888285374834,0.6281148393707643,0.44291226064589884
4604,-0.3800641624184803,0.3796601888537191,0.17997999428408118
23131,-0.37178680198762204,0.22974568652705957,0.14804229779937125
64638,1.81784745708489,0.9942055587288747,0.9159759931408974
40097,1.3525839909070467,0.9910973058683267,0.8447413546727637
4331,0.9565498256822351,0.5477880194508544,0.506144612746499
93d4919b-bf3b-4e09-a04d-5b0efa104afa,0.07842291261911993,0.4744340683354058,0.30008573878250927
42258,0.2882719363029327,0.8351925669659365,0.4940697342097742
29740,1.4734805232951393,0.662295263047262,0.6142469276936268
7848cf37-a3d7-48f5-bec1-91d5e1ff4ea9,0.7180526697169567,0.9616202841488392,0.6801228922549301
df60a9ea-992d-404f-9cc7-606e2b2aabb6,3.0369368600809716,0.9974609253755905,0.9857102029151186
14244,0.4474147893951407,0.8530275777416881,0.5380823092312089
67984,-0.7385458193888144,0.896295502580654,0.348313803943984
b658857d-d957-450b-b5d3-09afd8b513c6,-0.7006732084363314,0.014074626828542734,0.059374106887682195
47139,-0.5571053776748653,0.36309270577681907,0.1507573592454987
87fe303a-bb37-44d9-b8ba-db1baea3fb4f,0.27574340741418546,0.41328780493831024,0.32287796513289513
1798,0.9837908655824104,0.9946914868180479,0.824949985710203
15694,-1.0816904584610392,0.5179017937670098,0.15747356387539296
48944,0.45946583589043233,0.873674424959882,0.5531580451557587
65216,0.026300366456443625,0.6518275123271129,0.3551729065447271
4842,0.6924522857168025,0.5983242640611824,0.4792083452414976
11922,1.6764512014099722,0.9935367298440065,0.8980422977993712
49715,0.3144243515541074,0.36088357605769616,0.3169476993426693
2601,0.3316581722831804,0.6664162698784261,0.4279794226921978
28801,-0.0007766174021468508,0.6046606224645545,0.33102314947127753
30acd547-627e-4a5d-b2b6-233f7950ed01,0.064874227629524,0.9519203537845675,0.5266504715633038
9306,1.2574979006625613,0.9752246078580185,0.785653043726779
38039,1.124296464277681,0.9946709276511788,0.8437410688768219
14860,1.848612606477949,0.9947819154962037,0.925050014289797
51762,0.4635240116938286,0.296509697507046,0.3338096599028294
27559,0.07803027914364008,0.9777838049329113,0.5713060874535582
2540,2.0272385269426594,0.28797298011926514,0.544941411831952
31489,0.7365201069730941,0.9804199854236345,0.7197770791654758
72475,0.7252478256142639,0.9166646302517636,0.6364675621606173
84a51c7c-679c-458f-956a-5b99a84e77e5,0.4729006231181544,0.9508568857839831,0.613603886824807
70784,3.164267896001185,0.9358999127458255,0.8281651900543012
7408,1.7908226376561758,0.9821488134038409,0.860960274364104
27059,-0.13041806262323463,0.6410457302347209,0.3168762503572449
57370,1.6867388528302845,0.9962616137808469,0.9268362389254072
86e16ee5-5082-445a-a9af-3eed4b2b2805,1.7753279294983721,0.9724375537999497,0.8378108030865962
53562b53-b330-4953-a000-6e8da37042b7,-1.6920517638610442,0.05477751461972451,0.02379251214632752
56167d42-406a-45ad-9bf6-2808d20a5318,-0.21512616783342275,0.12890931343201742,0.153615318662475
18290,0.16165272342997772,0.8725846868440866,0.48806801943412403
15149,1.7294828957385564,0.972025516972139,0.8325235781651901
ea6cb331-130a-4d48-9cc6-65219fa0d630,-0.9884129456421789,0.12838159566507737,0.06180337239211203
31559,0.17656690795488594,0.9416252566186226,0.5401543298085167
49536,-0.19604354164385684,0.8790518592157786,0.4153329522720777
72942,-0.05836577576494062,0.29160395822897156,0.2190625893112318
55387,0.7743350900044819,0.9664977543626024,0.7000571591883396
49322,-0.26096647012137564,0.4626110956584476,0.22563589597027722
41469,-0.9458116829817005,0.17738183739633237,0.07502143469562733
40968,0.32448494535602734,0.794014138940537,0.4837096313232352
ca40fe4a-f242-46e1-a03b-35ece4b608fa,1.3160296140966707,0.9993499013493273,0.9099028293798228
07817371-fceb-49c6-99b7-08fd3a05791a,-0.5648042928766808,0.9420289849575572,0.4025435838811089
45846,-1.3834772986751165,0.23251443112939427,0.06744784224064018
44805,-0.38555268582988056,0.6181509271076575,0.26314661331809086
18299,0.8229366481186173,0.8512933987557573,0.6143183766790512
7907,1.2001346394523615,0.9971429299643724,0.8804658473849671
50263,2.0559131616660116,0.9878419635120176,0.8983995427264932
46995,1.4860918406959092,0.9951348678843888,0.892040583023721
23008,0.2873846531968199,0.7857988890984045,0.47070591597599315
cdbad9d7-e100-4201-9d51-06b1b57daa6d,0.026368806538422884,0.2962036403988503,0.23849671334667047
35ee81fe-3c6d-468b-bb8f-4d7af0df9899,1.8856961391536813,0.9091991381961803,0.7785795941697629
8e0daf45-5c8c-4117-b94e-9d3b48687cbe,-0.9879120294462371,0.013264111239431442,0.03679622749356959
48679,2.7024338092943294,0.9992097864810954,0.9962846527579308
71832,1.5342513600781085,0.9892217753364957,0.8566018862532152
69710,0.21500592884745529,0.520553327858928,0.34481280365818806
32553,2.5692262465558375,0.6126225027450306,0.663975421549014
1355,-0.944964714564362,0.534215895046029,0.17104887110603031
12f69a95-7c3a-4fb6-ab91-f43b2a899fdb,-1.1982250284828901,0.03133213525047017,0.03236639039725636
10964,1.6427210816663358,0.9677582194516512,0.8174478422406402
7365,0.3458542214109927,0.43398116229711875,0.3439554158330952
2566,0.38287217036661997,0.13770621684596765,0.28408116604744216
66192,0.35549914342591016,0.9926559996191402,0.6846241783366676
3047e325-e7ee-4e08-afb8-2e57def87b79,0.6817584065824778,0.37417559378466214,0.3991854815661618
4579,-0.26965665820968043,0.697344663949508,0.31158902543583883
61635,0.31275318974130695,0.6582196008273574,0.41954844241211775
4940,-0.07228578973345445,0.9645737785519373,0.5155044298370963
16210,-0.07106748497199544,0.51317533457603,0.2805087167762218
14836,1.2168876673038616,0.9903133057233984,0.8250928836810517
78c95a92-4a91-4cbc-9dbe-bd75245cd50a,-0.4440216305132807,0.14733026482441153,0.11903400971706202
22567,-1.108729541764537,0.22196105247446843,0.0757359245498714
dc896ad1-cdf9-43a3-9bbb-b37190d33fd7,-0.5944225664879708,0.5384487194701237,0.2034867104887111
70080,0.8699868489166561,0.7147273615786194,0.5578022292083452
49955,-0.558051407488656,0.7942080912919068,0.31394684195484424
54264,0.2982449330973429,0.2529653523554018,0.28901114604172623
34befdbb-80a1-4cab-9582-9e4712cd642b,0.748444720235121,0.962409027688218,0.6889825664475564
27989,0.8494974834728386,0.7859906473582171,0.5880251500428694
72737,0.11650796934786345,0.9731804918850367,0.5703772506430409
56224,0.3614619495735833,0.9693827556395245,0.6175335810231495
32144,0.8074655320497419,0.9049824582614381,0.6445412975135754
24412,-0.06248759531691217,0.5183314911361968,0.2844384109745642
67308,0.04577210488402139,0.6018051031294316,0.3404544155472992
61391,0.8307738123635842,0.9358934492878567,0.6729065447270649
40628,0.1831931264379924,0.9736343643249962,0.5865961703343813
38307,0.7513091081357571,0.9468091726113578,0.6688339525578737
64016,0.16170709158210744,0.4660135919539668,0.3157330665904544
ae37e302-1eb6-48c5-9aa7-a3c0b6cfc5d3,0.7224364410598263,0.9679558901365692,0.6910545870248642
4a2cb573-a199-4743-8a93-925dcf26fbb0,-0.15448974597126486,0.3231793305202843,0.2060588739639897
61115,1.5803123046825849,0.998646405128672,0.9384109745641611
60115,-0.08076252432763042,0.9233522576213546,0.46734781366104605
2d08c033-d5e5-491a-a5a1-a6b585e20ef6,-0.6054670521748513,0.3325709591441811,0.13882537867962275
18706,0.03642270924655344,0.35115696596820234,0.2539296941983424
52188,1.5655349293716083,0.9919899566520688,0.8751071734781366
45381,0.04975291840241991,0.43372691399343033,0.2787224921406116
36060,-0.03109392885996365,0.5056119406724017,0.28608173763932554
51287,0.6089429002695728,0.6618271589810255,0.48492426407545014
f56b7188-5e9c-4ff0-8a73-b91928b3ac77,0.1535239771127363,0.1643232053181793,0.23892540725921693
72495,-0.4568007206425707,0.1121564757369025,0.10910260074306945
d9c78f30-a53e-446e-9db9-430c41afaf9f,0.0004810611976423518,0.8483457329652742,0.4373392397827951
28649,-0.4346025913275562,0.927806452033381,0.4066161760503001
33704,1.9112152741093476,0.9943216103772171,0.9251214632752215
240ff444-5b55-472c-9516-4cb9f6511864,1.1570780568861498,0.9710969657312333,0.7660045727350671
45578,-0.13222669753644978,0.3641210206953024,0.21977707916547584
69060,0.08688108505369496,0.6128193786263919,0.354101171763361
68181,0.8605961055999989,0.8449781676786629,0.6180337239211202
4e0ccf8b-6475-4ecd-a5de-91a23554f0a9,0.7712291964047073,0.9944439534577558,0.7871534724206917
24598,0.640193190149699,0.3603892635730811,0.38668190911689054
52125,-1.3250104116112722,0.11123917610566483,0.04344098313803944
74242,-0.06313709846156323,0.909623382414362,0.4618462417833667
67160,-0.10134536487797996,0.3110907703824273,0.21491854815661615
27444,0.3081438957989283,0.9747030551521199,0.6144612746499
26292,-0.10650580064769855,0.7088111962560797,0.34888539582737926
f23ba5bb-5349-4b38-9dc8-056838f4e6dc,0.21843801156259735,0.9541729146925885,0.5620891683338096
d323c823-a30c-4242-9dfb-4730f8f06a45,-0.6497307598694788,0.18319038990912656,0.10095741640468706
c0e93874-a742-47b1-b385-4d2a8dfc988b,1.8477252275968017,0.9974789678522727,0.9545584452700772
0ad172ca-5254-4465-9f1a-b4ed699ab34c,-0.44168173376527387,0.046332164238607566,0.09881394684195484
39405,0.372770679333494,0.9397031919205677,0.5811660474421263
64092,0.24228259351756742,0.47385058602198676,0.3350242926550443
33081,-0.032058193500535404,0.7113585721828897,0.3661046013146613
658,0.6702197136776797,0.8838679902688574,0.6043155187196342
26633,-0.29802435927554394,0.6122441521739529,0.2741497570734496
34518,0.45068057813765344,0.9167379452888589,0.5789511288939697
10803,-0.18936146853763036,0.6661855814924225,0.3149471277507859
14215,0.6571239903349367,0.39452847443797245,0.3996141754787082
cc6357cc-709f-4148-a22b-aa9aa6573396,0.6820847883087222,0.863921658769755,0.5949557016290368
71515,1.6164952511770614,0.9922445266401475,0.8823235210060016
62524,1.1670073577463869,0.9119689286708682,0.7033438125178623
25444,1.8407162509666077,0.9945746661976843,0.9219777079165477
33376,-0.07304375399306506,0.8719399288541219,0.4361960560160046
30e4a752-3b4a-46ef-9d90-5482b67623a7,1.071396297937508,0.9395904448845761,0.7134895684481279
10507,1.35697840311733,0.9943696610894882,0.8682480708773935
20989,0.3618844971767723,0.9811971746921211,0.6426121749071163
59030,-0.38334310157728657,0.781612145164715,0.3317376393255216
77949c24-41e5-4d05-b2e6-d164ad3b7fe0,1.2615903119311307,0.9148866426447487,0.7166333238068019
59444,0.49548382528557783,0.9405183407762467,0.6075307230637326
28775,-0.1787019380774768,0.7483486146152265,0.3513146613318091
e7d6ce9e-9e44-400b-b58b-3970195f7b34,0.6883808024699319,0.6096460416592546,0.48313803943983996
96346eb8-233e-4881-ab47-1bd302dbd4a1,1.2297877765729361,0.9800543522526152,0.7935124321234639
09fce4a4-a949-4914-8fd5-b9efc2ffa42b,0.9337383811088831,0.9921307936283019,0.7982995141468991
57489,-0.4519439464196814,0.17486574921412007,0.12310660188625322
40369,0.8844653562974938,0.8293180254871022,0.6140325807373536
52799,1.964222647811538,0.9977486375917367,0.9664189768505287
49543,1.9399542236696627,0.8467618949240003,0.7441411831951986
45917,0.04228953272324204,0.5245711386670915,0.309159759931409
24336,0.16468440800627293,0.18276921581408556,0.24557016290368677
60377,1.833102877497664,0.9793399081673979,0.8565304372677909
5528,0.8143024335946334,0.9916675567115044,0.7738639611317519
37346,1.4646661252675939,0.992003699262312,0.8634609888539583
47786,1.6153122551025818,0.9626480862408308,0.8057302086310374
c5698f82-b042-4901-82b5-98a1276b6c3b,-2.0675332106580626,0.1388070195424269,0.03701057444984281
08b7fba8-ea4d-4528-b3a9-1f9e9163097f,-0.062401005739489035,0.4173267809535713,0.24964275507287798
36146,-1.7964174022425434,0.24600924904884403,0.06137467847956559
47689,1.240017734460295,0.99035962760759,0.8284509859959989
36c8e5fb-ad21-4135-997c-4c911eb11808,0.674500768178564,0.783498892027554,0.5528008002286368
848cb519-b5b0-4a81-abe6-c334b5ce1beb,-1.208559021283383,0.10421613692298212,0.045941697627893685
de614bfd-2b75-4100-97e1-93f209544da2,1.5057537841686663,0.8494994195719382,0.7047727922263505
646228f9-88ae-4830-b716-bada2da437b6,-0.4701433780184875,0.25515800083445617,0.13696770505858816
7097,0.44632410625669333,0.976761024087912,0.6486138896827665
7168b543-05f5-4040-bb2e-823215687dd0,0.29117085919477903,0.8641852974992128,0.5110031437553586
32137,0.006616407121828594,0.7892398563207876,0.40961703343812517
34757,1.7667501426241674,0.9924257669791223,0.8983280937410689
21616,0.503847942274904,0.8720099710937244,0.56144612746499
50bc1311-1116-462c-b4a8-2d321222d04a,1.0844382628112372,0.5720279969693416,0.5348671048871106
31746,0.7571317196079216,0.9571289644005304,0.6829808516719063
3ca08ac6-16ef-4f1b-bdd9-145b4d1ba80b,0.7037481716350997,0.9642573130441072,0.6829808516719063
b43d2d43-18e2-4566-8349-c36f4ae81fdb,1.0358208174725694,0.6094401527670245,0.5430837382109174
53101,-0.11950817681961068,0.9816141727287788,0.5373678193769649
4106,-0.5324593664359717,0.32532063254939364,0.14511288939697056
575fefa1-ac09-4923-afaf-ceb5acdda33e,0.4118915456523802,0.8114626988866019,0.5107173478136611
55580,1.1266639546809252,0.9952291625383699,0.8509574164046871
30300,-0.17061898100061734,0.848530620937283,0.4019005430122893
74090,-0.497446866763429,0.5836794818221339,0.23328093741068878
63615,1.8203935470572399,0.99146818567267,0.897470705915976
7496,-0.5801941139357856,0.47866755433341757,0.1844812803658188
0f778427-a826-48b8-ad0f-aeff32d36367,1.0297352420671833,0.9908036323996999,0.8043726779079736
18323,-0.19629509466505402,0.43933578505922183,0.22935124321234637
c6accc7c-ea0d-48e3-bf9c-b021f99b7d47,-0.8580978329562612,0.005197249618912622,0.041726207487853675
71501,0.3627851904180994,0.9839954371904793,0.6503286653329523
47520,0.2679166377029394,0.7511628726688362,0.44934266933409545
16228,1.893384994733043,0.9968227929113928,0.9514861388968276
71332,0.24295322749233966,0.763042330622879,0.4489854244069734
722,-1.1404991371972828,0.14350739566816662,0.058302372106316086
51473,0.2505851051171071,0.6217279250252155,0.3931837667905116
34713,-0.003036506898022151,0.807280354183748,0.41740497284938555
11599,-0.12041368621601511,0.5740270435385849,0.29251214632752215
8707,1.5950857885718832,0.9892696573946403,0.8641754787082023
d6881a1a-9e8a-4dd3-b232-fa4400571c88,-0.816736218561501,0.17370679016987398,0.08330951700485853
632d15ad-5330-4882-9fa5-4bd4d9837495,1.4583530066199804,0.9453945358802125,0.764932837953701
c736d798-fe06-4fd4-a7c0-06c8d7801fc0,-0.2895961620665074,0.7342834372665821,0.3235924549871392
47557,-1.376120256450906,0.07217809687550963,0.03329522720777365
25162,-0.42576248551442386,0.7470158168882639,0.3082309231208917
59174,0.5421201229002058,0.46591529693320444,0.397113460988854
45037e43-884f-4bd1-9d42-ec15d12e6fad,-0.7093860739892852,0.035269109559464794,0.06473278079451271
54255,0.375293914363274,0.13146185565877963,0.28100885967419265
d9a05012-e2b5-4b35-8ec0-8457f9d82f0c,-1.406388527631631,0.11693273591637207,0.04144041154615605
ea1aecf8-8436-4050-a0f9-edc55da62f4a,0.7447431701699779,0.5854625701288839,0.48585310088596745
57170,1.991725439653065,0.9951422557435458,0.9396256073163761
38182,1.4168806460156245,0.9965818787554679,0.8995427264932838
32884,0.6058863779344821,0.9600617883347332,0.6554729922835096
45324,-0.05977394902287281,0.5961146894424014,0.31501857673621037
27984,-0.3744294751257883,0.4915038876216801,0.21670477279222633
4bb87c0e-80d8-4ff2-a2ca-cca97171a2d4,2.741606894397978,0.9906480700855832,0.9254072592169191
24913,1.0145115413481922,0.9937553998648069,0.8215918833952558
c01753df-7649-4639-b222-cb53e37f9bb2,1.2866369623578897,0.9852355886922307,0.8150900257216347
f7d4de26-132f-4757-b5f5-aacd6593bd0f,-0.7312961904129696,0.12619651069451265,0.0809517004858531
a64c3528-ceb5-4aad-8420-0459da8f9d5c,1.9931123241093136,0.9572915625391822,0.8309517004858531
38232,-0.4884080494002321,0.4583550720019418,0.1873392397827951
551c1e13-27ad-4495-829c-a26c61f59b3f,0.0859674110022467,0.6542229133891706,0.36910545870248646
26948,-0.33851329441369304,0.33064937098928987,0.17454987139182623
9c8ccd61-1eb0-48ea-9e8d-bcf486a0b098,-1.695002178565108,0.023961020190865545,0.016361817662189197
62019,0.5035501271619033,0.7100448722585787,0.48213775364389827
41339,1.7441160686619182,0.9967202082341148,0.9366247499285509
11562,0.5502456927856246,0.8141189212171024,0.5401543298085167
9c6fc798-aee6-4aa0-8895-9975961ffd7a,-0.6261235761981443,0.01142652477327144,0.06530437267790798
7595,1.4791523596024605,0.7643778200457318,0.6594741354672764
22884,-0.9841787835422122,0.25068875452371014,0.0881680480137182
5877,-0.7150953346768454,0.1519278221451399,0.08823949699914262
b0b8de29-d293-480e-ae53-372edf5b8209,-0.07116618262659702,0.827663049241341,0.4115461560445842
62375,0.9604151952159038,0.9596787226461811,0.7209917119176907
53186,-0.5643704089871706,0.6300391930290873,0.2427836524721349
84f63030-b260-4c79-ba25-f2f0c59c98b3,0.9244803570416186,0.9802960217411151,0.753858245212918
1027,-0.154601125743545,0.6698179560666261,0.3220205773078022
70463,-0.5944456811939098,0.36316278055474405,0.14697056301800515
74063,-0.2567765617047668,0.5689161401473615,0.26579022577879396
21984,-0.6953547367178818,0.1725756291559538,0.09395541583309516
13565,0.16088487185713307,0.6043753626740515,0.3673192340668763
97cd53a2-2e32-4524-be6a-16d8f118e685,2.156434697133524,0.9926761890820727,0.9275507287796514
50750,-0.19636466426149324,0.49716829578731936,0.24971420405830236
74463,0.18896311696667306,0.8165975298360706,0.46370391540440126
70501,0.7297005308544883,0.6137348249379626,0.49256930551586164
67383,0.30833297542767946,0.8767833811411688,0.5221491854815662
5878,1.1343965894903048,0.9945077645308004,0.8435981709059731
73883,1.4644061435415012,0.9906442502625051,0.8552443555301514
30173,1.2775524250947945,0.9070848705767005,0.7133466704772792
14674,0.4980801234394607,0.9413572431077535,0.6089597027722207
10646,0.466056942154608,0.31216550204973315,0.33845384395541583
68176,-0.3898124873469463,0.41236144951409576,0.18669619891397543
50519,0.9073111329136931,0.9973574527557517,0.8435267219205487
f18bf262-8c77-4922-ba17-753a762f165b,-1.2752906110323243,0.22427670374519496,0.06980565875964562
21373,1.5067837815683225,0.9966126261061142,0.9107602172049156
33857,-0.061066689691513965,0.7506762046229883,0.3771791940554444
64862,0.5010464136554327,0.6064053503441572,0.44112603601028866
25473,-0.208792072242597,0.8744799790760879,0.4104744212632181
8ffbb843-b236-437a-a998-39c62c1cb1fd,0.6406642664674801,0.9023201296750012,0.6081737639325522
73058,-0.42226502310961167,0.7982797475866402,0.33452414975707345
54164,-0.766411962032078,0.30199025781169214,0.11438982566447556
13894,2.0240103069384228,0.9958150812675913,0.9499857102029151
4e426378-afc0-412f-8c2b-6fad669b720d,-1.03352434844336,0.006089781476047489,0.029865675907402117
15837,1.6236299414111377,0.995973013366687,0.9161188911117462
52259,0.5196749485518658,0.444856465846087,0.3854672763646756
4625,0.8695251694741251,0.9939911211961487,0.7998713918262361
22402,0.7392829729351833,0.9389139235962676,0.658545298656759
118,0.43815028694547625,0.507227647459567,0.3891826236067448
104c2651-81c2-49a9-9159-27ce767e9290,-0.5654328941165847,0.7503966313274135,0.291083166619034
66916,-1.6666177618540814,0.03868666847202223,0.02029151186053158
42609,0.09966950922031126,0.5528031669613851,0.3327379251214633
865e735e-6118-48e9-92a2-0cb6a216880a,-0.06654311865947593,0.5388147711930196,0.2912975135753072
f9f1b081-e4bc-421b-9abb-22b4b223271f,1.600513962357117,0.9987032652053209,0.9413403829665619
15758,-0.29958254019043495,0.07152208755195055,0.12503572449271222
30037,-0.5628540314351362,0.6365402726760134,0.2449985710202915
57029,-0.12308955664490906,0.48788633635162426,0.2597885110031437
73533,1.7985672190669129,0.9928349608378684,0.9041154615604459
13968,-0.6435039711567037,0.8444616285817035,0.32830808802515005
11736,-0.03929633446842873,0.5280766612229583,0.2929408402400686
25154,1.2249494251710622,0.9270328343103523,0.721563303801086
69985,-1.351430223362529,0.33745543115851273,0.09166904829951414
25937,2.1197080978058027,0.9986537270512299,0.9832094884252643
44467,1.4783050689316908,0.9976152110283761,0.9182623606744784
37178,0.5784484797566538,0.9169935414253138,0.6061731923406688
74025,-0.14681868374785412,0.9098735042534402,0.4439125464418405
1746,0.08170079861170437,0.4955591834995728,0.3081594741354673
22328,0.21313146411822506,0.9311912989767853,0.5380823092312089
da768108-2cc2-4f67-8820-c83a3472b38e,0.8717433289961621,0.8810810340287528,0.6411831951986282
64758,-1.4767835375928984,0.03543121284325692,0.023220920262932265
23768,0.09915679959346396,0.9542161059412427,0.5366533295227207
4a38ced7-b574-4fd6-a450-156d65f83e72,0.22102907031189994,0.487044030841194,0.33495284366961986
12827,0.9555438193139516,0.9693767926057926,0.7358531008859674
7979,0.8593522999228569,0.9634365900529054,0.710845955987425
61287,0.7354082809184623,0.5951966534834843,0.4864246927693627
15130,0.01449781078799095,0.4373659714037951,0.2721491854815662
17787,-0.29214875859325307,0.7454045675147667,0.32866533295227207
21481,0.41842629504599826,0.865780306413619,0.5401543298085167
31391,1.440078089462404,0.9912767004535625,0.8563160903115176
e217e77c-5a72-47b1-a37d-49d30e25611d,-0.8034476238425237,0.15605311142353856,0.08109459845670192
13547,0.4391102823767095,0.9627462336270808,0.6238210917404973
c64e3f26-7c42-42bc-809e-3a8b172c5aaa,0.45989403297203346,0.7877620682790668,0.5085738782509288
038ba3ba-7549-415c-bb6a-3ad2b079203c,-0.19421827760074306,0.23753913312780467,0.1805515861674764
4fcf150e-f0e3-4399-81b6-e5338bc07801,0.06362199864303969,0.7603599867450773,0.40897399256930556
40119,0.7551796309925661,0.8533794383037779,0.6042440697342097
44116,-0.38367145472356257,0.3627882515331838,0.17469276936267503
69565,0.8603660085243783,0.8363647527604113,0.6138896827665048
14043,-1.1257890986987025,0.293559101792051,0.08938268076593311
73314,0.6040409044993775,0.9756089732806745,0.680837382109174
7070,0.09112788882902417,0.6571809968182841,0.37132037725064304
26647,-0.406040576863656,0.8726913557521162,0.3749642755072878
38731,0.021058824859599645,0.8934324313289728,0.4682766504715633
32583,-0.14746750336366676,0.8802079902165083,0.4249071163189483
24032,-1.030495881686536,0.4180686978297435,0.12496427550728781
fb04d3ae-ecbd-44c2-bd6f-b52f02b4fdd9,0.8180070298477642,0.8202949429073789,0.5976707630751643
72409,0.8128838737379547,0.9820468261650237,0.7383538153758217
50946,-0.1949473213793409,0.5648736837416934,0.27593598170905975
35689,0.9003328460145194,0.9119163728189449,0.6661188911117462
41504,0.0208113766450867,0.46198163721720953,0.28258073735352957
60151,-0.4788817134104141,0.48552559635742043,0.19798513861103173
22089,0.5907752221064917,0.6770763750272226,0.48706773363818234
c150afe9-b903-43c9-8f18-95e7c9c2aec0,0.7274219278774201,0.4572808983192412,0.4331237496427551
27dd0169-0a20-4720-acae-9781403eb113,1.1147662523913378,0.9768677447380669,0.7706487567876537
14953,0.16035584642020162,0.9924440373407908,0.6408259502715061
57194,-0.4681372675289094,0.5025377607115985,0.20570162903686767
8702,1.8371227012928721,0.9951844507084352,0.9286224635610174
66454,1.1576160490983387,0.995206639095081,0.8547442126321806
45416,-0.3021147057125577,0.9098135141061128,0.41426121749071165
25431,0.8216490543349293,0.8958813845710893,0.6396827665047156
dd014d80-2904-4207-9da0-204052d3bf50,0.8922312229717297,0.9265817360859671,0.6751214632752215
44984,0.22728159218088206,0.7043437279464441,0.4184767076307516
4f710de2-ff1a-417d-8656-088af4fd47fa,-0.6154120590491774,0.13561250085747634,0.09495570162903687
395f7e19-dee3-4186-b29f-8f1176e234bd,1.4371997840847914,0.8268769733741845,0.6837667905115747
42852,0.9441875874913348,0.9922768360722867,0.8008002286367534
17333,-0.10439289490079384,0.41195817622046954,0.23906830523006573
67237,1.7872093074478672,0.9963835041551651,0.9369105458702487
1b1cd2bb-efd9-460a-8711-658f975bff02,0.2090990717512769,0.6865179677073859,0.4076879108316662
e92e7da8-dc3a-4181-b9aa-6b6515cbc0d3,1.7911944280771654,0.980725281269894,0.8566733352386396
14345,0.7495340396695911,0.6374985670989773,0.506144612746499
9074,3.0016709586178063,0.9783620071232972,0.887110603029437
6995,1.4552828420964072,0.9306976148587884,0.7510002857959417
58640,0.6260703072925775,0.9712707278344349,0.6773363818233782
5728,0.6657250042188304,0.9793884130381162,0.7022006287510717
1b005209-c6e8-46bd-9491-8422e3c80101,0.19875787449996646,0.5455813174649222,0.35088596741926265
23831,-0.11455413741876508,0.5715393877804932,0.29365533009431266
46002,0.8896091188165971,0.9914237295881847,0.7867962274935696
57930,-1.0125860017807298,0.22861832138120536,0.08202343526721921
50267,0.7691248815194969,0.9437269130708646,0.6688339525578737
0173b692-0a9a-47d3-b0b6-436a555fb1a9,-0.1826860526786851,0.6466065559526433,0.30887396398971134
d7948381-9717-40e9-8da7-6b6b2c1c4668,0.6028868090431221,0.9342742296092669,0.6261074592740783
44651,-0.8277972298963479,0.650160226830139,0.22420691626178907
59509,0.8332933323811857,0.7714106452368814,0.5769505573020863
19450,0.19689527843463467,0.9465098699999005,0.5485853100885968
42970,-0.3084243761911849,0.4735962553747402,0.2202772220634467
b20067a3-2b20-463b-b862-0e2b895317b0,0.587500933281123,0.757875960279351,0.5210060017147756
4094,0.3292520552252228,0.8908001692685064,0.5357244927122035
22121,0.410397797095509,0.9862202252197827,0.6683338096599027
74143,0.44526341944579184,0.9456790136969107,0.6020291511860532
11900,-0.11733095361693624,0.19935699319889852,0.1875535867390683
33266,0.8541866158006541,0.29609562916069604,0.4134038296656187
16508,0.06348795577546718,0.38876267188673996,0.26986281794798517
46039,0.5897972055747658,0.48706884825558533,0.4153329522720778
39136,0.10931693926864605,0.7573410087534161,0.4169762789368391
7e0f048e-0ec1-4ff8-a217-f8ac27882c07,-1.6338309410897354,0.00510756467137734,0.008931123178050872
61267,-1.0946898608808737,0.08715999296316826,0.04679908545298657
24254,-0.26877884695723153,0.6391450731783911,0.29015432980851674
36565,0.2567627008839235,0.9982864701092959,0.717347813661046
1a9a6e06-8bd0-4ab0-921f-e672549d4bab,-1.084590000757461,0.3310927758275003,0.10110031437553588
63943,0.5656124015362426,0.8127682933602931,0.5430837382109174
17117,1.4310354407296089,0.9832291859780092,0.8247356387539297
39324,1.3021323807324765,0.9956840673954895,0.8774649899971421
10642,-1.2183255827492576,0.3889103653403244,0.1095312946556159
21367,1.3839051372057585,0.9946262889157489,0.8746070305801658
19438,0.06170812629740863,0.4843515106526,0.2995855958845384
17569,0.14279990298624534,0.9827056559363043,0.5983852529294085
74354,1.3661155724198397,0.9978851500306911,0.9083309517004858
36943,2.131581166213974,0.9960616570659447,0.9578450985995999
13384,0.5957650760496118,0.9947621744406421,0.7537153472420692
33e8fd19-cbef-4ec5-8b71-fd4fde4548ba,0.7166885548467304,0.35482059530208276,0.4006859102600743
cd3f524b-68eb-49e9-8b1d-9f38f8f1c7d4,1.7247834260540746,0.9932399711560539,0.9004001143183766
af3b4e24-39b1-452f-975b-22e813dcbb5f,-0.17404487979210947,0.7075242468911525,0.3341669048299514
2827,0.38848841075161933,0.8560139858909271,0.5278651043155187
26757,2.01656669549614,0.9969314291781015,0.9615604458416691
6bfe388f-c3f5-48ab-9a4d-ff899fa23172,-1.1301437261118863,0.09022969287834244,0.045870248642469275
29407,0.16300943455990502,0.7345201458912788,0.41897685052872247
64263,1.076181260872561,0.9929831362098989,0.8243069448413833
71193,1.4369810899661015,0.990327649281142,0.8503143755358674
31440,-0.8790456732687841,0.7192503820853978,0.2478565304372678
20721,1.5167777059798488,0.9961576049111811,0.9064018290940269
52080,-0.10806376359282532,0.9675992260240417,0.5114318376679051
ff0e0e58-8a7e-410c-aafd-98dce671e7d2,0.14720715220692454,0.8815006861595626,0.4897827950843098
b2df4e0a-64f6-4d04-99aa-6fef54cfc730,1.0085964810767623,0.9827080395223503,0.7725778793941126
22185,0.14811966068820726,0.992485888096477,0.638182337810803
45542,1.3083581001232256,0.9285038839942569,0.7317805087167761
55246952-d52d-4189-a0dd-231808ee6083,2.180791841950607,0.991650193028699,0.9217633609602743
59825,-0.3756311836664208,0.5483857911343283,0.23649614175478706
292ba4de-c498-4da9-9471-e8bd88ab4771,-0.08278114762844535,0.28941600167350956,0.2132037725064304
15ec234f-5ca0-4f94-afbd-c57cdbf34834,0.5626461927461724,0.5815778842864269,0.4447699342669334
19539,-0.47003798308458367,0.7373476058466685,0.2970848813946842
18012,0.5507030458456477,0.8941771636060943,0.5833809659902829
23422,-0.2729022695651345,0.6314294712038949,0.28643898256644756
8a85b63b-22fa-4d41-be2a-4560aa12765b,-0.3888696016951021,0.8218693180292064,0.34967133466704775
53512,0.4058126770041469,0.9860274801909316,0.6667619319805659
01689eb6-22f8-4b84-b5f2-ff7a626b58a3,0.8666052756607026,0.8657295547689937,0.6311803372392112
59017,-0.2781068209006782,0.8335448347426611,0.37339239782795086
396b560d-a131-475a-aa8b-8c4713aebe77,-0.021840601054355258,0.9299894782508272,0.48549585595884537
8267,-0.16874408138593988,0.4345667500904483,0.2325664475564447
29162,1.3344556163368642,0.9947140829316116,0.8696770505858817
53828,-0.5210420201949364,0.45930470731843526,0.18433838239496997
16a175f0-721a-4ad1-9343-b1b852653615,0.17348764220296026,0.8617338017557143,0.48406687625035727
21601,-2.114832744850375,0.03404258272990502,0.014718490997427836
b68e834d-d2dc-40f2-9a00-8be2c4567515,0.6757861069238755,0.9556045381334384,0.6634038296656188
7fa8905c-c859-48c1-838c-fcf6539140c8,-1.2689203861573097,0.010247171335352237,0.02264932837953701
29157,0.671149514562122,0.7310948347232508,0.5267933695341526
60222,-0.2712275710744093,0.5829364721236557,0.26814804229779937
30901,0.5726727331760643,0.9314583668112885,0.6164618462417834
59de1e25-cd59-4c0d-9456-e9bc73de8356,-0.31751257868387195,0.29526462613936494,0.16883395255787367
47f2569e-35fa-4f50-8b75-fff7c7eccb0e,0.8274181933251001,0.7668599278434522,0.5740211488996856
8f000311-4268-4b7c-b49f-59defb053750,-3.1855165579400175,0.04593680958189192,0.015504429837096313
4257,1.2110111245949637,0.5387275398076201,0.5369391254644184
60990,0.9853353305646758,0.9467120527555811,0.7078450985995999
51198,0.9479840181579463,0.9072369952664602,0.6704058302372107
63940,-0.009575052975613563,0.34922913061589406,0.24249785653043726
49675,0.22427512699295116,0.6396677061524861,0.393612460703058
345a059f-ca10-489b-aaeb-29c88259a786,0.791989693057814,0.9849652552093869,0.7433552443555301
26324,1.5748549874940347,0.9973186059837196,0.926264647042012
34246,0.7668955968652083,0.9541582863333471,0.6801943412403544
55862,1.5838446675178652,0.9924684454139985,0.8803943983995428
14298,0.24323480466431033,0.16619604912098299,0.258073735352958
69589,-0.7406627544996616,0.49276162656401945,0.17147756501857672
51309,0.8842884158688986,0.9843755799240492,0.7580737353529581
66394,1.7447534942337741,0.9986740957815339,0.9552729351243212
44f8512b-81df-4d3a-add9-6ae3c8c065b3,1.1782124956814783,0.8044737890261408,0.6446127464989997
f522ebde-7f28-4e10-ab30-f0432fda7257,0.5628082225382766,0.3696148073175861,0.37239211203200917
45526,0.08386427102407668,0.8209170873727427,0.4422692197770791
57162,2.376346376364005,0.975234985054659,0.8747499285510145
13291,2.5431051358692924,0.9952616366619883,0.9595598742497857
14f74b51-4929-44b6-8f75-b6f2e911093a,0.7223892212489444,0.9474581762183782,0.6622606458988283
9812f738-1322-4b65-a912-a72ccb18d210,0.6248551060222051,0.953418584405907,0.6496856244641327
19246,1.9866746297025761,0.9947940711695228,0.9352672192054873
13058,-1.3539666990678665,0.7439704054545507,0.23585310088596742
2607,-0.1756275401301146,0.6115182645120487,0.2969419834238354
42024,0.4503797063176543,0.9677537561499362,0.6338953986853386
feacdc35-ca25-4d4d-b2f8-750a5e61e2f9,2.4316183230492365,0.9958857303869733,0.9636324664189768
30199,-0.10129850647681626,0.679815170483036,0.33781080308659617
21223,0.4871194499371593,0.6339191881460436,0.4481280365818805
62517,2.1330314016266483,0.992933983881421,0.928908259502715
70488,-0.28401416572320914,0.7796370454396508,0.3462417833666762
22608,-0.12027522275591163,0.7409893067705196,0.35888825378679623
48674,0.7042802477293799,0.9222658752761954,0.6366104601314662
54311,0.8784087529774602,0.9703773197382174,0.7249214061160332
46692,-0.1572353730085746,0.5849390927296446,0.2902972277793655
53779,0.901152240691661,0.9420435545828465,0.690840240068591
56627,1.2862105401697366,0.9854024147045259,0.8155187196341812
32895,1.8678693447323362,0.9907548714628208,0.8973278079451272
37259,-1.2201384414392253,0.313628601220747,0.09131180337239211
634e3c7d-69b7-4369-bf80-fe5cc813144d,-0.04504126547631715,0.7634640538264715,0.387110603029437
0d4a843a-9426-4e66-9097-3dbed905da9f,0.5379427130439592,0.6980198322100188,0.4832809374106888
33360,0.8094221999141982,0.6094215111751693,0.5063589597027722
9f04c8f4-9141-4201-81eb-a3b802633f34,1.5362582769339925,0.9911677986790548,0.8666761931980567
66599,0.478291276041179,0.6520448160630591,0.4536296084595599
520513d3-6802-4d40-8a3e-73694dc3493b,0.5402494778608888,0.7235923330943438,0.4950700200057159
68407,1.9902902398013897,0.9968739730446367,0.9587024864246927
1108,1.8613619919072772,0.997554242570891,0.9562732209202629
8019b1d7-04f2-439e-bba3-6302a6b7f127,0.9053827569601456,0.9852067987130012,0.7644326950557303
71421,1.431052222353613,0.9976537426672496,0.9128322377822236
65451,1.7458649627468177,0.9888826996926665,0.8778936839096885
63375,0.42057072638342663,0.5957838507686245,0.41990568733923983
3c6ce0ff-1a4e-48c2-b98b-4178ed255af0,0.45125631381014375,0.7446416799555544,0.48628179479851386
c8ddbeda-9c22-4ee2-bea5-ceef9ee598dc,0.4766731331254662,0.7212379410537224,0.4804229779937125
bdd67329-ff50-4213-baca-784117dc591a,0.2957975856684344,0.7356704209018362,0.4478422406401829
92679708-2e67-44cb-b8de-0544c282d67c,1.730330318521156,0.8958109503247685,0.7547156330380109
17222,0.6696561419150404,0.9524848294029553,0.6580451557587882
6820a79b-3495-4e90-b6da-22869893f763,0.5853937975802664,0.5778548440956727,0.4477707916547585
70051,0.30353363042739534,0.49215243264090697,0.3552443555301515
bcd27075-d728-4631-8153-b7e50d4ca16f,1.5960775907480618,0.9852109345575605,0.8506716204629894
20d722e0-e0c1-40de-99ec-57b3ddd09557,0.5643137662217271,0.869929361072156,0.5727350671620464
62725,0.6907101217630994,0.9571979580830487,0.6693340954558444
48427,-1.3957752772850343,0.7319181965312939,0.22863675335810232
da07a105-3e22-4369-a4c3-c430e7c6d164,0.19597673826186085,0.6566981223321042,0.39368390968848244
31606,1.9529702864369742,0.9943771823034516,0.9282652186338953
6e44ac31-9be2-420c-8284-26ee497bd50f,0.3362768396188531,0.12666226230937125,0.27186338953986855
27056,0.792272778010523,0.9510243988234345,0.6814089739925693
31857,1.3579334152066747,0.9624576317003934,0.7759359817090598
45975,0.34791349215982853,0.985336391385004,0.6509002572163475
30744,1.1209398971854676,0.8716752923781017,0.6716204629894256
32814,-0.963725009757131,0.3153090645506426,0.10424406973420977
27206,2.0612729821265283,0.9968600330300701,0.9636324664189768
10221560-79ed-4554-aef4-ba02b902406a,0.2550994722989619,0.8489581744649176,0.4936410402972278
20460,0.5087142362962088,0.5859733833962827,0.43583881108888256
e6657def-cafe-4572-b56d-2428b1e7be5d,0.001686685029240076,0.5743028410677101,0.31930551586167477
7cd39caa-3d97-4180-81a6-e4429496f060,-0.5193691876511903,0.793963419720094,0.31894827093455275
4333,0.00598395666216156,0.2267778152199369,0.2193483852529294
7360,0.9109971851759725,0.7524964003254866,0.5826664761360388
d1dd30cd-dd1c-492e-b904-efb1d0f00075,0.220292084151891,0.90526648689094,0.519648470991712
87,-0.2367596131837565,0.19609220452803208,0.16368962560731637
71049,0.5128569894458195,0.8945317218820652,0.5758788225207203
14250,2.060573089452912,0.9964045886629957,0.9581308945412975
8359,-0.18507425939443345,0.8257841449476466,0.387467847956559
66039,1.2780187860599383,0.9966501455714368,0.8846813375250071
73392,-0.2716817875765539,0.5469359221660577,0.25278651043155187
2847,-0.2404359409675373,0.848997078655541,0.38918262360674477
69101,1.9244317268360256,0.9963520643229741,0.9480565875964562
28304,-0.4129310935648973,0.4419895829797116,0.19248356673335237
23c2e997-6fa5-4a43-a1fb-06c112481a66,-3.0378184610062116,0.004882663666816007,0.0010717347813661046
34841,1.8685703617619414,0.8997201460252131,0.7701486138896828
258d29db-f86b-4107-9e50-f8cd002e28c3,2.7019198329350917,0.9933679145090117,0.9424121177479279
70675,0.08533379890813264,0.4625586068480415,0.29758502429265504
25017,1.6421302768750565,0.9911481422610662,0.8792512146327522
12006198-7d13-425b-918b-b50f02991e53,-0.9024484474139827,0.004424297020694019,0.03765361531866247
40427,0.7211926487447217,0.8565335165638842,0.5976707630751643
30276,1.754408743539012,0.9945016831313159,0.9138325235781652
50533,0.9463569577103393,0.9490781501821401,0.7058445270077165
12873,0.2342445850313382,0.9423960029465569,0.5525150042869391
9405,-0.4154602021371283,0.37716205351752163,0.17326378965418693
cbbfa1b7-29eb-4ecb-b068-57e91c1c4d9c,-0.4582766916044364,0.9723509733856813,0.45863103743926836
33322,-0.7161727374681386,0.39956280618165396,0.14361246070305803
29554,-0.5693895002180274,0.3190516748115255,0.139396970563018
64481,0.782555626734983,0.9426804414797126,0.6705487282080594
47507,0.0526362183564148,0.9272608388527256,0.5
11333,-1.269587110668514,0.06347630132326845,0.036367533581023154
7f0c62cd-ee8c-4027-b01a-303095dbb707,0.053926592620892666,0.0957397331511685,0.20134324092597886
67695,-0.388870501643514,0.4506305521009006,0.1996284652757931
47616,0.2909382108110429,0.9756767730802454,0.6130322949414119
72258,2.012978076843624,0.99121282446598,0.9112603601028866
8166d1a7-884a-4737-9dfa-54ade95903ea,1.1756481212768164,0.6898137857483909,0.5910974564161189
70736,-0.14078837505281883,0.8341843817472244,0.39889968562446415
39768,1.3812154363361242,0.9662789907349647,0.7840811660474422
585,1.4688685177017837,0.998286842283947,0.923120891683338
e9a6fd1c-57ce-4fd7-b988-a8c66650d6b6,1.524820951102829,0.9828189592260538,0.8349528436696199
13884,2.109850173787554,0.997558888981761,0.9736353243783938
47202,0.5220335136840513,0.5643982363204314,0.43012289225493
b75c4b4c-182a-4ea7-8c84-b9c25a5b50ef,-0.7744050899052537,0.5611582607513316,0.19434124035438696
44120,0.6364809479290342,0.9623138527839228,0.6651186053158045
40879,-0.2787212208335601,0.8744941138092652,0.3970420120034296
17377,1.1046079659330106,0.9920998158014472,0.8212346384681337
e93312b2-da12-48e2-b9ec-d93454ef34d2,-0.5297415048561573,0.14237842540968035,0.1066018862532152
1e5c2456-3f45-4b9b-9d48-139d05584354,1.0440618180677537,0.7052011256458242,0.580594455558731
46812,-0.1379932170321555,0.8019205198459266,0.3853243783938268
fff371a9-bab2-4fb9-a25c-20a1e849c3e6,-0.14448613287640855,0.4628813219172318,0.24771363246641898
28547,-0.07868252170069556,0.5141576664065614,0.2798656759074021
98de0a79-db33-43e2-9386-f35c6b3e8320,2.4739668964234216,0.9891882145327687,0.9156901971991998
60297,0.9031990214068719,0.8373803566124126,0.6224635610174336
0d658a93-f559-4974-9f80-62852307215d,1.5039577767674692,0.9975518476828343,0.9206201771934839
65638,0.2292437577597755,0.4075655580773901,0.31058873963989714
433,0.26145222333662,0.5844691916502837,0.38082309231208916
25026,0.34574362232939004,0.7787423810511426,0.4794941411831952
d3a775b6-5c7a-44ea-b655-aff2a679c1ea,0.9532331166854928,0.8426252933600317,0.6326093169476994
40977,0.8867889320268634,0.9602780639504818,0.7107030580165762
14990,0.5590799466692009,0.9340884297634787,0.6158188053729636
59137,1.8338586077366335,0.9963905143034452,0.9411260360102887
17729,0.07178689594669263,0.8713497815012408,0.46706201771934835
3629695a-830e-4dc5-9b6f-db8185dd57b9,1.614768009114487,0.9445583101834609,0.7817947985138611
fbe64607-8251-4456-bb73-582f3e44e9ce,0.6320112812742777,0.9564942634396433,0.6554729922835096
11293,1.4607796976072525,0.992470160133835,0.8660331523292369
4609,0.7301715031832379,0.467944553659801,0.43805372963703915
803284b6-de71-4edf-b935-344b64081a9e,0.13074262662722574,0.5697736497077643,0.3470277222063447
918eed1f-74c7-4f95-885e-267d3f5eb424,1.0407195078588782,0.9568858056048721,0.7294226921977708
5306,-0.15785376897957504,0.9012070641050719,0.43462417833666755
ee06a628-fbaa-4f82-8921-7da70b6ee6d6,2.247790988799302,0.990512851397179,0.9176907687910831
f633e27c-ddbb-4932-a384-4baf4fae7402,-0.7517455035548819,0.17325496844263047,0.0880965990282938
24583,0.1090187762735626,0.7945709325035689,0.4359817090597313
b8ea5c63-ea46-4857-9dd8-afbbd616bbcc,-2.5401788012759496,0.13843347778417578,0.0348671048871106
9b001723-4e31-4b72-8854-02af6cf234ec,2.441628678133112,0.9324282106540888,0.8208059445555873
d0d87fd3-1f54-48ce-b6fe-ab6bb7b50071,-2.02722233278885,0.004611850896441534,0.004144041154615604
98a1d953-aa70-4eac-9ce1-a4632e90d630,0.25291597861548154,0.9195550228707,0.536867676478994
60881,-0.07323791338177754,0.2763104216591403,0.21241783366676195
62672,-0.2109206138393498,0.6331010414734481,0.29858531008859673
52095,1.1246522156405876,0.9703550022285035,0.7605030008573879
55573,-0.28269000637733843,0.8279004193483448,0.3693912546441841
48966,0.4612862469603553,0.7626583652856037,0.4967133466704773
38059,-0.1099128654304875,0.9377922307810508,0.4739211203200915
55707,2.588213940098373,0.9954154025679606,0.9611317519291226
29296,0.72338943253841,0.8750911966269763,0.6099599885681624
7964,-0.26324389832763684,0.714103376975741,0.3206630465847385
27049,-0.06877757901305337,0.44227810852914795,0.25643040868819666
a0a09206-b197-4b07-b958-a940e379b2c5,-0.8834874119660907,0.09054421368122716,0.06030294369819948
2a57d7d4-cde7-440e-80c8-a5803a56b45b,-0.867749814772478,0.018705846444687958,0.047442126321806236
55219,1.7519462016337737,0.9960650680054728,0.9299085452986567
21478,0.6023847562743454,0.48431683592045033,0.4172620748785367
79b3c732-12d1-4f84-9201-2907b7b18022,1.2988646448239918,0.9330596136316569,0.736138896827665
7174,-1.966884359236402,0.13809202341119578,0.03758216633323807
a9da08ff-67e5-474b-bd41-dbaed58bf1b4,1.6270690842403792,0.9737451126099432,0.8262360674478422
24403,-0.20308353120840061,0.17500892700941884,0.1649757073449557
26963,1.5084280463342141,0.9940413832197302,0.8830380108602458
74d02aae-3a87-42bd-a149-975173751efa,0.35890484857631916,0.8172635490141515,0.5013575307230638
b81903c9-61c3-4d0b-9285-638554f05bcb,1.166619120450178,0.6709966339902741,0.5825235781651901
0cb51197-a6e2-4445-86e1-1ac1bcdd787d,-1.1966884570082161,0.2117067272494278,0.07023435267219205
4f691fe9-c99f-4d32-b193-2bb124218623,1.0608933213638716,0.9758944334232007,0.7627893683909689
2af62d0e-1e55-49ea-bbb6-8b7b44f735ae,-1.3333706098633384,0.19877968261484819,0.06251786224635611
15175,0.2202886208712298,0.5092876747221167,0.34159759931408973
9bd448ad-f2d3-4167-856b-84acba0834e5,0.734611660742793,0.9339830779475028,0.6528293798228065
10373,1.027998447570509,0.9268276147504392,0.6964847099171192
28069,0.4035042062922449,0.9827290493822857,0.6561874821377536
21948,-0.20332123569809446,0.6085575311641949,0.29079737067733635
c1d4a117-abe3-487c-a2ad-c2350d7d1dcd,-1.8269208378912085,0.011142368393605252,0.009574164046870535
fa617331-1f68-4267-8129-a93828d7b684,-0.11046877974591607,0.5628992071791337,0.2914404115461561
39773,0.047537008712485285,0.20611421789616283,0.22506430408688194
23646,0.31598706074656735,0.9568643251509553,0.5885252929408402
56684,1.0369403099129406,0.8534197962363047,0.6506144612746498
59083,2.042782435865687,0.9875511410060929,0.8965418691054587
17740,-0.5301621182749303,0.7317371659512527,0.2865818805372964
32529,0.47779383723952196,0.4877599996904507,0.3912546441840526
17748,0.6857434816625835,0.8571913684318223,0.5917404972849385
36830,0.7959735355939812,0.7680666040457949,0.5693769648470992
19043,-0.08188169314342275,0.8513675637525864,0.422049156901972
1257,0.3265856897908941,0.756372993732811,0.465061446127465
54162,-0.8813319585564945,0.24832026370076693,0.09481280365818806
11393,0.17628835792705944,0.48674246293855034,0.3258073735352958
40151,1.8075965901078088,0.997654124134331,0.9529865675907402
57772,0.9400680904523324,0.5235930594821419,0.49521291797656475
52999,0.12411186241514288,0.9085516665618923,0.501571877679337
24058,0.39672468164000907,0.9488658355031977,0.5958130894541298
687c3a16-07fa-40c7-abe2-be1b3d6d89e6,-0.42604350941065683,0.0068448504896473205,0.0881680480137182
6cddfaf9-3464-4210-821c-ac59568f02df,1.5518067209775255,0.885489304119319,0.7311374678479565
db790c98-038a-4a3f-8022-964ba126fa98,1.062528530936439,0.8118556651284004,0.6331809088310946
30456,0.7134140012645959,0.9624734109602971,0.6809088310945984
15917,1.2555764585881253,0.9644138988176125,0.7677907973706772
32288,0.7775606689507204,0.9606414819369177,0.692054872820806
54403,-0.5179609519913543,0.7703719804728555,0.3062303515290083
2a271a09-e904-4c35-b252-1047324e51b7,1.0717168951990592,0.9682609377935978,0.750714489854244
b0516ffa-2fa9-4e4c-916c-9ba71f104da2,0.9801082183673663,0.9970985530614304,0.8510288653901115
1b3fe624-8dfb-4af1-89f8-3781a1e4e986,-0.9378595131751997,0.24180863456585705,0.09024006859102601
b940003c-f3c6-4846-80cf-4180a26f58bc,1.5566466811866235,0.9840667365213026,0.8428122320663047
b7f0b6c2-7fc3-479a-bae8-6ec99a7170d2,0.3223282511210598,0.6470736751731839,0.41876250357244926
edf0875f-3622-461c-b9ed-9ffaaf8cec2e,-1.7889923554025067,0.005036474657519858,0.0063589597027722215
31721,-0.10009204309284869,0.8321774231305314,0.4079022577879394
26546,0.2666005868667307,0.5940551770296236,0.38575307230637323
68351,0.13920308329329728,0.6010442042752583,0.36081737639325523
5ac5bbc3-af0b-48f4-a2ea-be46f029491e,-0.10317682567552555,0.573340460748975,0.2970848813946842
36825,-0.427199852563936,0.8783421915262376,0.37517862246356104
62850,-0.4284600638459516,0.19330329761747742,0.1310374392683624
35794,1.5944240550243902,0.996574083161197,0.920120034295513
37506,-0.3956168479631128,0.9450905794157343,0.42883681051729067
10830,1.7999159151955118,0.9928191089759301,0.903972563589597
11200,0.12913052258919305,0.09933917980459106,0.21920548728208059
1260,0.44613816301852055,0.878769276877288,0.5533009431266076
65674,0.16537727575280398,0.9319872288558392,0.5294369819948557
da71db1e-2e71-4a27-8254-99582019d323,-0.6341382139068192,0.5419347332424284,0.19969991426121747
6543876b-b1f4-4e34-a7f4-b8316b54394f,1.556490353312085,0.9672479422874253,0.8063732494998571
0b909d67-7d6f-4125-90a3-b85710ebdd65,1.7294863747107871,0.9702520813992689,0.8293083738210918
3435,1.0238055897998846,0.962561864565828,0.7356387539296942
aa6675ab-9b65-437b-8cbf-ed4ce5958287,-0.3968062398703711,0.6609097535336723,0.27636467562160616
44866,2.2647550078974064,0.9985308413271476,0.9874249785653044
67382,1.9748211617966809,0.9927452797712111,0.9175478708202343
69f3dc48-dbd5-4e94-9134-6963e393b9cc,0.7660842666901148,0.9724340519070299,0.7087739354101172
69d6406f-f071-47dc-b2b0-7741cd41eac2,2.707758634474379,0.9898595331903914,0.9215490140040011
2bf05bdc-2644-4fd2-995d-cfd5efca602c,-1.0928897876622623,0.01229723315290052,0.030937410688768218
27fea9c9-fbd9-4002-93e6-777c5beaa330,-1.1417575052536695,0.06154063488997227,0.04086881966276079
50913,1.424698608146433,0.9957751479442578,0.8908973992569306
0330cc2f-41d0-49d3-bcb3-a46697fdabde,0.7435488485989888,0.9541687265742725,0.6756216061731923
c1e75424-28ac-4a29-b028-dae7308bcf95,-0.573508241684604,0.21456249228288427,0.11639039725635895
e5fc3f5b-e5f6-440b-9803-0250d5ff0510,0.4039885808701084,0.9703035543774456,0.629036867676479
e4a52774-47c5-4e6d-a57a-d2ce89a2c945,0.7646190911490454,0.6505243291287486,0.5132895112889397
84174748-7935-4206-92ed-970fb05f3e39,1.7098085574256459,0.9901467339130192,0.8806801943412403
37708,-0.21133682184881764,0.24129000892837407,0.17797942269219777
27c94c4c-f7a0-4a13-9fc3-e0e832fc10df,0.6825830535036028,0.47337860404617343,0.4302657902257788
2070,-1.2793239688294467,0.36215408675064825,0.09995713060874536
e659b0bc-67a1-4efd-b4d1-c032de61dbb6,1.0631604689807501,0.9949139400418071,0.8398113746784797
53290,0.07577420933859941,0.36033987901790726,0.26471849099742784
38864,1.7197648015084908,0.9983655586093413,0.9510574449842812
65706,2.0006462225574912,0.9961649345208601,0.9517004858531009
46559,0.5029274744914899,0.7378554606839612,0.49335524435553013
51999,0.6640037314599021,0.6780067504383155,0.5032152043440983
533f2c9d-2f64-4437-8f8d-975881560489,0.004589428370106896,0.8857020536407015,0.46063160903115175
62215,0.061576163308889986,0.43847068037178694,0.28315232923692485
67339,-0.23458492700747435,0.5427368719934619,0.25850242926550443
20407,1.8982261859257938,0.9979450713619729,0.96384681337525
25662,-0.2704177339899029,0.5186612816582208,0.2429979994284081
20228,0.2927457437920158,0.8207756302272504,0.4881394684195485
7249,0.29740396135781133,0.8227554756526062,0.4900685910260074
63286,1.7747457854483395,0.9974332679465486,0.9474135467276366
62992,0.59275817576014,0.7909969845878221,0.539154044012575
30045,0.19444500191821418,0.9860603437427616,0.6191769076879108
30150,-0.2798221487147937,0.7419227592241788,0.3288082309231209
18904,1.1603918011584518,0.7644103355667553,0.6225350100028579
20965,0.6814837950944894,0.9447623702261301,0.6517576450414404
5f323bb3-6ceb-41c2-a71e-d1c60239c143,-0.9374856361231294,0.15090951873887085,0.07109174049728494
73888,0.7322713787302098,0.9881950478350252,0.7418548156616176
4b0c0416-739f-4b09-b0f1-58a7a8073bb5,0.7098238154468144,0.8757865377478492,0.6076021720491569
42472,-0.3599052068046249,0.1611571873726154,0.13482423549585595
46638,0.5691225200898629,0.9241714284015887,0.608673906830523
67597,0.10994656628600397,0.1663356275020537,0.22927979422692196
1749,1.8273791980426226,0.9749605934585516,0.8470277222063447
ec6850e2-d04e-47c6-9b79-c93f94e89189,1.093051451799051,0.9034509247117786,0.687482137753644
44554,-0.3126714049274798,0.692265489874404,0.3023006573306659
52142,-0.37508988601090076,0.8849817648756845,0.3875392969419834
31861,-0.13623774622483642,0.9435653063758173,0.47242069162617895
46604,0.8479755760997087,0.5130420128411635,0.4753501000285796
65547,-0.0850668799217087,0.5392984471405334,0.28751071734781364
34884,-0.2774844893920859,0.8563915990783677,0.3863246641897685
5d39aee0-370d-42d3-98a7-8247b1302a2a,1.1233767498929603,0.8660648751363578,0.668905401543298
43955,1.4122610681380285,0.9834783206997768,0.8234495570162903
22299,0.023939183978952838,0.748161631185945,0.3941840525864533
2c97937e-b4a3-4fc7-b0fe-7a480316cc56,-0.9505847682195758,0.2564293081461345,0.0911689054015433
40490,-1.394763741770965,0.7131621748079512,0.22049156901971992
25882779-8c56-4c38-b0d7-f6da31a074f8,-1.3723201606906366,0.009374213867864535,0.018290940268648186
045dc700-dec9-4790-b724-3b841216333f,0.6231911383248292,0.9876008402724792,0.7170620177193484
54769,-0.22438962846587873,0.857078393928384,0.39675621606173195
65067,1.12178941255987,0.7514205173790391,0.6111746213203773
a54c1fc5-8f76-4808-9d19-3e6afc6c4bf4,0.45934186838417507,0.7434138275384173,0.4867104887110603
47553,0.2746071372890505,0.7614057161355948,0.4556301800514433
13000,-0.22755594561724102,0.4339339695106179,0.22084881394684197
2505,0.8970417731455296,0.985076128754451,0.7623606744784224
11684,-1.3311854174016027,0.12294975198089794,0.04579879965704487
9d257328-c6bd-42ce-9b76-32dbb22fcb7d,2.2312229966457293,0.9974385129070299,0.9764932837953701
67754,-1.4345123500796435,0.2750239136303691,0.07309231208916833
12810,-0.9436359139648409,0.3920103842061741,0.12432123463846814
6039a197-fe62-477f-9689-be5ea1eeb9ab,0.831186161831819,0.7017625716138153,0.5450128608173763
48270,2.3827828597763725,0.9969090583557022,0.97470705915976
bb4987eb-3edd-484a-8f02-6a3b331b5a20,0.1538756216207035,0.9929042245397803,0.6426121749071163
6306,0.9956325177096252,0.9254337718635335,0.6899828522434981
42919,-0.9245872772213184,0.6766502241008521,0.22742212060588737
58103,-0.2854708851454616,0.9411890108868167,0.442412117747928
64715,0.6006374098003132,0.6163657429846718,0.46756216061731926
91560425-2b96-45ff-9413-4a881f7f5cfd,0.6193361307609236,0.7783706648627249,0.5380823092312089
ea784d17-6a86-4c79-8b7a-29076a14ab04,0.7225203045144033,0.9866532054433867,0.7340668762503573
1701c1b5-8a67-4077-a9f7-b7475cf68b92,1.4363972219252927,0.9624448542577344,0.7842240640182909
d7a3a922-3423-42be-a309-b680d5ab35d2,-1.6680276428497776,0.05987139190122536,0.02479279794226922
10996,-0.3941686547768427,0.8665840411315949,0.3731780508716776
72335,1.618480034810975,0.9978491989063194,0.9365533009431266
65742,1.1063146158739827,0.9885431068378109,0.8035152900828808
30920,2.3408082446467904,0.9784100755484139,0.8813946841954845
67151,1.4306979775509898,0.9771034524782273,0.8088025150042869
9395,0.24883243844588843,0.8422554625515465,0.48913975421549016
70162,-0.4217636161642353,0.1821502495181581,0.12960845955987427
57534377-a27d-40da-850d-1112ad94b647,2.765829874737565,0.9921546435395888,0.93433838239497
463356c6-842e-4c70-b767-491a3b743c7d,0.47446174559339427,0.9181261805942806,0.5847384967133467
61750,-0.5267663274282828,0.6289560048587015,0.2470705915975993
73934,0.1650235910053931,0.8553070801318475,0.47856530437267786
35485,-0.0826565423838842,0.6722732278403887,0.3390968848242355
25af004a-ffdf-42a8-b468-3f11bb33df88,-0.3063780594428557,0.3329257948142716,0.17990854529865674
5383bf54-430b-4b06-858e-26a343312035,-1.6963105298526873,0.019175856488834943,0.014789939982852243
38018,1.4833161174552107,0.9962952775414204,0.9044012575021434
35449,1.5505707718765953,0.9885419747836843,0.8558159474135467
3c730e24-8e4a-4590-8673-728985547773,0.9358839062386699,0.796121082440179,0.6086024578450986
19676,-1.4764792624454939,0.04158892603803398,0.025007144898542444
51424,1.270413256005941,0.5423468768850387,0.5452272077736496
10035,-0.0895766039222039,0.42064523415403826,0.2447127750785939
68091,0.4126425116414565,0.9064743723829248,0.564089739925693
c2c46265-63f9-423a-8007-ccd3b64b05de,1.2926351878077362,0.9505725577773737,0.751929122606459
58403,0.012022855986831782,0.08051855504192498,0.18919691340382966
12428,-0.33894240634057016,0.8609470957336737,0.37846527579308376
34668,-0.043699672360804964,0.806241558708653,0.40918833952557876
70a2c806-34ab-416f-a280-d84cb84d0972,0.16279599316559773,0.3484993928864887,0.2811517576450414
7523168e-44ac-420a-85b8-e69ef47009ac,-1.36172723870104,0.6266453987999926,0.1886253215204344
20290,-0.5339058411673352,0.6455838086539549,0.2513575307230637
63602,1.5963489805414561,0.9968646436179126,0.9241926264647042
23968,1.6625725089684287,0.9941136327364785,0.9014718490997428
47614,-0.5196065400006502,0.9203232721243563,0.38982566447556444
17474,-0.09275278242182972,0.9412237684083901,0.4808516719062589
14338,-0.27433916272620895,0.09097621643305769,0.1329665618748214
58453,0.26272383109904607,0.8902783456711858,0.5193626750500143
905430ba-6183-4db6-aaa3-30b1d0d6d0aa,-0.7113758255075648,0.071358092182791,0.07116318948270935
34444e67-ddeb-436e-a87d-4d8602285d8d,0.43543138433730505,0.7370620956450591,0.4788511003143755
45367,1.0243157073014013,0.9701340700971546,0.7476421834809945
28401,0.47653217387708424,0.4318141430774716,0.3704629894255501
8343,0.8906737285762373,0.9308661904054074,0.6791226064589883
8097,0.3513677764305941,0.9288323989995154,0.566376107459274
39095,-0.20016153601508047,0.7081280777753777,0.3293798228065161
34694,0.31356391660546595,0.2908886128206225,0.29972849385538725
061f6d22-a48d-47e0-926a-3d2d39c04b5d,0.16967395781966288,0.7716975907263709,0.4371963418119463
50137,0.03365578772450145,0.7611522222160676,0.4025435838811089
17887,0.7845811698947289,0.5705528441429037,0.4871391826236068
63631,0.07561992390070305,0.812248500525796,0.43683909688482425
43656,0.5328641381658118,0.9135416061221665,0.5940268648185196
49305,0.07462102827985057,0.36829489632196105,0.2663618176621892
02bb0962-d2c1-41a8-bf1c-07b3d1d7014c,-0.9943973014568948,0.003824541555148061,0.030437267790797373
36100,-0.037802790015664334,0.6244131584469341,0.33166619034009714
7f54641c-8d91-4017-85a8-3c4d698259b2,-0.9769659051697759,0.508559403823524,0.15940268648185196
56080,0.24641890203016004,0.6721739124855118,0.4099028293798228
73656,-0.661562627484064,0.44859301128794765,0.163975421549014
15650,-0.31601652526812163,0.5062677608443448,0.22992283509574163
69545,0.8556933557793855,0.959715229820628,0.7039868533866819
34587,-1.6778683143977042,0.03513744433575306,0.01936267505001429
69398,0.17622082899286307,0.9213454577545553,0.5227207773649614
20935,-0.4096443400223264,0.49129768871906254,0.21063160903115175
64424,-0.3379653722177536,0.6702209454147142,0.2895112889396971
0862f8b6-5a5e-46fc-9199-4b06179723d5,1.6511341745496346,0.9873385999899517,0.8635324378393827
20526,-0.2465311790690704,0.4555411999365192,0.2254929979994284
27226,-0.506160089558146,0.3300819298569146,0.14925693055158618
6953,-0.2712138924892955,0.5503270892106255,0.25478708202343525
39913,0.9731766467178512,0.9073491126797261,0.6736924835667333
7444,1.262775836110014,0.9518643328173418,0.7497856530437268
49753,0.5554313240537444,0.8030484745370213,0.5370105744498428
8c634404-8139-4a8c-8565-8a69591cf2e4,1.2675985589283107,0.9648327980394871,0.7692197770791654
41372,0.42229169040987347,0.9586057746448587,0.614104029722778
7b8a7293-3ff9-49cf-b320-b8243c3138a5,-0.08703187905004295,0.8421152722846983,0.41661903400971706
25362,1.6668605205112994,0.9896021044139093,0.8735352957987996
37070,-0.16987057736474753,0.6595051484044618,0.3155187196341812
41155,0.26996982260638785,0.822185122520593,0.48370963132323525
64105,0.2807383945970546,0.7431117682909897,0.44805658759645617
27359,-0.3430556463699571,0.49404885231449985,0.22206344669905687
71884,0.8300426708042385,0.4837526876646143,0.4623463846813375
1d0964dc-480e-4e97-ae50-a22b7e02c2db,1.6767058977865519,0.9917204301947364,0.8861103172334953
0d7fe690-eb86-44a6-a3fe-18c5d3f61dc0,0.2094515122985377,0.23160735005006636,0.2654329808516719
58890,1.5532854504467986,0.9903187549222908,0.8646041726207487
53780,1.84734471881086,0.9985710684030356,0.9639897113460989
33165,0.34842200846043464,0.30186557461788294,0.31073163761074596
f66fea53-022b-4502-9cdc-a3c1d9599a17,0.23565208393979023,0.5122631204456255,0.3464561303229494
126,2.0121553108961443,0.9942354314180788,0.9316233209488425
5a6db7b9-d22e-42da-b9f6-5c01bbe88db5,1.6880605237690973,0.918526262934614,0.7678622463561018
73993,2.231095293883765,0.9987305708542417,0.9876393255215776
b2b38520-7394-4471-b9d1-74ed30d3edba,0.9468092547645435,0.9903342280859857,0.7899399828522435
8932,-0.0500050826765146,0.8855268463755052,0.4497713632466419
32915,0.01214469298730192,0.5145071685685437,0.29894255501571876
b84e6637-8972-4b5a-8cb4-e376e59752dc,2.473450837400361,0.9896891894862647,0.9181909116890541
3044,1.8383048917437754,0.9961969372515191,0.9398399542726493
5671,0.39306496500440735,0.979082077036222,0.6427550728779652
d8df3894-2462-4317-9a57-22e553a608ea,0.1364196052529601,0.798794271360454,0.44434124035438693
41867,2.0340631905143876,0.9911966439589948,0.9126893398113747
47341,1.054317524952293,0.9959812085722294,0.8493855387253502
11009,-1.5270679997830983,0.20311026585783806,0.057302086310374395
70867,0.47193359379792627,0.7756815837188565,0.5044298370963132
4445,0.524596676177548,0.47274009008244394,0.39639897113460987
52207,1.577167365558154,0.9846351763045891,0.8466704772792226
15646,-0.18949862483576851,0.7817357996647463,0.3661046013146613
30285,0.6050826453049629,0.7232721837868293,0.5094312660760217
6bb6baf8-9c73-4fd3-aee0-ed6c19134b57,1.357782722822809,0.9654471905077483,0.7802943698199486
19572,1.754216442178729,0.994847259111923,0.9176907687910831
29529,0.8252179279261431,0.9959848367750692,0.8125893112317806
17183,1.0565532439104597,0.9846266057033903,0.7850814518433837
22579,-0.5326239427583243,0.13710086082218398,0.104458416690483
66938,-0.1604324546201058,0.8591442903150425,0.40983138039439837
47118,1.988644887148922,0.9945005294817708,0.9323378108030866
47081,-0.3427698151071217,0.40928040992084896,0.1935553015147185
53094,0.23608799902963842,0.5474476103288705,0.35995998856816236
39979,1.2821404314539968,0.9722606814423672,0.7837239211203201
38635,0.1243857395718998,0.8249444419579011,0.45248642469276934
24486,-1.4631457388056504,0.14683903625637598,0.04687053443841097
d11a9770-ab59-47ea-a80f-45f2e1c23c95,-0.11890763869455845,0.4674938880635344,0.2539296941983424
480c5201-8edb-4778-92d7-06d6f3a0b53d,-1.5751419011255152,0.014946135582297664,0.015718776793369534
0ff2513b-0b19-4d74-b97a-e43dd1065d95,0.18269638403717836,0.018841272857437207,0.21477565018576739
8907,1.4800257256944904,0.8893306195187642,0.7244927122034868
7a5a7afc-3655-4624-aac8-275d077dacaa,0.8861165125652469,0.9437296425316556,0.6898399542726493
25245,-0.2865338249458629,0.29559531940961636,0.17369248356673336
15a51966-3bb5-4b28-8085-429591c9346a,-0.1860856241157366,0.34100194016947005,0.20448699628465275
67817,1.4563328157840463,0.9976158259775572,0.9157616461846242
47527,0.5171189448727513,0.49113055515815596,0.40132895112889394
33920,1.071690015821953,0.9827552117600891,0.7815090025721635
72184,-0.5052927404838846,0.3046261804052523,0.14361246070305803
48204,-0.07316461951562014,0.5750160145058136,0.30422977993712486
73690,1.333405616458014,0.9961510511754212,0.8852529294084024
45591,1.069098062148371,0.995986467748188,0.8511717633609603
57160,-0.8686385125410172,0.9069080065470002,0.3464561303229494
98dc5faa-f0ec-41bc-adfb-da8e5e37259b,0.2956419165310484,0.9876468961585152,0.646756216061732
26041,0.4332272152123706,0.8320050713590688,0.5239354101171763
59c188e5-14ea-4b25-a1a2-67ca3070ef9e,-0.0881770767357074,0.558159075993537,0.2945841669048299
42a873cb-d896-4fbe-b388-e8d0900e8661,0.45998969362312797,0.8960035893619894,0.5655187196341812
14339,2.2739378845927325,0.9907277174933528,0.919762789368391
57486,-0.04811721307597394,0.9693109923718904,0.5280794512717919
48825,0.461401367825657,0.923121788243023,0.5853100885967419
28049,0.6280262776048682,0.7440799046598806,0.5235067162046299
8889,0.10480480504050077,0.9303421100714183,0.5135753072306374
52378,-0.07883094739111773,0.3662532212687739,0.23263789654186912
12911,1.8205815350415835,0.9801287444742728,0.8578879679908545
2841,1.4836998541495996,0.9931374047688843,0.8738925407259217
9da00551-9a60-4df4-a0e4-761562a20b83,1.2977110311485116,0.908524757096076,0.7167047727922264
47031,-0.1333880024946451,0.7958630159327059,0.38332380680194345
69139,-0.9965068721662271,0.22442112341303927,0.0819519862817948
55444,0.04413979212447089,0.8169034232082409,0.4321234638468133
49171,0.9650921109618799,0.9671181691702327,0.7328522434981424
14960,-0.09965315400034902,0.6405461473122609,0.32402114889968564
2089,-0.7003705676193515,0.06797151211307935,0.0717347813661046
52e3fc2f-0ad4-4db4-be4e-cc6a5319d91e,-0.8742427888365325,0.08671975537764337,0.06037439268362389
1b004189-1a10-4f82-b341-02438f4cdc91,1.3368811344861031,0.9688684052326233,0.7835095741640469
12155,-0.22216686685665654,0.23687847710712145,0.17497856530437267
89a1e050-f19b-4c36-ad36-cacd7b11b432,-0.5285031133538598,0.9774943402748185,0.4587024864246928
41533,-0.20952150781014733,0.7999802980640003,0.3719634181194627
47357,0.3655057986566298,0.4391662892849717,0.3503858245212918
c6feee0a-c989-4c27-8b10-b800fbc8912e,1.1218422781431323,0.46795490013886704,0.5010717347813661
70938,0.528284495627434,0.7224389509769298,0.4924264075450129
af3f8ac3-92b8-435c-af96-895d93d8bcde,-0.4897518739632738,0.017601379210947045,0.0840240068591026
70818,1.8450286323555907,0.972893392046368,0.8445270077164905
42600,0.9034386376548366,0.7584255421388328,0.5838811088882537
50064,-0.39207582973664734,0.6373849761403022,0.26871963418119466
23330,-0.054431643630308835,0.931076459926567,0.4807802229208345
35991,0.6624599808123256,0.8738250937264818,0.5970277222063447
48a4450b-9958-4f70-99e4-48abfedca77f,0.2248116215085849,0.4439379910940199,0.3207344955701629
cb27c89b-3578-4472-a647-a171387bc0f8,-1.2382027638787139,0.012495612525154359,0.02479279794226922
ebc5b675-582b-44a7-80fc-153a0b4921b5,0.741216894928045,0.923405684088596,0.6451128893969706
42808,1.820686037853611,0.9902798470655639,0.890968848242355
15550,-0.3193654943782195,0.5521362545655539,0.2470705915975993
e7a6287e-d6e2-4ad8-a49d-b0eedc2d3053,0.6347681748865104,0.9411482997739548,0.6386110317233495
39375,0.016926752490466546,0.6123381817835502,0.3382394969991426
610515e3-6451-4374-bf8d-b857abb289d3,-1.333543625789876,0.014504511923085422,0.022077736496141753
7290f78c-62fa-489b-a9df-da920942536e,1.5682488102049363,0.9888600510429034,0.859531294655616
23030,-0.3668477954859528,0.3309329747112189,0.17076307516433267
66221,-1.2816413175752297,0.4166318720092919,0.11410402972277793
55626,0.15046506377867952,0.5102023096855022,0.3277364961417548
73538,1.4138438879872268,0.9961565875880762,0.8942555015718777
24886,-0.17834259073537295,0.7039820960260734,0.3313803943983995
21450,0.02765810721357531,0.9205869591610613,0.48949699914261213
3867,0.851531243445112,0.9780368940385205,0.7351386110317233
25001,0.5307914568950023,0.9534603944638452,0.6296084595598743
8649,1.8304541830388041,0.9836996789801173,0.8685338668190912
0da3bad0-b0da-40f9-b25c-f33d4ee2938b,-0.9611206144935962,0.23014088358041176,0.08595312946556159
68362,0.2558853784269166,0.7944892968805478,0.467347813661046
4421,0.1468091217407666,0.41746738150585017,0.2953701057444984
17621,0.6341323117399278,0.7999121443529433,0.5528722492140612
2bf1ad3f-aab0-4d63-80c8-1dbb762282e2,-0.1786970373750716,0.11866999941975247,0.157473563875393
33894,1.0024555097054593,0.9688681416847927,0.741926264647042
40171,0.37762183149976325,0.2954368106196237,0.31523292369248357
38477,1.9909800984822335,0.9947188355889283,0.9347670763075164
2baa3729-985c-4dd3-aae2-97f9b4512ddd,-0.9580524399242043,0.18047830403791607,0.07530723063732495
50203,-1.5660455701639056,0.7035319739813436,0.21148899685624464
3776,-0.19856585758862977,0.513193069010173,0.25421549014003997
46825,0.7250062076644763,0.898144596664558,0.6231780508716775
12cfae69-c0dd-49b3-ac94-aef781962c6a,-0.4509580184742177,0.39555290248610486,0.17354958559588454
53327,0.007864947573794023,0.5864426140813606,0.3267362103458131
62194,1.216986936637499,0.9807715208413422,0.7937267790797371
56480,-0.19405933941563813,0.48079763052235064,0.24499857102029152
78f0d5bf-5d64-4aa1-be29-bdb3def166d7,0.5572600796350896,0.5064214029441356,0.4139039725635896
70130,1.9506968863615484,0.992293664995666,0.9124749928551015
18396,0.4653075988700877,0.5857264544201091,0.4264075450128608
67653,0.5749207469054411,0.5622210497523458,0.43991140325807376
37099,-0.2801628904131698,0.09357873557918434,0.13225207202057732
d38e5b31-d70d-4629-9170-96f0c59355fd,-0.9438601139775711,0.05821410699262403,0.05130037153472421
2712fdfa-4930-436e-a36b-ffac1596d986,0.7531511870041138,0.7694050326117564,0.5615175764504144
22225,-0.014706704146060345,0.2921348003099523,0.22792226350385825
54821,0.03230040223619829,0.9096052102732046,0.4824949985710203
45509,-0.30053959911620887,0.46276574864698156,0.2182766504715633
499,0.1467123240414523,0.8935922304334407,0.496141754787082
2704,1.7178370294739096,0.994912907416508,0.9148328093741069
17274ca9-8875-497b-9b25-2f76296a235f,-0.388820320332389,0.3449162153257314,0.16933409545584452
18816,0.44721974759913224,0.9086822401646081,0.5722349242640754
c80f35f4-fbdd-4646-801e-c43e90bfc793,0.5606202091662636,0.30374856168834496,0.35653043726779077
18573,-0.5874986745193558,0.6763023656488375,0.25671620462989425
10158,0.5979518552758782,0.36829202812863915,0.3799657044869963
79,-0.7416163348930165,0.5962560643913469,0.2103458130894541
45910,-0.652566555381398,0.7994727248483878,0.30587310660188627
6169,-0.00819339950879211,0.6955862754902624,0.36331809088310946
37494,0.40608017576417743,0.9093509289395626,0.5649471277507859
48261,0.6947671343462453,0.9763620548563234,0.7009145470134324
37413,-0.6160360732843841,0.38221416829889965,0.149399828522435
8766,0.1975841836932007,0.7509389520573073,0.43376679051157474
59511,-0.12038158767952534,0.5365399827104769,0.27793655330094313
61293,-0.39954807546181725,0.5263200300195413,0.22384967133466704
25292,0.18737831179812464,0.9937181369178651,0.6557587882252072
42177,0.5914229740106105,0.937074179728378,0.6261789082595026
79f99fa7-e42a-4f5a-a996-2dc60b7e9bd6,1.6229671645410872,0.9972891203483996,0.9307659331237497
35103,0.7982792295858089,0.5742031111034795,0.49092597885110034
18398,0.11880628612823485,0.9181556790181106,0.5072877965132895
34402,0.2396475207151281,0.31192325643237123,0.28936839096884825
67618,0.2871621347123804,0.9655694832734404,0.5946699056873392
31f362c6-0f33-47b4-9f83-4d79d413c7fd,-1.0130422148170348,0.09223971903260617,0.05172906544727065
35056,-0.772195443160083,0.2718391332482499,0.10688768219491283
25252,0.3151466376422636,0.9114418342583238,0.5460845955987426
53866,0.5448363817010244,0.9630528583144135,0.6466133180908831
15711,-0.9449144732060522,0.43539419676060764,0.1361103172334953
25258,0.5449006952733976,0.9547468324679049,0.6338953986853386
8779,0.0320571833937453,0.7432932813146288,0.393612460703058
53028,2.0639714581148114,0.9923406859265248,0.920977422120606
52396,0.48461857317859613,0.8363478409242802,0.5370105744498428
61349,0.33739019118155844,0.7618501074998568,0.4702772220634467
16160,0.3065313199508536,0.9706652810949644,0.6071734781366105
39234,1.7197851595108566,0.9878584411669863,0.8715347242069162
e66b1297-2ba1-4516-b0f3-a40a25e8052d,0.7503922173060521,0.818332865686936,0.5852386396113175
65843,0.07263391884793036,0.5678636688148456,0.3334524149757073
6929,0.39939115129638536,0.9707296305271034,0.6288939697056302
768c350f-d9ad-4886-9395-252d0e28a93f,0.6996836989422341,0.7603328503728312,0.5462274935695913
41369,0.8718011443649658,0.8034347156791849,0.6008859674192626
45956,0.09426091056417563,0.9045948048321993,0.49214061160331524
33933,-0.8454538137280336,0.20403181406310775,0.08916833380965991
33634,-0.45564903778690025,0.19701642765713012,0.1281794798513861
29415,0.2566291974942678,0.6146976173668273,0.3911831951986282
52240,0.3747135921692735,0.3957082223152862,0.339882823663904
69b64e65-5796-46c2-9f3f-257f4eab6379,0.19050498680803768,0.4758234281225427,0.3247356387539297
bf50dc8c-4a53-4ac9-8646-87f8cb4ed2d2,-0.5324527824399047,0.05374711029405588,0.08795370105744499
26809,-0.4942933009166601,0.5726871567540436,0.22877965132895114
2329206a-b501-4d3a-b89c-f652d2541f83,0.07356907970170157,0.6662158434878017,0.3708202343526722
38907,1.2721818963285343,0.9723064299064916,0.7820805944555587
3c442476-2be9-43fc-ab63-9863ac24ccbf,-0.9194097994370221,0.006310381051516567,0.03822520720205773
0bb88e28-bbdf-4442-b1c7-4b027bbd6c58,-0.12216128903620105,0.359931082254169,0.2204201200342955
41877,0.223326279721776,0.6701604395786152,0.40447270648756783
57889,-0.544744583026392,0.6645841188854161,0.25657330665904543
42507,-0.2701335044974188,0.5790877625339774,0.266147470705916
33589,1.3339577722123825,0.9893373024287758,0.834095455844527
f444942b-d99c-4cda-b8d9-3fd36ace93fc,-0.9906297572239426,0.22005529937273388,0.08138039439839954
ce08b665-ed29-4f92-94f8-823e21ec42c7,0.8890341535623947,0.9537185053726772,0.7017004858531009
61240,1.523450569564546,0.9899390088806237,0.8588168048013718
67081,0.3982134172851812,0.5004840090730498,0.37925121463275224
43318,1.019606852151696,0.9663192852819915,0.7402114889968563
15507,1.4440560384027208,0.9107916826046936,0.7345670191483281
12396,-0.33857995877442315,0.29613401852937377,0.1657616461846242
38739,0.9369130353573654,0.9259523239574354,0.6825521577593598
59b7b893-b795-44cf-8ed1-b60b999bfcff,0.7693171423273748,0.7982816714450943,0.5800943126607603
c834280d-132e-40fd-b87a-a876155ca0b4,1.0496590204253036,0.9585271705691538,0.7330665904544156
6dc19c50-d15f-4c0a-9247-1b9295eaac24,-1.7582988506026356,0.024286078122408628,0.015933123749642755
6182,1.2265470803406087,0.9925702125018859,0.8398113746784795
42779,0.5216253630723982,0.9636797942592897,0.6434695627322091
67693,1.0970945937309597,0.8487197585704087,0.655901686196056
52622,1.1206403558241065,0.9961458478949138,0.8591026007430694
48409,-0.6216663582648114,0.7269193942374906,0.27407830808802514
bfec81c9-f1e6-443b-9a7e-ac554ccc6cc1,1.0973204199719713,0.9506929182937343,0.7284224064018291
22142,1.3264087577014059,0.9956354186256771,0.8788939697056302
57296,-0.005668345439234057,0.9409854974861517,0.49849957130608746
59345,0.45762947454004377,0.5238016545447489,0.3993283795370106
59304,-0.19125986538151074,0.44668411078065673,0.23313803943983996
e8b8ab3c-3de2-4869-b282-78becd94763d,1.2200669122367855,0.9961037461950515,0.871320377250643
cc3a08a1-e5ec-4019-bc20-43eafe85f9e0,0.9002691118311248,0.9855750092826873,0.7645041440411546
17830,0.4853321060708351,0.9581768214923918,0.6261789082595027
0e4f084d-0d6d-4528-8224-5e4c55450f68,1.055867245529035,0.61942039436929,0.5503715347242069
8b649935-1d2c-45c1-a8ff-09c3c97ab74a,0.5710034449233502,0.989826971937908,0.7145613032294942
30110,0.025305710479053167,0.39182028740305747,0.26200342955130035
65579,0.2344177472322,0.164709589054698,0.2558588168048014
11094,2.507197664345293,0.9984486646358363,0.991211774792798
6dbc242a-acd8-4040-9651-f2aef0739904,-0.026671053418834134,0.6840167732308725,0.3556016004572735
d94b8690-f48f-4680-bf3f-a2c2385a6a4b,-1.4281754029789144,0.12362689868552681,0.04222635038582452
38267,0.2826932250581964,0.8984251112517768,0.5296513289511289
02c967ef-8b11-4297-a5cd-c84bd5a2f4de,0.8837125802088486,0.9608818523880195,0.7107030580165761
38555,0.3918546927259886,0.7983712662483959,0.5002857959416976
42832,1.2319095510164773,0.9053745171020523,0.7065590168619607
19182,-1.8009252380035499,0.0413213488811901,0.019076879108316663
69159,0.1462794785376289,0.47970649694677253,0.31701914832809375
2944480b-677a-4b93-9cd7-5eaf9682f3ef,0.46002424338212,0.804107589584843,0.5175050014289797
28616,2.0278266639962843,0.9975280507961557,0.9690625893112318
47062,-0.21718998801404177,0.18591501324872234,0.16504715633038008
35340,-0.7544867728868341,0.6227977778218802,0.22027722206344671
71706,1.9529809859686933,0.9941084229350342,0.9258359531294655
48660,0.38901902260574367,0.884461046792606,0.5448699628465276
40987,1.983283545607588,0.9944548268705139,0.9311231780508717
59779,-0.014324102905744707,0.5112822590222467,0.29115461560445843
83a403f1-6b03-425a-aa83-4eae6ac101eb,0.11929907834198761,0.3241768066254641,0.2656473278079451
66428,-0.8899998984628379,0.7888159862618934,0.2799371248928265
34229,0.69067543588369,0.8594857879691908,0.594455558731066
26158,0.7166817097443636,0.7990460999969566,0.5685910260074307
1bc1b550-9e28-46e6-842c-6c97c0f1b72b,1.0017538902285832,0.937914776854735,0.7025578736781937
70872,0.1384666179646616,0.5462304483230938,0.3382394969991426
42076,0.6881003150091491,0.5502957749128217,0.45920262932266365
d8398a00-4196-45d6-a322-82e61f0db745,0.22082544427085943,0.9578767087939261,0.568662474992855
271,0.03709028536709574,0.20603068775576178,0.22277793655330094
69771,1.58747037003271,0.9936152822282415,0.889039725635896
7671,0.36136038459796416,0.6498714255773042,0.42747927979422695
2712,-0.4136249241245423,0.2277675157489932,0.1402543583881109
78e618c7-ab58-4b1b-9bd9-2685c31ba94d,-0.388981029616868,0.12250772022861055,0.12117747927979422
22452,-0.3984233245345026,0.8145237369844133,0.3451700485853101
405f9625-d8de-41cb-8029-c187077d3732,-0.6069763369389602,0.2588309815438052,0.12146327522149186
95ed7480-4f95-4d4c-b7bd-dabeb53789de,1.8769083148485697,0.9478716679340768,0.8103029436981994
49469,1.6605923750841032,0.9919263976687441,0.8854672763646756
52444,0.9197324220223573,0.9977132679214135,0.8496713346670477
67632,0.7957512509073544,0.9389741735258683,0.6694769934266933
9186,1.5441154361540392,0.933576792284996,0.7638611031723349
57066,-0.12252957070986925,0.7384965953193259,0.35688768219491285
31752,1.573373855405666,0.9970515235299071,0.9224778508145184
10067,0.10594751341210912,0.5138732810329713,0.31930551586167477
72612,-0.1463887041235611,0.8522562051455573,0.40811660474421263
43212,0.48001243635758,0.5320344572174419,0.40690197199199774
8c13e0f8-15d2-4ecb-8acb-705b635cb823,0.29767900236357564,0.33715291281659027,0.30765933123749645
36789,-0.13664964331579932,0.7929349500672837,0.38068019434124034
64340,0.3060256402461765,0.5407843293566832,0.3729637039154044
60515,0.7688654946207765,0.6132785029155655,0.5008573878250928
b4bbd1fd-cbf2-4484-bcfa-4f14bfbb3e12,-1.2729917132879536,0.07279270024012022,0.037510717347813666
51445,1.4534666693888427,0.9958963637987831,0.8956844812803658
60435,-0.08418704793280574,0.9849081313862127,0.5551586167476421
85a7156c-9eb8-46f6-9245-27b5cf0e3696,-1.0580900013353767,0.004239805424394692,0.0276507573592455
69926,1.8822023000062986,0.9965534101087571,0.9474135467276366
67292,-1.5209411508673834,0.03412546609748173,0.02164904258359531
a1c021db-5fd3-4124-8a7a-1c4ed8f66925,1.2873051732229592,0.969867709852427,0.7799371248928265
52666,0.42845931474523447,0.36695815284341804,0.34309802800800226
68468,1.428995328466891,0.9421564674830718,0.7575735924549871
58567,0.44566801203555806,0.538601812643687,0.4023292369248357
508a2cd2-2289-4584-90b4-ad6bf405ca30,-0.14506433144626618,0.18321094813429284,0.17790797370677336
3855,0.23602902602142695,0.4938549605188944,0.3406687625035725
65848,0.830049947985728,0.4664459407465573,0.4567019148328094
41410,1.167471569362073,0.9967620303175795,0.8725350100028579
58240,-0.345598884626377,0.28873624161330086,0.16261789082595027
34827,1.7946180070770572,0.9940922197698044,0.9129751357530723
32683,-0.8839982687972847,0.11550466803470846,0.06594741354672763
1274,0.02708941474558152,0.807846346229466,0.42497856530437267
46467,-0.5912116761171384,0.2826382380755224,0.1281080308659617
53188,0.29227552874039986,0.7089334067977774,0.43626750500142897
57232,0.9641670851019534,0.9760440112164721,0.7485710202915119
8739,-0.055715228038780484,0.803217851518289,0.40533009431266076
b3071e8e-35ef-48bd-9336-a0075a03856b,-0.48281125143903225,0.009748025451003632,0.08173763932552158
58078,0.12044105593148341,0.36509496469494696,0.27515004286939126
60789,-0.1360779451668509,0.8705682459674886,0.4204058302372106
66889,1.845013151613618,0.9990382961399757,0.9657759359817091
37694,-0.047815123633512924,0.8120866893106252,0.4102600743069449
546effab-2f5e-41d3-b858-0d8ae7ceda96,0.399757508473628,0.5880526328771883,0.41426121749071165
12528179-904d-4b1b-a6a3-95a207d55b8e,-2.3385041741975243,0.08416780674487151,0.0225064304086882
32049,1.2328013102646826,0.9945913683988998,0.8570305801657616
d102bfb9-8607-43a1-b9db-8ca5d2ac9a30,1.5717967646816136,0.9879237477487599,0.8561017433552442
312cde83-5318-4e80-9846-6639260ced0e,0.11641586450727026,0.27279836250040235,0.25242926550442985
43794,-0.36568929572446796,0.6131852700781288,0.2646470420120034
87e1eb81-7e64-4626-9675-1425079809b9,0.6710716915840793,0.2990784330170577,0.3791083166619034
48136,1.1215806115886635,0.8215309362392105,0.6442555015718777
70673,1.004500380483964,0.984234387972388,0.7764361246070306
69931,-0.2646401939481251,0.5393806123440619,0.2520005715918834
58742,1.5587340961275764,0.8730552882318061,0.7248499571306087
65986,1.418776662459703,0.9926587601340149,0.8620320091454701
893,-0.8254142432164213,0.472548240637958,0.1577593598170906
730,1.5779349050843334,0.9877033468531898,0.856387539296942
10583,-0.16379439670759322,0.829316292858947,0.39254072592169187
dbaabaea-6e9c-487c-ad05-090c246477c6,-0.904488326707916,0.1998965312052504,0.08388110888825379
14134,1.0672880448651614,0.9909755066462246,0.8103029436981994
11893,0.6137239133900235,0.9266480449191097,0.6210345813089454
45787,1.4098017355641954,0.9974086319467912,0.9072592169191198
74737,-1.1406383546890795,0.3597693360002148,0.10431551871963418
35156,1.6726811192625906,0.9965981829762791,0.9293369534152616
28667,1.2949660252888973,0.9953682065652661,0.8731780508716775
33593,-0.9484655235577415,0.555475113598984,0.17926550442983707
6177,0.5293726952967437,0.9369390813624967,0.6126036010288654
64877,0.17227125475745397,0.2998930156074072,0.2720062875107173
7203cbe9-fe8f-454e-b41d-ba8a21fe805d,1.8567795462443681,0.9926696858894223,0.9079022577879394
53807,2.385261699554131,0.9949104953268549,0.9528436696198914
15526,-0.8885848713448927,0.2761184031176553,0.0995284366961989
2983bd7c-023d-4eee-8ebf-14840f34d060,0.3580260488215542,0.8580021767353833,0.5225064304086882
36982,0.7921227732415632,0.9964290230972354,0.8126607602172049
161bc8ce-c92c-4885-8523-cb0469d6ae77,-0.7382820849244802,0.4555256331291015,0.1587596456130323
47541,1.1592426189128755,0.9810031471066027,0.787725064304087
38498,-1.5366832883651946,0.26467851319356567,0.06894827093455273
2bba030a-6f11-4d23-9d45-71d3a362ccab,-0.8770033270020958,0.03980155054201068,0.05215775935981709
9b041919-3a67-4a22-85fa-05b1e186119c,1.5048035205119659,0.9622962662170575,0.7925835953129465
4847,0.7030247032171051,0.4187400917676467,0.41561874821377537
56318,1.4556477051270924,0.9896058756170413,0.8493855387253502
19826,0.07133616722412695,0.6479811989369954,0.36331809088310946
14783,-0.20759349364711943,0.5470001418403265,0.2653615318662475
43611,0.7402683164754589,0.67445282392347,0.5174335524435553
21294,0.3440227346443185,0.5855561678940169,0.4007573592454987
4436,1.6254317991487524,0.9955373595133722,0.9122606458988283
54302,0.8355841698740196,0.961121858161375,0.7027722206344671
4254,0.9377478241654729,0.9546818689482446,0.7113460988853958
e5ce0828-acc9-4bfd-a075-831117a19f30,2.2857947480329273,0.982488844702809,0.8911831951986282
31645,-0.5335770894469896,0.5361156580012761,0.2091311803372392
39063,0.3795838176115887,0.7028072014289639,0.45184338382394973
23311,1.5810168440403738,0.9970891002302144,0.9240497284938554
32300,0.9160718716587886,0.969315056334479,0.7301371820520148
21680,1.5286832865709847,0.9476507134175091,0.77529294084024
15469,0.3687579507330966,0.918480674131367,0.5627322092026293
29636,-0.6909751508432642,0.9433700944934936,0.3904687053443841
31629,-0.3229649099034596,0.8394247316258245,0.3694627036296085
a49907a1-ad89-4c30-8b28-540be41af376,1.2513190799183893,0.9934075129875549,0.848313803943984
37288,0.4892846761227617,0.8006522984656873,0.5218633895398685
45782,-1.4156466650280932,0.194420679990917,0.0584452700771649
22054,0.021736737770540415,0.541353549733194,0.311088882537868
b75821dc-bd44-4418-8bff-749ffb595f9d,0.5737269088139312,0.9636467883301243,0.653972563589597
28554,0.6837668019993908,0.9441313152951794,0.6516861960560161
27713,0.3447324101017739,0.4947567543079259,0.3653901114604172
35153,1.0301809101631776,0.8274378555399956,0.6355387253501
35592,-1.0192655799049468,0.07905218543784531,0.04901400400114318
73a74d60-e436-4adb-9ba2-9e0403ed7b3a,-0.6153533931060926,0.3869234601522405,0.15097170620177194
13542,-0.2700837706183815,0.8140284298645215,0.3661046013146613
35805,0.6680411110386606,0.9773782537277853,0.6979851386110316
40661,0.6445631425892691,0.980606995772947,0.7006287510717348
69579,0.3221724736051932,0.7982135775468479,0.48506716204629896
32,1.5670070628877035,0.9967249186214187,0.9186910545870248
fd37367d-5f8d-4d4c-acaa-d7eb0c414e0e,-2.053520189567835,0.022823842225464398,0.012646470420120034
24184,-0.10198398089716165,0.1881882577659453,0.18862532152043443
36327,0.8852477391435587,0.991160218241943,0.7838668190911688
58927,1.2558221924463768,0.9935633941260649,0.8501000285795941
54272,-0.46267544400922467,0.5687422994906631,0.23235210060017147
c5f060c1-042c-47f7-9a47-f44bd608b32b,0.3839595035397543,0.9594068742826474,0.6069591311803373
40631,0.22872355381092296,0.46884449647993615,0.33102314947127753
28132f1c-dd0a-4a27-a4d4-0d7828411b45,2.3433469107387923,0.9963262110123406,0.9674907116318948
18236,2.005746852698731,0.9986195310319597,0.9761360388682481
b57005f3-812a-43d0-9210-f6f14112759b,1.9566929279887326,0.9843415135711839,0.8801800514432695
19687,1.8172177560658946,0.9954461649835415,0.9294798513861102
71940ec2-075e-42e9-a73f-980ccafc6fc9,0.690131501659855,0.9874388465839915,0.7307087739354101
39623,0.5188793113923021,0.9572679766357824,0.6328951128893969
26521c11-7086-4ba2-b6ec-579e7b11ceac,-0.8817679012671871,0.21424711594736875,0.08759645613032295
60793,-0.6328504288785157,0.4613670100442051,0.1711917690768791
26851,1.249790754073739,0.9977679594101501,0.8933266647613604
d215794f-6bf3-4e24-b348-53e2932104e1,1.3624855347612708,0.720219798087606,0.6256787653615319
47048,1.7231366682192661,0.9962109274504877,0.9294084024006859
11766,0.7378311057494296,0.9040443270702853,0.6308230923120892
f6a4167a-8896-4014-ba83-8b09ab51f06a,-0.43362631685863706,0.5854641583168722,0.24285510145755929
10482,-0.2936617754216586,0.6268688419593395,0.2805801657616462
8610,0.6309016103072806,0.6986774291083699,0.5036438982566447
e6f52b99-fbe5-47ea-b40e-3bc0f92f983a,0.1382448443986553,0.7439962167101389,0.4173335238639611
65486,-0.47896556085758546,0.04673539742199856,0.09374106887682195
1164c53b-a70a-43df-ba8a-8d5492bb1043,0.2552124208030929,0.980793730713685,0.616747642183481
58148,1.4366997325675348,0.9947827066608291,0.881680480137182
1724,1.5562214723086332,0.996740079602232,0.9179051157473563
13202,0.35514598813455667,0.9058275821787539,0.5505144326950557
4767,1.4415558794267245,0.9871940829614616,0.8380965990282938
51a2e6c2-ccfe-4d89-92dd-77c0702a3545,0.27130784956548615,0.29507627836542444,0.29151186053158046
082d6786-eae6-4859-a1f0-0b3d38893393,-1.3646981901302913,0.019190727691682587,0.022792226350385823
28e73ba3-f316-4203-aede-6bf77ce4d6c5,-0.9705248334780001,0.02610426654774003,0.04236924835667334
3a74d4b5-5eea-4da6-8c6a-66b96b891442,1.0779074894660199,0.9856977052177519,0.791083166619034
19752,0.6761631639153418,0.5486000231318808,0.45555873106601885
476d88cd-7a99-4edf-9a8c-c0bb78f22c11,0.8092505542316901,0.9841420939243648,0.7437839382680766
15000,-0.37800659908354584,0.7459399639448802,0.31523292369248357
35379,1.3621018525793145,0.9846233512716761,0.8213060874535582
59772,1.795202354019922,0.9908075302118227,0.8914689911403259
586,1.7486397570399903,0.9480321622970425,0.7992283509574164
15546,0.313117002480427,0.818370539398766,0.49142612174907113
5829,-0.4430708990216792,0.6260492974234607,0.25664475564446987
11881,-0.4599025519491823,0.6781609246502693,0.27386396113175193
43038,-0.1648057830012708,0.6507648540148723,0.31351814804229783
f83c1179-8dc6-4db6-aab0-8a89a0136a30,1.1448565192958386,0.8301736219510232,0.6516861960560161
4466,0.30819011790226514,0.9530754729617565,0.5808802515004287
42904,2.000925949100482,0.9980671256347399,0.972420691626179
ea45e942-f515-42ce-a2b9-d48e3f0c46ee,0.9855168427943156,0.7568227859322902,0.594812803658188
bce81e26-7027-4d11-ad27-745774c67af8,0.7240991156113508,0.6860032023547801,0.518076593312375
62227,1.40465640356897,0.996418592609532,0.895898828236639
21872,2.7247576635889477,0.98633843642817,0.9084738496713347
57454,-0.08692896145050288,0.9804460977380243,0.5421549014004001
24684,-0.9461754500617121,0.11611954186272522,0.06180337239211203
13567,1.7902235897209706,0.9982912155490219,0.9571306087453558
34046642-49c7-4032-998d-4787f9a0d822,-0.6821810501509222,0.9620950364317327,0.41526150328665334
19598,-0.17125690086545864,0.946555895319979,0.469276936267505
60669,0.7917555377510745,0.9931504587478873,0.7805801657616462
99301a2d-428b-4b28-a5bf-c3c0c78942a4,-1.0770105506810903,0.16770958791480736,0.06559016861960561
56800,0.4890737910759916,0.58391909225842,0.4299799942840812
0d60a503-b4df-4464-8acf-09af19a73b16,0.39837438534405833,0.7126216947000932,0.46120320091454703
2b474a7d-2aae-455d-aaba-aab774e82317,0.7390485438495935,0.9886311102824797,0.745427264932838
40692,0.4088003082860973,0.7315178301838723,0.4717062017719349
57931,0.7635824601815819,0.9038404075646191,0.6353243783938268
38007,-0.28324178838450853,0.7133216297182092,0.3159474135467276
74663,1.5364774611255343,0.9954960001766587,0.9014718490997428
649,1.3799234537096696,0.9792376541761334,0.8083738210917405
54397,-0.9402955147906185,0.44258860564476127,0.1393255215775936
0f6f58e4-c90c-4ca5-956b-2027025e3966,0.47266255180173733,0.9341887460267158,0.5973135181480422
f39a5031-a38c-4e74-b427-dfe6a17fabac,-0.3703656533148407,0.15195684924284641,0.13168048013718206
14551,0.3337417149213963,0.5758933815662857,0.39425550157187766
38168,1.6257676247952413,0.9874618706345317,0.860603029436982
26226,-0.4503013739505868,0.6194485103815106,0.25421549014004
67334,-0.4700844888526634,0.5202246197678688,0.21141754787082023
27747,0.03703554063251957,0.8964694534608016,0.47399256930551587
34555,1.1176588945083543,0.5468894354979682,0.527579308373821
52209,0.08777252344628539,0.5638403248210985,0.33531008859674194
24810,-0.6856838258580442,0.03712865284219712,0.06744784224064018
21684,1.0750556390474637,0.4557232954665408,0.49092597885110034
61958,-0.36777127427267353,0.9351279553578071,0.424335524435553
5631,1.518784110426417,0.974660051712635,0.8143755358673906
64058,-0.2981280283022758,0.6187157809785536,0.27729351243212347
5849,1.6084916597463794,0.9960904140652305,0.9157616461846242
57172,-0.7797105002810216,0.4486601550660955,0.1526150328665333
16648,0.08964374611322096,0.7089667645801127,0.392040583023721
4f786de5-c2e0-4ad1-99d1-252552c3e6bc,0.36237584206585927,0.577645636873726,0.40025721634752787
6001,0.9075272141592807,0.9699845170791717,0.7301371820520148
44619,0.5902591378308786,0.8647173350661149,0.5760931694769934
013468fb-58cc-4774-b976-fc140a73c4b3,0.8448673109189184,0.9691482078341813,0.716990568733924
f246568f-fe9a-4536-98a5-dbce0cdbcf8d,-0.9657983363346976,0.14336938476078848,0.06751929122606459
73458,0.000826786650918454,0.31362122648099816,0.23713918262360675
11744,0.5884401080890291,0.9755648134325,0.676621891969134
2ac50707-455f-42af-88a1-bb17d8460ab9,-1.6082531257204755,0.04408684908064003,0.023149471277507862
57906,1.623864963313154,0.9986114069776049,0.9429837096313232
17565,-1.133622807247684,0.6457973469501409,0.20441554729922837
223a69fb-cf46-4d84-b15a-169bba478a76,0.679917636574205,0.8979345843296794,0.6140325807373535
16640,0.722126669689627,0.9823280567285445,0.7210631609031152
46390015-7706-4792-b8d8-900021a5dd68,0.28506366276709594,0.690588944035753,0.4268362389254073
23813,0.5015803784001786,0.7699998563071911,0.5076450414404116
625237be-ed74-4d5a-a5f6-c1dc68e215ea,1.1201255633815228,0.9821660509159924,0.7853672477850815
72690,0.09950502822111063,0.6599932735708142,0.3734638468133753
11412,0.9126100061830185,0.9517758365457695,0.7034152615032867
46297,-0.5040592795837724,0.4342784465169608,0.17683623892540726
25100,-0.29284760983265146,0.28687188218593135,0.17090597313518147
62703,0.3485248606193485,0.7604700406678339,0.47163475278651046
56ef372e-0d10-4913-8bb7-29f20e8cdad3,0.7980211481644851,0.9912629680169743,0.7697913689625607
ddd78b4b-c41e-4e04-9585-b35ea4ea9332,-0.034144158854733764,0.41736661602017977,0.2556444698485282
5afef660-b093-4f31-8e6d-3292137c42f5,0.013102616234297204,0.8374070567928025,0.4352672192054873
3462,-0.5904020203991225,0.7916031933700072,0.30887396398971134
4c01e2c2-58ba-4996-8ee1-73d0bd9392fd,0.8866912463477975,0.678962982000084,0.5462274935695913
a80d79ab-9da9-4c8c-a673-e7b26d56aecb,0.862773937426304,0.8819566331635852,0.640468705344384
a37d8b7b-47b0-4e66-910b-4ced525e2d87,-0.8925725672666143,0.14083450480391937,0.07166333238068019
16bd07f2-3062-4b6c-959e-88fe4aa53901,0.4892097758963113,0.9435381712536469,0.6088168048013718
55661,0.2039289456374727,0.8919018012464914,0.5075735924549871
16048,1.391363189495404,0.8134834681921327,0.6733352386396113
7100,1.56211968328432,0.9515638401579454,0.7843669619891398
3307,0.4146054351226783,0.96347138499754,0.6208202343526722
68759,-0.06196756919151536,0.6760956020699853,0.3445270077164904
1964f78b-2950-4255-8a28-95ac2a66e097,-1.541302770109959,0.01929019648006276,0.01771934838525293
71b4ef55-24ac-4e16-904d-28509600800c,1.2302607026640227,0.960612252877007,0.7583595312946556
ce38c7bc-592a-4abf-9081-0ba3f777b25c,-0.6720954895792939,0.2107661923280555,0.10503000857387826
52908,-0.11888596978179145,0.6127157450915218,0.3083738210917405
48915,0.7469275162259359,0.9643011031225632,0.6926264647042012
f0fc25a8-243c-4f12-92a3-22cafd04de8f,-1.4736578464510595,0.7396401155278386,0.22942269219777078
39694,0.2246760665102624,0.9760390320053265,0.5988139468419549
14140,0.5259448428649062,0.4920888107810121,0.4037582166333238
58b03a6b-6cad-44c7-b143-9a6844f52cc5,-0.4245638860146158,0.10133698001522509,0.11124607030580166
31797,0.11235788510833078,0.6498935683448858,0.3730351529008288
28753,0.2082612919068515,0.5145084225184657,0.34188339525578737
5dd98e72-1135-4724-926e-d2dea87f1e8e,0.6113658788454002,0.571644499031955,0.45170048585310085
64846,0.3505635867865721,0.7309084984059032,0.4579165475850243
6578,1.0483622583782668,0.984114157794078,0.782294941411832
53513,0.8304598959138445,0.5802379032807284,0.49849957130608746
39200,-0.2862272456881517,0.5326615572806974,0.24428408116604744
f62bbc00-2ac4-4ab4-bb1f-58c720129ddd,1.5156014576929235,0.9923410045686049,0.8716776221777651
23543,0.6069565782418874,0.9941599265939767,0.7502857959416976
71099,0.2236797618777545,0.62071636372394,0.38725350100028577
a5b86bca-6858-46ce-9c51-bce8ffde5032,-1.3968699414520536,0.1842062592281871,0.05665904544155473
72552,0.2663596540748265,0.4392899711013777,0.3285938839668477
42548,0.20808873535480432,0.9575759353453529,0.5652329236924836
51496,0.27365350951995293,0.2987027128184336,0.29329808516719064
5cc3caf3-96ae-4e6e-b84b-c2087442b065,0.6669509867113145,0.9807267632352705,0.7061303229494141
15813,0.2846426174234705,0.8395807266116163,0.49635610174335526
12687,0.13439988418152882,0.6142546231914916,0.36524721348956846
58631,1.4499434379582734,0.9943957606624155,0.8793941126036011
45063,-0.10895198163272779,0.6931805740459408,0.3413832523578165
21281,-0.2637837428533861,0.28186472429906406,0.17576450414404116
74432,1.8202409917659472,0.9885609447534288,0.8831809088310946
480d8264-5a7e-45d7-8e41-e81cdc8e4657,0.31551660126491154,0.3295612378082916,0.3103029436981995
15436,1.0718450820884358,0.8568815194155288,0.6575450128608173
51924,-1.6022590742730085,0.4389199736044905,0.11203200914547014
d9dea592-9702-47c0-b7b9-671479c0c38b,-1.1636659712676043,0.5351887787766221,0.1599028293798228
bfa3ebbf-9fb0-4eaa-adc1-e76afebe65d5,3.656202712646504,0.9899208183964667,0.9237639325521578
34ae4dd8-00c8-4d82-b42a-58f46bcb8856,-1.4814565107627777,0.35078423637194484,0.0900257216347528
c70e1919-ce1e-4786-a2ea-f878b5986a7e,1.5222672228662817,0.9930665099747048,0.8772506430408689
02d444f3-05da-47af-8ee1-5336972c3b2f,1.8622044211805278,0.9510846126355652,0.8126607602172049
b703ef04-d7a9-4364-a492-785879b34a6e,-1.3188151674372919,0.06325952009212527,0.034581308945412975
35069,0.47305245550412356,0.811932700348747,0.5227922263503859
52579,1.5822364559976034,0.9957755485440561,0.9099742783652471
13034,2.2628767004056587,0.9977356648173472,0.9810660188625322
52070,0.2640521724888443,0.8408124033120801,0.4918548156616176
63337,1.498864930489685,0.9936898387336163,0.8792512146327522
4598,-0.19285368454562724,0.9582878373281083,0.4810660188625322
14597,-0.811673473087337,0.4477079506473433,0.15011431837667905
26410,-0.5485754504595781,0.13376652171916759,0.10181480422977993
63386,-0.10187713151355082,0.2826360773400374,0.20748785367247785
bb808eb4-7830-4ffd-bb7c-7310396260cd,0.6028885355433495,0.9978716193077306,0.7897970848813947
58331,0.5538239915605971,0.9670338763710267,0.6540440125750214
18625,0.736061034113847,0.9891141956542814,0.7462846527579308
51411,-0.2779125420853068,0.6355737352115397,0.2867962274935696
65406,-1.4489793511914077,0.23621980086575864,0.06573306659045441
10a3c105-b5cc-4578-97a4-7d717c38d47d,0.801318155729543,0.9685369412709695,0.7086310374392684
6db8d33c-f68c-4399-b9c6-468ae909260e,0.9089715198583552,0.997049326264948,0.8399542726493283
51990,0.8287445518978337,0.9759099892374988,0.7261360388682481
6f135353-1854-46e9-9f45-b7f3321ce7a3,2.451494447464702,0.9988510977662497,0.9929265504429837
51305,0.3150331960177666,0.5433597585103546,0.37632180623035155
12154,0.5456136101776876,0.9177174993249306,0.5994569877107745
20446,-0.49750761936752685,0.7396945614350218,0.2943698199485567
34449,-0.41257659033214666,0.4527568730641294,0.196627607887968
23636,-0.5131948419494174,0.37715806399507074,0.160117176336096
10655,0.48892314108265134,0.2680893989344287,0.3323092312089168
60447,1.7739949676598612,0.9970936837795031,0.9436267505001429
11be2c7e-908b-492f-bbe5-c1d48d292b6e,0.4714427481818743,0.678766976327068,0.4615604458416691
5d0bb482-9dcb-469d-892c-5f2bc8f48817,1.3621499583999224,0.9772006127758758,0.8016576164618463
19523,-0.09499244703315046,0.24825298602322846,0.2026293226636182
33817,0.7024562541113077,0.9951476357883636,0.7805801657616462
6550,0.17955785300482396,0.41298152446671305,0.3018719634181195
18314,0.5849111058093002,0.07876611221618991,0.3132323521006002
31426,-0.5571835408693504,0.5817270863227328,0.22456416118891112
46065,-0.6691813713900239,0.7966774558729646,0.30337239211203204
c06dad86-57a8-470d-82b8-817a055d17dc,0.9048621209947094,0.9960256381884601,0.8277364961417548
8a3028fe-ed58-4de7-9787-cefbb7d1bbe6,-0.8255746472909529,0.003928293507606979,0.04244069734209774
11067,-0.28028344126787574,0.41895146317651816,0.20641611889111175
5591,-0.37382931390415475,0.33538968838451366,0.17054872820805944
27318,-0.11888697295748363,0.8528591934354984,0.41376107459274075
21235,0.515793807033429,0.8498609105500485,0.5515861674764218
47819,-1.4219540341929169,0.0877867217394406,0.03408116604744212
60286,0.04084873281249035,0.5482129994741484,0.3177336381823378
7c590a2d-a707-4d81-847c-251ca076e174,1.8194678265429107,0.9883188452134277,0.8818948270934552
32939,-0.010368349612545458,0.6678506594462975,0.352172049156902
59493,0.7211408185673926,0.770601915316251,0.5539439839954272
42195,-0.795690208800826,0.7910878257700421,0.2875821663332381
2b140e77-d7ed-4078-b19d-b436226fb077,0.6067914302936687,0.9779893049929372,0.686624749928551
19536,-1.0044785529825957,0.04039243656716445,0.04336953415261503
7c42f2ff-fb08-4933-9790-e5f227ce3cf5,-0.3269135828420061,0.4572148437240747,0.2112746498999714
27915,1.8062491640918386,0.9884842223272176,0.8811088882537867
60475,-0.3747971602843908,0.5298415847924375,0.22942269219777078
34289,0.44732883703207854,0.3762582011314594,0.3493855387253501
26837,0.2174393665013289,0.9239847060280452,0.5321520434409831
2e611b6f-96b5-4816-ae3b-de42688bd248,1.2424813175098854,0.9981940586260535,0.8962560731637611
f3df1a83-86ff-4729-8b34-5f04e71391d5,-1.455560079993621,0.10001928789142286,0.03579594169762789
56141,-0.3360776478452896,0.5275926704106048,0.23435267219205488
9c090016-1c0b-4ee4-8037-0dc5dcab7278,0.5764260687431809,0.967189863926877,0.6595455844527007
47150,0.023045697257821407,0.5822254971625601,0.3276650471563304
68119,-0.15093707846436222,0.5203867820486943,0.2657187767933695
31025,-0.22317613710796136,0.47428862811034184,0.23642469276936268
59458,0.5917929599030409,0.6351330858579037,0.47206344669905687
51741,0.6275460418119856,0.9687750335413862,0.6732637896541869
4505,0.12149163174499938,0.3720656788034971,0.27693626750500144
29a78661-981d-4a0f-9400-210107a5170e,0.4523486588191347,0.9172299138082672,0.5800943126607603
381ccee5-e6d0-4b1a-ad2c-e38dfe592447,0.917957841804429,0.9724924591318955,0.7362817947985139
37038,-0.039437174938454,0.514153753286486,0.2880108602457845
19df7555-a7f4-41be-b3ab-8bf64bb1a926,-0.6713209526413866,0.04591777660661644,0.07130608745355815
74565,1.4258929494143042,0.9938869022388586,0.8716776221777651
25518,0.8557542908788645,0.9490483137031884,0.6904115461560446
20765,0.2121856255024825,0.9385251759130853,0.544226921977708
22072,-0.4078199973949843,0.24715985693334178,0.14511288939697056
61971,-0.5163706692168247,0.557847928024665,0.22077736496141756
2d28b4f9-070e-4b62-8d59-f2161d0a653d,-0.48723903906895727,0.25531853437410773,0.13460988853958272
861ee3d0-20a1-40c3-9aa9-411237a36438,-1.77897744676999,0.12208992378493985,0.03543869677050586
11808,-0.19424375097362434,0.6626507071501532,0.31237496427550726
60677,0.0464518018104953,0.28093641759470955,0.23913975421549014
46257,1.571920423457747,0.9952179574316157,0.9030437267790797
39854,0.5533072945835844,0.6415643078142135,0.46591883395255784
edbfb8d6-63a3-46ca-ac3a-de2d7aae88eb,0.7465963457050473,0.9573322495672482,0.6814804229779937
58943,0.435452683499145,0.9638410265732777,0.6252500714489855
11088,0.22710341931302747,0.3911736758446982,0.3053729637039154
9752dee7-6371-4272-b4c3-a112333128af,0.9880259893314082,0.6754701601356411,0.5600171477565018
42523,-0.006360968937365874,0.3497569459069743,0.24321234638468134
18413,0.27089220080121434,0.973371116005065,0.6046727636467562
11175,-0.461418551736286,0.7074679431419425,0.2854386967705059
61911,-1.2598508654222693,0.03326597487761178,0.030294369819948555
37206,0.8697501189382715,0.961135723122754,0.7087024864246928
28c0c6be-14cc-4e08-81bf-0351cad3bbc0,-0.800891039623558,0.4753752861058884,0.16040297227779365
58717,-1.3250969903434338,0.04576749302003131,0.03136610460131466
36318,0.38449379772605086,0.6850651036944123,0.44641326093169476
a6f5975f-ef2b-47b0-b91e-3ee13ee9a68c,1.1903631660594178,0.468636709260451,0.5096456130322949
b1092e4c-e5fe-496e-bb47-1da71239688d,1.6022011009761796,0.8345315292335174,0.7072735067162046
44538,-0.02872826522968175,0.7199643241813456,0.3698199485567305
42673,0.37349278636391414,0.9205812568186632,0.5650900257216347
6c062638-f317-4e29-8e36-1ec8ff60590b,0.3693242386581017,0.9967950592719528,0.727707916547585
35965,1.3116038933374854,0.9474333326514724,0.75
69669,1.187882840545836,0.9964121261596395,0.8702486424692769
26895,-0.9390130146259061,0.4522654780964974,0.14311231780508718
55072,0.4315453015391634,0.5130471883659762,0.39004001143183764
73528,-1.2367867927593914,0.37440413878971446,0.10445841669048299
35265,0.6999938711450623,0.9577925116338166,0.6721206058873964
7765,1.964985711836538,0.9985598491558214,0.9727064875678766
9e0219c2-06e6-4772-b874-0150c9700ad5,0.003909755906838008,0.21562041753730782,0.21677622177765077
8bb29374-0afc-4200-8277-26b5cca9dac2,-0.30151604227326734,0.30229603487194756,0.1733352386396113
e6cdb068-01ac-48c1-a78c-3ead476b7c40,2.196272390783948,0.996808909229867,0.9691340382966562
8fa2038e-309b-40f0-8814-1a06e3abda55,-0.14508856697332984,0.5563142091953346,0.28100885967419265
12690,0.39462748821233107,0.4395655582749444,0.3571734781366105
34742,0.30341770234244947,0.7068487472167455,0.436981994855673
36087,1.8699281898065927,0.9969420018172608,0.9507002000571592
d0afa4ee-c1ca-4c88-baa0-7fcaf602cf2b,2.176852242541017,0.9887442446670334,0.9074021148899686
976fc83d-4dd6-41cd-abc3-43b53de87cc7,1.7020792686480906,0.9836320058616776,0.8567447842240641
17334,1.1563690431165763,0.9804935592766749,0.7855815947413547
44941,0.5374358897499515,0.47862074867094795,0.40090025721634753
832790cb-fc8f-406d-9bab-ff7105b986bb,-1.3429295886596957,0.19019406327611024,0.06023149471277507
518d311d-0452-4315-96dd-be36be4bcdaf,-0.7705322606431955,0.24377978150379936,0.10217204915690198
19030,0.18103326438596234,0.5961407676560502,0.36817662189196915
27468,-0.04897976402090032,0.830761171499456,0.4184767076307517
349,-0.12721858501863137,0.7648477325942558,0.3688196627607888
716,1.6930473118570968,0.9950099033708911,0.9140468705344384
53592,1.1066208719255894,0.9682226741228687,0.7546441840525865
59099,0.020559908924367654,0.8147981009279538,0.42555015718776795
8815,1.439138151176869,0.9922401542924093,0.8614604172620749
c963f3e3-286c-40d6-8efc-5f1fd2267262,1.6077636318459643,0.9955636461907077,0.9102600743069449
12394,1.1153292077431538,0.8357398622575407,0.6508288082309232
51409,-0.6376273238438941,0.8266595061470675,0.31937696484709915
62488,0.7379895188370618,0.9545442954135581,0.6753358102314948
25779,0.7769420575779139,0.886854678064999,0.6281794798513861
14903,0.38626149171768565,0.4437113481953281,0.3566733352386396
25206,2.079631741566401,0.9976576445993588,0.9730637324949987
2e6c243e-9cdf-450c-849f-52424d965ed7,2.1176003180473186,0.9640246413908518,0.8493140897399257
41587,1.2071596249789334,0.883150697407372,0.6895541583309517
71246,2.0446467156360963,0.9944962633783363,0.9366961989139755
3607,0.8513614118416072,0.992548879915854,0.786510431551872
67132,0.3129907977830234,0.8429484510229674,0.503858245212918
5775,1.9103464259806344,0.998501046315168,0.9684909974278365
14415,0.22785651952767733,0.7359870259772482,0.43255215775935985
6171,1.205378222060314,0.9872788678911819,0.8111603315232924
db40d1a9-577a-45c8-89f5-9f87f21a4192,1.4067178682871901,0.9176024419930224,0.7349242640754501
29468,-0.16015407697990447,0.21928273841971319,0.18262360674478423
a990e143-b6a4-4929-aedc-183a0ab56de5,1.478152108930754,0.9730885476887076,0.80723063732495
58488,0.20814959941603273,0.774741004538247,0.4465561589025436
18690,0.20630632502255913,0.9583595954465085,0.5660188625321521
41025,1.098426319294291,0.9926890750526056,0.824949985710203
31929,-0.1750400899387916,0.6357622177441992,0.3063732494998571
62353,0.15834539132219017,0.7536494107386096,0.42690768791083167
2aeb4732-3eeb-407a-a5d7-79f8f9f40b3f,-0.8026790716046965,0.5338333522828738,0.18076593312374964
eddde663-c6f8-4bde-a228-34edf2748f51,0.01424142649973048,0.4948848519776155,0.29258359531294653
ca680781-3180-450d-9382-4be56a57d4bb,-0.9146534068598215,0.15334368329010878,0.07366390397256359
42544,0.49653622608945974,0.9916622308919535,0.7082737925121463
50692,2.1745593206872647,0.9986671979713044,0.9853529579879965
f0378365-bafb-4369-b09a-ee617a5e5958,1.101815102427334,0.9690278021971476,0.7558588168048013
eef58a4e-7204-400c-a8a0-f1c4b53cb0cc,-0.5679772876582379,0.17837847476453073,0.10874535581594741
60692,2.083061687052739,0.9979388307231178,0.9760645898828236
4a822a75-f158-49ff-a441-813fab025b43,1.9871537794302934,0.9982550141329044,0.9721348956844813
14450,-0.3267563618709963,0.7905005406455292,0.34445555873106604
29594,0.8775818808660449,0.6547910673484191,0.5350814518433838
3f455d93-8528-4e96-ab58-43b0bb34565d,-0.47032875528718576,0.18131242252254254,0.1218919691340383
69789,-0.46323050983303493,0.6344272435642571,0.25671620462989425
e003278f-ec69-48ae-8031-8e587b151815,1.464832763048075,0.9550216307783572,0.7770791654758502
43f50b43-be73-4dc4-8e27-a71e4d03c7b0,1.1003288577228028,0.9807612646091627,0.7792226350385825
2f6fb38a-683e-4884-854e-2bb0278e86c9,0.493742940281019,0.9245457064153524,0.5930265790225779
128d88b3-ea62-4f3e-b1dd-60383faa7bb7,0.18101982505501746,0.792312513156947,0.45070020005715916
48175,1.8251426114212796,0.9975513175529802,0.9535581594741355
920,0.7331140739763982,0.9942425467896847,0.7770791654758502
58657,-0.4288281343133161,0.46589712184779053,0.19841383252357817
7828a997-87e0-4300-b59a-0575b90a62ec,2.6073558488386688,0.9773199771215779,0.8826807659331237
b10fba19-c377-4cde-8ce9-9f509e83b3db,-0.7213582120594175,0.0032590634766182587,0.0512289225492998
54462,1.1408336353510995,0.9927152327989045,0.8303086596170335
50883,1.172488651140926,0.9960478672000641,0.8646041726207487
29516,0.9278415791196399,0.977826808430355,0.7482137753643898
69066,1.0882997324973323,0.9611252356576906,0.7416404687053444
63419b6e-7d45-42fe-8914-32c40a063597,-1.261136400617074,0.008023582998315314,0.02172049156901972
16923,0.04251815546562382,0.47791256912092206,0.2937267790797371
8f7839a3-8a93-44e2-8064-fe793841cc9f,-1.3661167234954845,0.009381039196846925,0.018576736210345814
47289,4.8402264649897075,0.4966513265491708,0.6233923978279509
2078,-0.7365169056311198,0.628949405150895,0.22427836524721348
32697,0.05674211097221715,0.9302075543534075,0.5027150614461274
49272,1.2935339661386152,0.8980905305862951,0.7087024864246928
74016,0.09089351359997094,0.24214039321136616,0.24214061160331524
a089d800-6e18-44b2-bbae-a41e4215dfe8,0.6915860935576574,0.9967970958293167,0.7967990854529866
45510,-0.48820666859620276,0.764396530096411,0.3074449842812232
33467,-1.3971684089640959,0.03973231665285169,0.026793369534152615
24352,0.5009797757143679,0.9582691059778695,0.6296799085452986
c81d87f6-1cee-45b2-8fff-625f6b22bfcf,-0.6437732830310932,0.2350073603354887,0.11288939697056302
57054,-0.017656134894232345,0.9885264262411432,0.5805230065733067
18954,2.0204029011241342,0.9968058824035735,0.960845955987425
14350,0.18114191885511843,0.904289097755489,0.5115747356387539
52719,0.14906405633919312,0.5718384637197583,0.35160045727350675
4d09325a-020c-486d-8199-2ba7d928324d,-0.1855864312045683,0.8253397815349471,0.3871820520148614
48242,0.31503885175668433,0.8693686023160822,0.519148328093741
8f51a558-13d2-42cd-9bdb-54aea6d8a61f,1.2428071736328197,0.5309068143765909,0.5371534724206917
2520,0.7410936563994153,0.9629560072438347,0.6884109745641611
a5bf38e0-6044-4dc5-9e75-3caaf13d65bd,0.05570901674544221,0.15304549100747547,0.21556158902543585
4c564dcb-ca45-43a2-9524-6ff551ae2c83,-1.0927453227401778,0.5524211702285073,0.16997713632466419
46841,0.27569250354229596,0.686682455796996,0.42326378965418693
705,0.3198776296255107,0.4018404141264895,0.32966561874821376
34017,0.12713438554893447,0.598945585653278,0.35724492712203487
59014,-0.05610921010859926,0.43738280048361944,0.25771649042583594
b63ce745-91f3-4d87-bb8e-ee5f7edee8c5,-0.4471660514910787,0.45483033381597576,0.19219777079165476
13107,1.4409883315702705,0.9945803122658065,0.8801086024578451
5e4fbf1f-554b-4e88-b775-60f462ca58f7,-1.323261710370621,0.011688492526513198,0.021577593598170908
1ffd5d4f-f32d-45a1-8762-9e5fae751bd6,0.18056905103375553,0.8744482455587002,0.4936410402972278
b1f88cd9-5b65-43ac-a0cd-c7bc6a40b9e4,2.055784770678012,0.9487705754406279,0.8243069448413832
41800,1.8695501568810657,0.9971414992770042,0.9527007716490425
7c057266-438b-4223-8344-73ab7a48fe88,-0.11811625570963247,0.14002336791681477,0.17440697342097744
24e528dd-0cdb-4099-be40-96916a1be0ae,0.8301699106219411,0.879493695123153,0.6331809088310947
01b5b958-90fd-4a87-95d1-6733f8e652e9,1.455493469275348,0.8899547873565301,0.7222063446699056
40410,-0.46131151339704213,0.6013195201824657,0.2449985710202915
21049,0.2637716961360529,0.8567718859393086,0.5002857959416976
46697,0.44091938495921745,0.8285699337919156,0.5232923692483566
23489db4-5052-4af7-bc96-5f6ae9d5330a,0.7506733220335062,0.6371940209147844,0.506144612746499
48117,-0.2892307325802437,0.7562172711781616,0.3336667619319806
72462,-0.6710125238493461,0.5581086159819845,0.20320091454701342
44222,0.06041707987582673,0.6673521039786059,0.3679622749356959
12cf1fb4-a565-4a54-a2e3-793f4147c3da,-0.4507571966574583,0.21569180588733888,0.13268076593312375
19933,-0.2682639862443329,0.5266238444161934,0.2458559588453844
23302,-0.6750394947551188,0.9000794967152818,0.3577450700200057
c4900a29-48e6-4d6c-b042-0c431d3cc40b,-0.1403033615675986,0.5564809473426495,0.28158045155758793
35037,1.9255920325516291,0.994462726408425,0.9272649328379536
51273,0.28009939518063176,0.6869593361458667,0.42426407545012856
68436,0.6964005926910775,0.9026387129570399,0.6206058873963989
5272,1.3784125657562925,0.9903518547343131,0.8445984567019149
8324,1.8357366783247213,0.9965073477542868,0.94276936267505
31037,0.1789607313633222,0.9681614151222803,0.5753786796227494
e67f8a3e-00c2-4862-af6d-1330a2ea0e81,-1.3238172720025494,0.02682984058668632,0.026793369534152615
31516,-0.2004051380796712,0.6126791834248174,0.29258359531294653
6ec30f47-f9d7-4eaf-90a4-e2c0bc0b4309,1.1136040999101247,0.9983051753672803,0.8811088882537867
7828,-0.3780597184645812,0.9576246492381915,0.4472706487567876
19247,-0.7593328205189813,0.15612360349581103,0.08466704772792226
28795,-0.22590718313331304,0.5014410309881685,0.24507002000571593
47024,-1.5935679726700342,0.715351373270533,0.21677622177765077
edc700f7-6041-41d1-9441-de57e638fe65,-0.9779829576217536,0.19137517699117454,0.07673621034581309
43772,1.668346258559856,0.9948511397992655,0.9099028293798228
b6b9d289-2325-47ed-a5be-531c493ee5cc,-1.0730948153945814,0.15210325575718178,0.06330380108602457
18697,0.36259745421566086,0.9265161450926667,0.5670191483280937
13265,1.1602222661419623,0.9952006018406924,0.8548871106030295
27000,0.5820576543967882,0.22422401195300373,0.3443126607602172
16616,0.31217139902104063,0.989987029563248,0.6596884824235496
32444,1.9406420608150614,0.9984871951288908,0.9700628751071734
9974,-0.28399235836385506,0.9542914419539327,0.45741640468705347
25268,-0.29543538155139837,0.6805747937299313,0.30008573878250927
70eecd88-b6f7-4310-904a-6e0ddccc6773,1.22977378367646,0.9213284277059836,0.7176336096027436
68866,0.3884423009798093,0.7917469302011725,0.49585595884538436
812b05af-5c46-4ca2-a901-ece9dfe36089,-1.2385239768543497,0.5625174293373447,0.16819091168905403
38494,0.9356715971062917,0.9636960097417433,0.7252786510431553
b99fe5db-c858-4506-bc66-8d02728b109c,-1.139180609113817,0.030959098089506105,0.03436696198913975
24813,-0.5467690449020082,0.9289745583870467,0.39254072592169187
1d31af05-a396-4d0a-9549-c7d8f12e8585,4.94853809764171,0.9912706313651729,0.9314804229779937
65950,1.9296418799354869,0.9945729333926355,0.9285510145755931
43069,1.1604586988454404,0.9867408884009907,0.8045155758788225
e12f02a8-c83f-458f-8bdc-1d8e6137e4d0,0.3735476224246768,0.6078351564914738,0.4151186053158045
5393,0.36663863545330566,0.35546253174711534,0.32716490425835953
33981,1.0076215253064817,0.759332326379559,0.5996713346670477
7480,1.4200141717859787,0.984965766240906,0.8288082309231208
df4b0bf5-db9a-407f-a32c-ecac658b7eee,0.93218877542807,0.9971467048038635,0.8458130894541298
27456,-1.7715281696618674,0.022706066212427614,0.015218633895398685
a5cdef78-dae4-4eb0-9a94-c31540633d44,-1.4407347164556283,0.0288676710149673,0.022506430408688195
44182,1.7482088973839653,0.9901154321586456,0.8836096027436411
67220,2.1707168960110703,0.9955267186681231,0.9535581594741355
13701,1.226138748351115,0.9961402720713328,0.8726779079737068
9357,1.6571733553779715,0.9971771184383218,0.9341240354386968
59425,1.7601272451292038,0.9940436266188059,0.9097599314089739
1859,-0.29885805010080546,0.9611612021279494,0.46491854815661615
35203,0.9630023170813156,0.9362075092218203,0.6949128322377822
29739,1.499876516986175,0.9986490178142359,0.9291226064589883
66759,0.3982364947807724,0.7083520918468308,0.45941697627893685
37426,-1.1556001342176305,0.07388838842854167,0.04215490140040011
69864,0.05177210897438883,0.6554614705758998,0.3618176621891969
22500,-2.1529984611753816,0.007580174158680705,0.005501571877679337
5520,1.6615299595116515,0.9858115025383342,0.8601028865390111
9b823480-bd28-4804-8427-9d06819a2505,0.03002774935879915,0.4579000922764912,0.2835095741640469
38493,0.17401073144971796,0.9160777202458157,0.5185767362103458
4912,0.7691660672912626,0.9923257274047373,0.7706487567876537
06c5db71-7a76-4a83-b30c-20e9f73d2ee2,0.14168353732329686,0.5202715593249262,0.32966561874821376
42799,-0.22892275878663215,0.3450145269714621,0.1966990568733924
18502,2.3122220979925387,0.9915342562253527,0.9254072592169191
20779,0.7954341290663358,0.5095239369301088,0.46484709917119177
56119,1.3127401356049773,0.9950861744019563,0.871320377250643
30716,0.37263186660814146,0.9076680017962176,0.5557302086310375
15971,-0.24092940743337177,0.4909101588793469,0.2386396113175193
26107,0.841278327374348,0.9023783375927806,0.6479708488139468
54749,-0.7250651600625782,0.620060066759559,0.22270648756787653
58355,-0.059400223441792854,0.5617604217335441,0.3023006573306659
26401,0.6633675919293407,0.4958262097918905,0.4344812803658188
60353,0.3988968882135604,0.9390016313817167,0.5870248642469278
33701,-0.1350544510097198,0.5754787746878582,0.2900828808230923
104b0f69-4377-483f-a007-1de3e6154ab1,-0.13762115219182036,0.6825090694351605,0.3299514146899114
376,0.48765365524062837,0.5927190157243727,0.4330523006573307
65883,1.5503916407046012,0.9930490038064279,0.8806087453558159
22418,0.7701005279539508,0.5426197394328652,0.4729922835095742
24423,0.07730631019142614,0.9246821383161719,0.5032152043440983
46747,0.5608690044086623,0.9551653708547869,0.6383966847670763
4ab45f0e-1238-4c6e-9fec-b45aad04b22e,0.37868218615151245,0.8529867557738491,0.5236496141754787
73126,0.36958681148141953,0.644303485857417,0.42755072877965133
33538,0.6013027840541147,0.419999686098332,0.3946841954844241
7146,-0.5522954845334895,0.8773096432493129,0.3576021720491569
5cbf0d22-a83b-4a68-ace8-8ba94b445dde,-1.1138479660549785,0.15228510377086069,0.061088882537867956
49422,0.9437016310190569,0.994775903676646,0.8205201486138897
330caa50-410c-48ef-8e46-8e48ff748bbe,1.2633109534178928,0.990436512628365,0.8313803943983995
6925,-0.2987758218225013,0.9274543843265582,0.42826521863389544
31000,-0.015433859737413291,0.7534098897147752,0.3879679908545299
6998,0.5739510551948772,0.7897204703343749,0.5335095741640469
50306,0.1461117705827128,0.4624584133683335,0.3106601886253215
067775fd-e0ed-44b9-9bf9-c8a65b520939,0.9299674698018574,0.5307790313524208,0.49642755072877964
5615,1.2300253900992768,0.9367601557738846,0.7311374678479565
15780,0.04852013526452359,0.7792142259105205,0.41426121749071165
083cfed4-3b2c-4382-874c-80e7824a1000,1.5501082652343707,0.9666704198795678,0.8040868819662761
c081c7ef-5faf-453c-a281-7b649ac1a1d2,-1.4220338706941347,0.25743078611096004,0.07016290368676764
15091,-0.093502800368226,0.6386654863851708,0.32444984281223205
25042,-0.8769260120201456,0.7322597935544367,0.2540011431837668
22722,-0.08333406629758044,0.7812003022578786,0.3871820520148614
0507a74f-64fa-4642-9755-02649d51888f,-0.014788032724764144,0.972027163173429,0.5393683909688483
53114,0.8924546696145202,0.5831174018055891,0.5111460417262075
7447,0.9530086020478965,0.9959716451654477,0.8339525578736782
2039,-0.7309292604974109,0.81574896251373,0.30601600457273503
10318,-0.03240727759123152,0.49387229110212433,0.2822949414118319
8239,2.202018316309931,0.9973532511448109,0.9748499571306087
43150,0.050687940192784275,0.8889575745570139,0.47263503858245215
223eded3-5812-4e93-8d64-b17cb66bed85,1.9634120032506914,0.9978285469746002,0.9668476707630751
e9a9a5da-f3d0-44b5-ae69-126804bba9d6,-0.5069918535178894,0.013258575874158402,0.08059445555873106
5d272f63-ab09-474c-9401-ce76c4ac9915,2.8092932358219125,0.9827719328669162,0.8983280937410689
66831,1.194119576611679,0.9592464269911213,0.7514289797084881
c4e7b36a-e557-4a72-bb8e-7321beaaff64,0.6065189191560179,0.46183901838590896,0.41040297227779365
69705,-0.029606391933383436,0.5065162735741782,0.28665332952272077
9f92fcb1-d00b-4640-bd3f-8ffee4385ff6,2.064687006919855,0.9550854525196778,0.8326664761360388
53106,0.33969521415278087,0.8369262644276699,0.5074306944841382
57512,-0.8481770397774979,0.24034100518304038,0.09609888539582738
74595,0.05659735324835563,0.818848807803162,0.4354815661617605
c2045e06-7958-49c8-9ab6-ba0587841649,-1.0177003617639169,0.36000279122096657,0.11038868248070877
22250,0.5795000643231396,0.34706589988441267,0.37046298942555017
59453,1.1386561994844366,0.9940092065468163,0.839382680765933
48646,0.04151012849182256,0.4385135721697501,0.2790797370677336
05c6a3ef-4130-496a-aafb-6484fd36976d,0.8658605287341532,0.9966960732455289,0.8285224349814233
56cd6719-c7c9-47d3-af41-6336124f84ce,-0.14129635957160758,0.2380941786470009,0.18983995427264932
35936,-0.1963897214439665,0.7385081570914279,0.3432409259788511
39265,1.5035074714092471,0.9870564731830087,0.8452414975707345
54713,-0.20092532406541497,0.18792488700922447,0.16833380965990283
8421,-0.3318605516276689,0.5599366326241592,0.2487853672477851
34bbac9d-53a2-448d-beaf-f0411e110309,1.2764033601242413,0.9709504438365711,0.780008573878251
14563,1.3580186550582933,0.9929065123372715,0.8572449271220348
cf0906b3-8f21-42da-acc8-8bb33c82d74b,0.0909046603815265,0.637875939325418,0.36438982566447553
32917,-0.7202925873564645,0.664804900521911,0.23842526436124606
55151,2.866597778721691,0.9853951107148557,0.9061160331523292
29076,0.2564879013591471,0.866658001115655,0.5040011431837668
18336,-0.32027456346602745,0.3229395935547707,0.17562160617319234
c259ade9-8369-4a85-a520-8294336a214c,0.4833235338632082,0.9134152625348649,0.5830237210631608
46280,0.37631434744530096,0.9934872009998006,0.6953415261503286
45136,0.8797397810749121,0.7414075245413799,0.5713060874535582
27408,0.0820619834567276,0.782352179336712,0.423978279508431
11276,-0.436760430284574,0.7342361514990676,0.30030008573878253
25021,0.3931362660880777,0.7241005613861622,0.4644184052586453
30246,1.309272145637544,0.9891468743927909,0.8304515575878822
13792,-1.3981757884764867,0.13389916601341476,0.04579879965704487
1be98cda-ef55-4202-8c46-0c4148c9abaf,0.6161514521703475,0.9641104240514164,0.664332666476136
1d3dc87b-bd77-4885-8f13-326926036e13,1.69272220322985,0.9718279049028589,0.8288082309231208
3651,-0.6218068532495118,0.2728867821468355,0.12160617319234067
863,-0.058151611056284636,0.15235078383577697,0.19112603601028866
17869,1.3773921799733686,0.9942103815531751,0.8693198056587597
35735,-0.1068387756960767,0.42136517548388897,0.24092597885110031
28708,0.4294738588102052,0.5509642705868447,0.4044012575021435
9f190436-3aa5-4a12-a871-faae43f72365,0.0629253493880812,0.964119485054645,0.544226921977708
58521,0.26550446176643094,0.9647357071490998,0.5890254358388112
c92f1256-f018-4568-950f-b821b97f97c4,-1.043981536368913,0.09320711658617174,0.05051443269505573
14535,-0.2012153528086994,0.46816929131816687,0.2387825092883681
20413,-0.388267502924019,0.8546695578225126,0.3668190911689054
0220b5f9-82e3-4e68-98a1-fdf27e859d38,-1.4941553908631486,0.010391953332791914,0.014932837953701058
053771c2-b0dc-44e2-b111-6683be4affdb,0.2140238544696276,0.8998538234894059,0.5144326950557302
327a26e3-1029-4f30-9da9-c3870b90f124,0.08033479351431227,0.6764657932741899,0.37553586739068306
35289,0.26290802171228056,0.8936422600107758,0.5211488996856244
67373,-0.4669518800489473,0.1902447330131356,0.1248928265218634
7273be33-f3f0-40b5-9a39-65b1786027ef,1.8417320673698192,0.9336596645382875,0.7939411260360103
20111,-1.1733790317984303,0.16868599769839515,0.06130322949414118
18307,0.6862344545510597,0.7763577207334657,0.551086024578451
25512,-1.5386286296810254,0.16231719362491023,0.04765647327807945
7e12ba9a-fb09-4d99-b8b8-b50a6eae87b6,1.1841700880964283,0.9757292960958366,0.7773649614175479
4197e497-759c-4216-8d45-91cc43888904,0.6310394184880489,0.4602366151180418,0.4146899114032581
2055,0.5131996922649542,0.8022922773364519,0.5280794512717919
afef97a7-885d-4957-b0fc-94057629bf9d,0.9688608410350082,0.7739584376400124,0.6003858245212919
a26d3092-8edf-458c-926c-fa381f9cb2d2,-0.11500635550319571,0.22924258043541776,0.19419834238353814
643b02ab-a628-4ebf-9ed3-e318b924251d,0.5581459350422401,0.8156944875192509,0.5432266361817663
59250,0.5715855880300126,0.9908506208968696,0.7197770791654758
d522a3f6-ef9e-4292-b7bb-f5e7cfb41ba6,1.083527199906261,0.7421573761863451,0.60181480422978
24001,0.9616871162036427,0.9500486215918013,0.7087739354101172
10408,0.2611131861357593,0.3850213531654627,0.31101743355244355
66391,0.02089187551842464,0.4909871461274118,0.29265504429837097
5cd86083-dc5f-4879-bc6e-dedb905e2529,-0.5694360074531077,0.533788026577501,0.20384395541583308
7130,0.3247496635130186,0.6894993700913706,0.4354815661617605
60867,-0.24559903408869943,0.22851918268457258,0.1690482995141469
21808,-0.24015385296890246,0.776167084817097,0.35281509002572164
27871,-0.7638848844283017,0.4375862353355321,0.14982852243498143
16319,0.4194708031872685,0.595870210111066,0.41976278936839095
8753,0.7192089372876334,0.6725956264906804,0.5115747356387539
56388fc5-0356-41ae-a746-53a4e1389eb3,1.0512976093326918,0.6285978038003198,0.5525864532723636
41687,0.6583828576354541,0.994142351951003,0.760360102886539
cb92487f-e650-4fac-ade7-6203cb51b63c,-0.06315072880177186,0.48719849271932225,0.2734352672192055
8246,0.8961424865981346,0.959138258161716,0.7106316090311517
a6f9df7e-c6ad-46ef-8391-9919dafe3276,0.05188384347731495,0.7769779525181363,0.4141897685052872
10826,0.15211661132698434,0.9577476475823241,0.5540154329808517
58217,-1.9868568379917473,0.17521326223777742,0.04486996284652758
13128,-1.266998953749428,0.42930707635900295,0.11796227493569592
56052,0.525594575002382,0.8560889984955842,0.5570877393541012
36149,1.012533630067952,0.9483647086678892,0.714346956273221
43341,-0.3344527040274704,0.412501662063319,0.1956273220920263
44168,1.422287549636488,0.9934978767737455,0.868319519862818
14a767fb-5092-4118-9d31-d678282db3b7,-0.09193947592490126,0.7108585426139039,0.35317233495284367
f63d2eeb-3f67-465d-8e14-83bc29cd1f05,1.2568514585322024,0.9879332134395054,0.820234352672192
7313,0.9231496096236902,0.9863509515484673,0.7715775935981709
44034,1.2774308544194755,0.9863436975468043,0.8174478422406402
65037,1.1112980515253739,0.9642317211102293,0.7494284081166047
52349,0.9681561589826515,0.9795072244774014,0.7570734495570163
3d727723-f0c7-44b2-a2fc-742322e92aac,-0.0563636323837049,0.4786479156859953,0.2727207773649614
375d8ce0-ac03-445d-a2ed-e3fb36b3b022,2.5034476467951707,0.983707934497938,0.89818519577022
3483,0.17826182605546925,0.5638514623135438,0.3555301514718491
7956,0.7649445652029665,0.8016236532557689,0.5808802515004287
65098,-0.5652159059914239,0.7255636072096829,0.28000857387825095
3ff9ba58-a9e5-40a9-b15b-8e04b5b0c53d,1.4067687959727477,0.9527293562718179,0.7670048585310089
ca28acb2-5549-4f16-b259-53d0b11e44f8,0.7639236828371795,0.9096044723336257,0.6397542154901401
74414,0.4071866189014429,0.7492863379295777,0.4797799371248928
63068,9.649994681398983,0.7657868621395957,0.7314232637896543
30474,0.7440434510690257,0.8056424347499155,0.5787367819376965
44572,0.9289376745815779,0.981276891030655,0.7577879394112603
5516da67-e5a0-4f8b-9b40-a20e933f8ffd,0.24848898824996682,0.604456519309982,0.3853243783938268
38892,0.672373483104637,0.8381196310076283,0.5790225778793942
f071994d-9ef0-48ae-bac2-aa36a7026aba,-0.13880797163554182,0.7212502655384992,0.34574164046870537
59141,0.10655527104287033,0.905712249293204,0.4959274078308088
8add59d3-75ac-461f-94f8-d930c17ae6bc,0.8712651887284424,0.9673134787016467,0.7184195484424121
72144,10.047887648634552,0.7623536401456863,0.729637039154044
6e1faea8-14fd-419e-a64d-5d46663f0f7d,2.259319363355024,0.9575138781595285,0.844098313803944
41358,1.3713333821418299,0.7224024678526274,0.6276078879679908
58431,0.23434870454420467,0.8711025053346687,0.5020005715918834
73816,0.2215269968196345,0.8566456289329897,0.49114032580737355
9e8e30af-ab27-4d01-b15c-c14bc311ab0c,0.8891358255434221,0.35295399156576784,0.43340954558445266
52528,-0.3273763807443233,0.36243666911002864,0.1832666476136039
0a0c71fc-42fd-4868-8ba0-aa9101293883,0.15596029500947395,0.7401565852079396,0.41997713632466416
58576,0.05703078344210455,0.5739712496726885,0.3315232923692484
151d49d9-69ad-496f-bce1-935586964c7c,1.9092241105473957,0.9489109389971877,0.8142326378965419
55197,-0.2477464916342903,0.9173514258523383,0.43033723921120315
62529,0.3102210593882564,0.5585221159496586,0.3813946841954844
65440,0.6422889024054091,0.9744750174155316,0.6861960560160045
56993e15-7453-4815-b389-18ae5d135401,-0.13616487806346167,0.264674530273636,0.19541297513575306
d1a52734-6cd5-4d36-b1e2-f3e141430adc,1.0796065272157425,0.8764180424464776,0.6699771363246642
06444592-8cc5-487a-b7dc-1f4747561976,-0.41095217774096027,0.6777250033186372,0.28065161474707057
31914,0.4752094621779683,0.9392361641998335,0.6024578450985996
c5278cb5-ac51-4853-a0d7-1fc4d35b7e28,-0.6074785329794321,0.16069601456410956,0.10110031437553588
14038,0.7149957239247002,0.34892476029037556,0.39897113460988853
24293,-0.41793596412319745,0.7915642960820488,0.33102314947127753
72583,1.0007440654314386,0.8645151113142387,0.6517576450414404
67070,0.9246058530031551,0.8962915107450274,0.6592597885110032
